date;time;open;high;low;close;volume;sar
20.02.2025;12:50:00;8521.2;8521.2;8500.0;8501.9;2514.0;0.0
20.02.2025;13:00:00;8501.9;8510.4;8500.0;8500.0;4456.0;8521.2
20.02.2025;13:10:00;8500.0;8500.0;8487.1;8491.0;5432.0;8510.4
20.02.2025;13:20:00;8491.6;8495.0;8482.1;8491.0;4822.0;8510.4
20.02.2025;13:30:00;8491.5;8491.5;8475.3;8479.4;7830.0;8510.117
20.02.2025;13:40:00;8479.4;8498.8;8453.1;8497.3;12228.0;8509.76883
20.02.2025;13:50:00;8499.0;8506.5;8480.1;8486.8;3930.0;8509.2021417
20.02.2025;14:00:00;8492.2;8492.6;8469.6;8472.4;1991.0;8508.641120283
20.02.2025;14:10:00;8470.4;8476.0;8463.2;8469.8;5742.0;8508.0857090802
20.02.2025;14:20:00;8468.4;8484.2;8465.0;8476.3;4049.0;8507.5358519894
20.02.2025;14:30:00;8472.8;8478.1;8458.6;8465.1;8614.0;8506.9914934695
20.02.2025;14:40:00;8464.1;8471.1;8459.3;8465.0;2063.0;8506.4525785348
20.02.2025;14:50:00;8466.0;8468.0;8453.0;8454.4;2818.0;8505.9190527494
20.02.2025;15:00:00;8454.3;8457.6;8430.3;8448.4;12490.0;8505.3898622219
20.02.2025;15:10:00;8450.0;8452.8;8443.0;8450.2;3174.0;8504.6389635997
20.02.2025;15:20:00;8450.5;8469.7;8444.0;8469.7;5089.0;8503.8955739637
20.02.2025;15:30:00;8469.7;8490.1;8466.9;8472.6;6670.0;8503.1596182241
20.02.2025;15:40:00;8470.7;8479.8;8453.7;8462.0;3921.0;8502.4310220418
20.02.2025;15:50:00;8458.9;8480.0;8457.4;8470.3;2647.0;8501.7097118214
20.02.2025;16:00:00;8470.6;8474.1;8460.0;8460.0;4786.0;8500.9956147032
20.02.2025;16:10:00;8460.0;8470.8;8454.0;8455.0;5486.0;8500.2886585562
20.02.2025;16:20:00;8455.2;8462.0;8446.0;8448.8;3295.0;8499.5887719706
20.02.2025;16:30:00;8451.3;8457.6;8449.5;8454.3;1507.0;8498.8958842509
20.02.2025;16:40:00;8455.3;8455.4;8412.1;8420.0;8739.0;8498.2099254084
20.02.2025;16:50:00;8420.2;8442.4;8407.0;8432.6;9265.0;8497.3488261543
20.02.2025;17:00:00;8430.4;8433.2;8407.0;8411.9;8736.0;8496.4453378928
20.02.2025;17:10:00;8413.3;8430.0;8402.6;8422.3;3054.0;8495.5508845138
20.02.2025;17:20:00;8424.6;8434.8;8382.5;8411.3;16084.0;8494.6213756687
20.02.2025;17:30:00;8411.2;8438.2;8411.0;8420.0;6428.0;8493.500161912
20.02.2025;17:40:00;8420.0;8430.0;8408.0;8408.0;5633.0;8492.3901602929
20.02.2025;17:50:00;8408.0;8420.0;8406.0;8410.7;3513.0;8491.29125869
20.02.2025;18:00:00;8410.7;8426.9;8402.1;8403.4;9969.0;8490.2033461031
20.02.2025;18:10:00;8403.8;8417.7;8403.5;8411.1;1814.0;8489.126312642
20.02.2025;18:20:00;8409.4;8412.3;8388.5;8402.0;8301.0;8488.0600495156
20.02.2025;18:30:00;8402.0;8402.0;8384.0;8386.0;4317.0;8487.0044490205
20.02.2025;18:40:00;8386.0;8390.0;8383.0;8383.0;3256.0;8485.9594045303
20.02.2025;19:00:00;8390.0;8413.1;8383.4;8410.0;1782.0;8484.924810485
20.02.2025;19:10:00;8410.0;8413.2;8374.5;8374.8;2617.0;8483.9005623801
20.02.2025;19:20:00;8374.8;8415.6;8373.8;8403.2;4479.0;8482.8065567563
20.02.2025;19:30:00;8402.0;8406.4;8390.0;8390.0;2358.0;8481.7164911887
20.02.2025;19:40:00;8391.4;8391.4;8372.5;8373.0;5858.0;8480.6373262769
20.02.2025;19:50:00;8373.0;8377.3;8372.0;8372.1;2270.0;8479.5559530141
20.02.2025;20:00:00;8372.2;8375.0;8330.2;8334.5;13980.0;8478.4803934839
20.02.2025;20:10:00;8335.0;8352.8;8334.5;8334.7;7307.0;8476.9975895491
20.02.2025;20:20:00;8335.0;8350.8;8332.0;8350.0;3133.0;8475.5296136536
20.02.2025;20:30:00;8349.0;8372.4;8343.9;8360.9;4985.0;8474.0763175171
20.02.2025;20:40:00;8360.9;8361.2;8353.5;8353.5;1034.0;8472.6375543419
20.02.2025;20:50:00;8356.5;8365.0;8349.1;8357.5;1436.0;8471.2131787985
20.02.2025;21:00:00;8355.3;8371.8;8353.4;8361.5;2282.0;8469.8030470105
20.02.2025;21:10:00;8359.3;8363.7;8342.3;8342.3;1573.0;8468.4070165404
20.02.2025;21:20:00;8342.3;8359.0;8340.5;8359.0;965.0;8467.024946375
20.02.2025;21:30:00;8358.0;8359.0;8350.0;8353.7;2242.0;8465.6566969112
20.02.2025;21:40:00;8352.1;8354.7;8348.4;8351.5;789.0;8464.3021299421
20.02.2025;21:50:00;8353.5;8362.8;8353.5;8362.8;506.0;8462.9611086427
20.02.2025;22:00:00;8362.6;8362.8;8360.0;8360.8;361.0;8461.6334975563
20.02.2025;22:10:00;8361.5;8365.0;8355.5;8355.5;1302.0;8460.3191625807
20.02.2025;22:20:00;8356.5;8363.5;8355.8;8357.6;658.0;8459.0179709549
20.02.2025;22:30:00;8359.1;8359.2;8338.2;8347.6;2834.0;8457.7297912454
20.02.2025;22:40:00;8347.2;8355.9;8346.2;8355.0;484.0;8456.4544933329
20.02.2025;22:50:00;8357.0;8359.8;8354.0;8357.8;636.0;8455.1919483996
20.02.2025;23:00:00;8357.1;8358.5;8354.5;8357.0;256.0;8453.9420289156
20.02.2025;23:10:00;8357.1;8359.0;8354.4;8355.0;204.0;8452.7046086264
20.02.2025;23:20:00;8356.7;8359.0;8354.6;8357.0;681.0;8451.4795625402
20.02.2025;23:30:00;8357.8;8359.0;8357.0;8359.0;256.0;8450.2667669148
20.02.2025;23:40:00;8358.9;8367.0;8358.9;8367.0;828.0;8449.0660992456
21.02.2025;08:50:00;8352.0;8352.0;8352.0;8352.0;78.0;8447.8774382532
21.02.2025;09:00:00;8351.9;8352.0;8254.4;8308.0;24565.0;8446.7006638706
21.02.2025;09:10:00;8308.8;8331.5;8304.3;8316.0;4704.0;8444.7776572319
21.02.2025;09:20:00;8315.0;8316.3;8275.6;8278.7;9776.0;8442.8738806596
21.02.2025;09:30:00;8280.8;8306.9;8279.8;8297.6;4093.0;8440.989141853
21.02.2025;09:40:00;8297.3;8302.7;8281.3;8300.0;3965.0;8439.1232504345
21.02.2025;09:50:00;8300.0;8319.8;8296.0;8316.8;2908.0;8437.2760179301
21.02.2025;10:00:00;8316.8;8355.1;8286.9;8351.4;20030.0;8435.4472577508
21.02.2025;10:10:00;8352.0;8369.0;8336.5;8340.0;18022.0;8433.6367851733
21.02.2025;10:20:00;8340.0;8376.5;8339.9;8365.0;13629.0;8431.8444173216
21.02.2025;10:30:00;8366.4;8371.8;8343.8;8355.2;7133.0;8430.0699731484
21.02.2025;10:40:00;8354.7;8354.7;8337.4;8348.0;5636.0;8428.3132734169
21.02.2025;10:50:00;8347.9;8358.6;8346.6;8354.2;5231.0;8426.5741406827
21.02.2025;11:00:00;8354.3;8357.2;8329.5;8332.2;4013.0;8424.8523992759
21.02.2025;11:10:00;8332.2;8332.8;8303.8;8303.8;11764.0;8423.1478752831
21.02.2025;11:20:00;8303.9;8310.0;8291.0;8309.0;14908.0;8421.4603965303
21.02.2025;11:30:00;8309.0;8332.4;8304.6;8332.3;31186.0;8419.789792565
21.02.2025;11:40:00;8329.9;8333.3;8318.6;8331.6;6232.0;8418.1358946394
21.02.2025;11:50:00;8330.2;8334.6;8312.7;8320.6;1456.0;8416.498535693
21.02.2025;12:00:00;8322.0;8330.0;8304.3;8304.5;3401.0;8414.877550336
21.02.2025;12:10:00;8303.9;8318.6;8297.7;8310.8;4366.0;8413.2727748327
21.02.2025;12:20:00;8312.0;8313.3;8297.0;8305.9;6433.0;8411.6840470843
21.02.2025;12:30:00;8306.5;8333.2;8306.5;8329.3;5356.0;8410.1112066135
21.02.2025;12:40:00;8328.4;8330.1;8320.7;8326.6;3559.0;8408.5540945474
21.02.2025;12:50:00;8324.3;8354.0;8320.6;8349.8;5499.0;8407.0125536019
21.02.2025;13:00:00;8349.8;8372.6;8345.1;8370.0;12011.0;8405.4864280659
21.02.2025;13:10:00;8371.1;8401.0;8368.5;8398.6;17529.0;8403.9755637852
21.02.2025;13:20:00;8398.7;8410.5;8380.2;8383.2;11808.0;8254.4
21.02.2025;13:30:00;8382.3;8402.8;8365.2;8400.9;19781.0;8257.522
21.02.2025;13:40:00;8400.8;8446.9;8399.9;8421.6;25211.0;8260.58156
21.02.2025;13:50:00;8421.8;8422.2;8407.5;8421.0;4198.0;8262.4447444
21.02.2025;14:00:00;8420.8;8439.8;8420.8;8438.5;6091.0;8264.289296956
21.02.2025;14:10:00;8438.5;8462.4;8435.3;8438.1;12350.0;8266.1154039864
21.02.2025;14:20:00;8439.3;8449.1;8430.7;8437.0;12048.0;8268.0782499466
21.02.2025;14:30:00;8437.0;8438.0;8412.5;8419.3;9776.0;8270.0214674471
21.02.2025;14:40:00;8419.9;8420.0;8389.5;8392.3;7523.0;8271.9452527726
21.02.2025;14:50:00;8391.3;8396.0;8374.4;8384.7;4397.0;8273.8498002449
21.02.2025;15:00:00;8384.7;8405.0;8384.7;8398.2;2486.0;8275.7353022425
21.02.2025;15:10:00;8399.1;8414.9;8394.7;8412.5;2480.0;8277.60194922
21.02.2025;15:20:00;8413.1;8425.1;8407.4;8414.4;4288.0;8279.4499297278
21.02.2025;15:30:00;8415.3;8434.7;8409.2;8424.1;6703.0;8281.2794304306
21.02.2025;15:40:00;8428.1;8437.5;8420.1;8427.5;2285.0;8283.0906361263
21.02.2025;15:50:00;8425.5;8440.0;8414.2;8437.6;4670.0;8284.883729765
21.02.2025;16:00:00;8437.1;8450.1;8437.1;8443.3;5374.0;8286.6588924673
21.02.2025;16:10:00;8443.4;8450.0;8435.0;8437.4;5299.0;8288.4163035427
21.02.2025;16:20:00;8437.9;8439.1;8430.8;8434.8;4081.0;8290.1561405072
21.02.2025;16:30:00;8434.7;8435.8;8425.0;8433.7;5015.0;8291.8785791022
21.02.2025;16:40:00;8432.7;8440.8;8426.4;8426.4;6165.0;8293.5837933111
21.02.2025;16:50:00;8428.2;8429.7;8416.0;8416.1;7688.0;8295.271955378
21.02.2025;17:00:00;8416.1;8419.2;8410.8;8417.0;3821.0;8296.9432358243
21.02.2025;17:10:00;8417.0;8422.1;8413.6;8415.7;1431.0;8298.597803466
21.02.2025;17:20:00;8415.5;8437.1;8412.0;8425.7;5715.0;8300.2358254314
21.02.2025;17:30:00;8425.7;8425.7;8409.6;8414.4;2283.0;8301.857467177
21.02.2025;17:40:00;8415.9;8421.9;8398.1;8400.0;4599.0;8303.4628925053
21.02.2025;17:50:00;8401.0;8402.1;8379.9;8380.6;7456.0;8305.0522635802
21.02.2025;18:00:00;8379.9;8386.6;8358.6;8367.7;6112.0;8306.6257409444
21.02.2025;18:10:00;8368.3;8371.3;8357.0;8368.0;3295.0;8308.183483535
21.02.2025;18:20:00;8366.5;8367.6;8330.1;8337.2;11839.0;8309.7256486996
21.02.2025;18:30:00;8338.0;8345.0;8320.6;8320.6;9576.0;8311.2523922126
21.02.2025;18:40:00;8320.5;8342.1;8320.5;8335.0;15946.0;8312.7638682905
21.02.2025;19:00:00;8341.4;8370.0;8334.4;8342.1;2785.0;8314.2602296076
21.02.2025;19:10:00;8338.6;8372.8;8338.6;8368.3;3863.0;8315.7416273115
21.02.2025;19:20:00;8368.3;8369.5;8345.1;8345.1;1700.0;8317.2082110384
21.02.2025;19:30:00;8345.1;8362.7;8345.1;8355.9;2390.0;8318.660128928
21.02.2025;19:40:00;8355.9;8355.9;8339.4;8350.1;1194.0;8320.0975276387
21.02.2025;19:50:00;8350.1;8360.3;8344.2;8350.6;1964.0;8321.5205523623
21.02.2025;20:00:00;8352.2;8352.9;8349.2;8352.9;1281.0;8322.9293468387
21.02.2025;20:10:00;8353.6;8377.8;8352.5;8377.8;1456.0;8324.3240533703
21.02.2025;20:20:00;8377.6;8379.2;8360.2;8364.1;1819.0;8325.7048128366
21.02.2025;20:30:00;8363.1;8367.3;8361.3;8365.1;421.0;8327.0717647083
21.02.2025;20:40:00;8366.0;8373.0;8364.5;8368.9;901.0;8328.4250470612
21.02.2025;20:50:00;8370.9;8375.9;8368.7;8372.2;287.0;8329.7647965906
21.02.2025;21:00:00;8372.2;8372.2;8347.2;8355.9;1907.0;8331.0911486247
21.02.2025;21:10:00;8353.0;8363.3;8352.1;8362.6;411.0;8332.4042371384
21.02.2025;21:20:00;8363.3;8373.5;8362.7;8369.0;851.0;8333.704194767
21.02.2025;21:30:00;8369.9;8385.0;8369.9;8384.8;670.0;8334.9911528194
21.02.2025;21:40:00;8382.8;8386.8;8380.0;8386.8;1204.0;8336.2652412912
21.02.2025;21:50:00;8385.7;8394.4;8383.3;8392.0;1395.0;8337.5265888783
21.02.2025;22:00:00;8392.0;8394.6;8383.0;8386.3;758.0;8338.7753229895
21.02.2025;22:10:00;8387.7;8390.0;8380.7;8380.7;618.0;8340.0115697596
21.02.2025;22:20:00;8380.6;8382.0;8380.1;8380.1;218.0;8341.235454062
21.02.2025;22:30:00;8382.0;8390.7;8382.0;8388.2;631.0;8342.4470995214
21.02.2025;22:40:00;8390.4;8390.4;8373.0;8374.1;727.0;8343.6466285262
21.02.2025;22:50:00;8376.0;8381.1;8374.1;8377.6;606.0;8344.8341622409
21.02.2025;23:00:00;8379.1;8389.5;8375.6;8384.4;409.0;8346.0098206185
21.02.2025;23:10:00;8384.4;8384.4;8372.8;8372.8;164.0;8347.1737224123
21.02.2025;23:20:00;8372.0;8374.9;8366.8;8372.7;670.0;8348.3259851882
21.02.2025;23:30:00;8373.1;8384.3;8372.3;8379.1;874.0;8349.4667253363
21.02.2025;23:40:00;8380.0;8384.3;8346.4;8378.7;1906.0;8462.4
24.02.2025;08:50:00;8394.7;8394.7;8394.7;8394.7;305.0;8460.08
24.02.2025;09:00:00;8394.7;8394.7;8334.2;8334.2;4902.0;8457.8064
24.02.2025;09:10:00;8336.5;8352.3;8330.0;8348.4;2866.0;8456.570336
24.02.2025;09:20:00;8348.3;8361.0;8340.7;8357.2;852.0;8455.30463264
24.02.2025;09:30:00;8359.2;8361.0;8347.0;8356.0;620.0;8454.0515863136
24.02.2025;09:40:00;8356.0;8356.8;8338.6;8345.3;2501.0;8452.8110704505
24.02.2025;09:50:00;8347.0;8347.3;8337.1;8343.5;2680.0;8451.582959746
24.02.2025;10:00:00;8344.4;8394.7;8336.6;8394.2;20059.0;8450.3671301485
24.02.2025;10:10:00;8393.8;8394.7;8373.6;8393.4;5429.0;8449.163458847
24.02.2025;10:20:00;8393.1;8404.2;8376.9;8394.9;9578.0;8447.9718242585
24.02.2025;10:30:00;8394.6;8404.0;8385.5;8397.4;3949.0;8446.792106016
24.02.2025;10:40:00;8396.3;8406.3;8391.0;8402.1;4698.0;8445.6241849558
24.02.2025;10:50:00;8402.0;8428.4;8390.2;8417.3;25745.0;8444.4679431062
24.02.2025;11:00:00;8418.0;8440.0;8394.4;8398.0;12383.0;8443.3232636752
24.02.2025;11:10:00;8398.1;8408.1;8392.2;8403.2;4515.0;8442.1900310384
24.02.2025;11:20:00;8404.6;8406.4;8370.0;8390.9;4746.0;8441.068130728
24.02.2025;11:30:00;8390.8;8392.6;8360.0;8360.7;10339.0;8439.9574494208
24.02.2025;11:40:00;8361.3;8367.1;8350.0;8363.8;17620.0;8438.8578749266
24.02.2025;11:50:00;8363.8;8380.2;8359.6;8375.5;5400.0;8437.7692961773
24.02.2025;12:00:00;8372.5;8372.5;8350.0;8352.3;4703.0;8436.6916032155
24.02.2025;12:10:00;8355.0;8363.7;8350.8;8360.1;8928.0;8435.6246871834
24.02.2025;12:20:00;8360.5;8363.0;8355.0;8356.0;6060.0;8434.5684403115
24.02.2025;12:30:00;8355.0;8356.7;8350.2;8352.9;2753.0;8433.5227559084
24.02.2025;12:40:00;8352.6;8356.8;8336.1;8340.6;4806.0;8432.4875283493
24.02.2025;12:50:00;8336.9;8356.5;8336.0;8351.8;3623.0;8431.4626530658
24.02.2025;13:00:00;8351.8;8362.0;8351.8;8361.7;3478.0;8430.4480265352
24.02.2025;13:10:00;8361.7;8363.1;8352.8;8361.0;9788.0;8429.4435462698
24.02.2025;13:20:00;8361.8;8363.0;8344.8;8347.0;7828.0;8428.4491108071
24.02.2025;13:30:00;8347.0;8347.9;8340.0;8340.3;1551.0;8427.464619699
24.02.2025;13:40:00;8340.5;8366.0;8340.5;8351.0;3852.0;8426.4899735021
24.02.2025;13:50:00;8348.3;8359.0;8341.9;8354.9;1226.0;8425.525073767
24.02.2025;14:00:00;8354.9;8363.3;8353.1;8355.8;1245.0;8424.5698230294
24.02.2025;14:10:00;8357.9;8381.6;8356.8;8375.0;2854.0;8423.6241247991
24.02.2025;14:20:00;8374.8;8380.0;8364.5;8377.2;3688.0;8422.6878835511
24.02.2025;14:30:00;8375.5;8378.4;8375.0;8378.4;2088.0;8421.7610047156
24.02.2025;14:40:00;8376.8;8376.8;8368.9;8372.2;13946.0;8420.8433946684
24.02.2025;14:50:00;8374.4;8375.0;8372.4;8374.1;768.0;8419.9349607217
24.02.2025;15:00:00;8375.0;8384.6;8370.1;8371.3;2904.0;8419.0356111145
24.02.2025;15:10:00;8372.4;8376.0;8356.0;8376.0;4021.0;8418.1452550034
24.02.2025;15:20:00;8375.0;8381.1;8371.0;8374.1;928.0;8417.2638024533
24.02.2025;15:30:00;8372.1;8376.3;8357.4;8357.4;908.0;8416.3911644288
24.02.2025;15:40:00;8358.9;8360.5;8345.4;8351.0;2885.0;8415.5272527845
24.02.2025;15:50:00;8349.9;8366.8;8340.0;8363.0;4095.0;8414.6719802567
24.02.2025;16:00:00;8359.6;8376.8;8357.7;8375.7;5270.0;8413.8252604541
24.02.2025;16:10:00;8374.4;8382.2;8363.6;8378.0;4414.0;8412.9870078496
24.02.2025;16:20:00;8374.5;8383.7;8367.5;8372.2;4974.0;8412.1571377711
24.02.2025;16:30:00;8372.0;8382.5;8371.4;8379.8;989.0;8411.3355663934
24.02.2025;16:40:00;8381.1;8391.7;8378.2;8384.2;3523.0;8410.5222107294
24.02.2025;16:50:00;8386.4;8392.4;8383.8;8387.3;1936.0;8409.7169886221
24.02.2025;17:00:00;8390.1;8390.2;8370.7;8379.1;3480.0;8408.9198187359
24.02.2025;17:10:00;8380.4;8381.3;8367.6;8370.7;1296.0;8408.1306205485
24.02.2025;17:20:00;8368.8;8368.8;8347.3;8354.5;9705.0;8407.3493143431
24.02.2025;17:30:00;8354.5;8368.9;8346.0;8346.0;7713.0;8406.5758211996
24.02.2025;17:40:00;8345.2;8358.1;8340.7;8348.3;4467.0;8405.8100629876
24.02.2025;17:50:00;8350.6;8360.0;8345.0;8350.5;3576.0;8405.0519623578
24.02.2025;18:00:00;8349.7;8349.8;8331.6;8332.0;10692.0;8404.3014427342
24.02.2025;18:10:00;8333.4;8353.1;8329.0;8346.0;4352.0;8403.5584283068
24.02.2025;18:20:00;8344.6;8348.9;8334.0;8334.0;3186.0;8402.8128440238
24.02.2025;18:30:00;8333.1;8333.8;8316.6;8319.3;6728.0;8402.0747155835
24.02.2025;18:40:00;8318.0;8328.8;8296.7;8305.6;12465.0;8401.2199684277
24.02.2025;19:00:00;8307.1;8332.8;8297.7;8327.4;5190.0;8400.1747687434
24.02.2025;19:10:00;8329.2;8336.5;8323.1;8333.1;1758.0;8399.140021056
24.02.2025;19:20:00;8332.6;8337.0;8315.5;8322.6;946.0;8398.1156208454
24.02.2025;19:30:00;8322.4;8328.6;8317.4;8320.0;738.0;8397.101464637
24.02.2025;19:40:00;8320.3;8324.5;8315.5;8320.4;1219.0;8396.0974499906
24.02.2025;19:50:00;8321.7;8328.9;8321.7;8328.0;204.0;8395.1034754907
24.02.2025;20:00:00;8327.9;8334.5;8324.8;8327.0;655.0;8394.1194407358
24.02.2025;20:10:00;8329.2;8335.1;8328.5;8330.0;1926.0;8393.1452463284
24.02.2025;20:20:00;8329.4;8329.4;8325.0;8325.2;192.0;8392.1807938651
24.02.2025;20:30:00;8325.0;8328.7;8325.0;8328.7;208.0;8391.2259859265
24.02.2025;20:40:00;8325.9;8325.9;8315.5;8315.5;1729.0;8390.2807260672
24.02.2025;20:50:00;8315.5;8319.9;8304.2;8307.2;2032.0;8389.3449188066
24.02.2025;21:00:00;8306.3;8309.6;8296.6;8309.0;1800.0;8388.4184696185
24.02.2025;21:10:00;8308.1;8312.1;8302.6;8304.5;1748.0;8387.5002849223
24.02.2025;21:20:00;8307.4;8311.6;8302.0;8305.0;1861.0;8386.5912820731
24.02.2025;21:30:00;8305.0;8310.8;8299.7;8304.3;3786.0;8385.6913692524
24.02.2025;21:40:00;8303.5;8304.2;8290.2;8295.0;2983.0;8384.8004555598
24.02.2025;21:50:00;8295.0;8306.2;8290.3;8302.6;3614.0;8383.8544510042
24.02.2025;22:00:00;8302.6;8302.6;8295.0;8298.7;734.0;8382.9179064942
24.02.2025;22:10:00;8298.7;8302.9;8297.4;8297.7;1007.0;8381.9907274292
24.02.2025;22:20:00;8300.7;8300.9;8297.4;8298.0;308.0;8381.072820155
24.02.2025;22:30:00;8298.0;8298.2;8297.1;8298.2;420.0;8380.1640919534
24.02.2025;22:40:00;8297.6;8300.9;8297.4;8300.9;401.0;8379.2644510339
24.02.2025;22:50:00;8300.9;8309.9;8300.0;8300.4;1605.0;8378.3738065235
24.02.2025;23:00:00;8301.0;8302.7;8292.7;8299.1;642.0;8377.4920684583
24.02.2025;23:10:00;8299.0;8299.0;8295.5;8297.3;268.0;8376.6191477737
24.02.2025;23:20:00;8297.3;8297.8;8290.2;8294.9;2428.0;8375.754956296
24.02.2025;23:30:00;8292.0;8293.4;8290.2;8291.5;1569.0;8374.899406733
24.02.2025;23:40:00;8292.7;8299.0;8255.0;8283.2;2757.0;8374.0524126657
25.02.2025;08:50:00;8278.5;8278.5;8278.5;8278.5;86.0;8372.861888539
25.02.2025;09:00:00;8278.2;8288.1;8265.0;8285.9;2257.0;8371.6832696536
25.02.2025;09:10:00;8286.1;8288.3;8276.1;8277.2;4518.0;8370.5164369571
25.02.2025;09:20:00;8277.3;8278.9;8272.5;8272.6;1936.0;8369.3612725875
25.02.2025;09:30:00;8272.5;8278.9;8272.5;8275.8;1031.0;8368.2176598617
25.02.2025;09:40:00;8276.0;8276.9;8272.5;8273.6;1197.0;8367.085483263
25.02.2025;09:50:00;8273.8;8274.2;8268.9;8274.2;6018.0;8365.9646284304
25.02.2025;10:00:00;8271.5;8291.6;8262.5;8265.3;15423.0;8364.8549821461
25.02.2025;10:10:00;8265.3;8265.5;8229.1;8231.8;21958.0;8363.7564323246
25.02.2025;10:20:00;8230.5;8235.0;8226.6;8231.2;9932.0;8362.4098680014
25.02.2025;10:30:00;8231.8;8242.6;8228.5;8232.1;5102.0;8361.0517693214
25.02.2025;10:40:00;8232.0;8235.0;8229.9;8230.1;10093.0;8359.7072516282
25.02.2025;10:50:00;8230.1;8232.9;8225.2;8232.9;11189.0;8358.3761791119
25.02.2025;11:00:00;8225.9;8235.8;8219.4;8225.0;9490.0;8357.0444173208
25.02.2025;11:10:00;8223.0;8233.3;8219.4;8228.0;4899.0;8355.6679731476
25.02.2025;11:20:00;8229.3;8229.4;8221.7;8226.4;2142.0;8354.3052934161
25.02.2025;11:30:00;8227.2;8237.5;8222.8;8237.5;1518.0;8352.9562404819
25.02.2025;11:40:00;8237.5;8246.8;8231.5;8231.5;2692.0;8351.6206780771
25.02.2025;11:50:00;8232.3;8242.2;8219.4;8219.4;5113.0;8350.2984712963
25.02.2025;12:00:00;8219.4;8230.9;8217.3;8230.9;4526.0;8348.9894865834
25.02.2025;12:10:00;8230.0;8238.0;8216.6;8233.2;2399.0;8347.6725917175
25.02.2025;12:20:00;8234.4;8236.2;8214.2;8218.0;5802.0;8346.3618658004
25.02.2025;12:30:00;8219.9;8243.3;8218.0;8236.8;2288.0;8345.0402471424
25.02.2025;12:40:00;8236.8;8243.5;8232.1;8233.0;4915.0;8343.7318446709
25.02.2025;12:50:00;8233.1;8243.5;8229.8;8243.0;4468.0;8342.4365262242
25.02.2025;13:00:00;8241.0;8243.5;8237.0;8242.8;2784.0;8341.154160962
25.02.2025;13:10:00;8243.3;8243.5;8239.1;8243.2;8752.0;8339.8846193524
25.02.2025;13:20:00;8243.2;8243.5;8236.1;8238.9;1662.0;8338.6277731588
25.02.2025;13:30:00;8239.7;8243.5;8238.9;8241.4;771.0;8337.3834954273
25.02.2025;13:40:00;8241.5;8241.5;8230.6;8232.0;1222.0;8336.151660473
25.02.2025;13:50:00;8232.0;8235.2;8219.3;8219.3;5445.0;8334.9321438683
25.02.2025;14:00:00;8220.4;8234.0;8219.3;8225.0;2646.0;8333.7248224296
25.02.2025;14:10:00;8225.0;8233.0;8219.3;8231.7;3010.0;8332.5295742053
25.02.2025;14:20:00;8229.8;8241.0;8227.9;8235.9;1733.0;8331.3462784632
25.02.2025;14:30:00;8238.2;8240.8;8233.4;8237.5;2774.0;8330.1748156786
25.02.2025;14:40:00;8238.4;8243.4;8232.9;8232.9;1268.0;8329.0150675218
25.02.2025;14:50:00;8234.4;8236.2;8229.0;8235.9;1422.0;8327.8669168466
25.02.2025;15:00:00;8235.3;8235.3;8220.0;8226.7;4158.0;8326.7302476781
25.02.2025;15:10:00;8226.0;8239.6;8225.7;8238.2;578.0;8325.6049452013
25.02.2025;15:20:00;8235.1;8235.5;8220.6;8221.7;2092.0;8324.4908957493
25.02.2025;15:30:00;8222.0;8223.3;8205.0;8205.0;20296.0;8323.3879867918
25.02.2025;15:40:00;8205.1;8211.3;8185.3;8197.4;11908.0;8322.2041069239
25.02.2025;15:50:00;8198.8;8210.3;8196.5;8198.9;3482.0;8320.8350658547
25.02.2025;16:00:00;8198.9;8204.9;8195.2;8202.1;2855.0;8319.4797151961
25.02.2025;16:10:00;8202.0;8209.7;8196.4;8200.0;3402.0;8318.1379180442
25.02.2025;16:20:00;8201.9;8208.0;8196.7;8203.2;582.0;8316.8095388637
25.02.2025;16:30:00;8203.9;8207.9;8196.4;8203.9;2434.0;8315.4944434751
25.02.2025;16:40:00;8204.9;8209.8;8196.6;8197.6;1580.0;8314.1924990403
25.02.2025;16:50:00;8199.3;8204.9;8196.4;8204.6;1519.0;8312.9035740499
25.02.2025;17:00:00;8203.9;8209.5;8199.0;8205.1;2567.0;8311.6275383094
25.02.2025;17:10:00;8203.7;8216.5;8203.7;8212.0;1651.0;8310.3642629263
25.02.2025;17:20:00;8210.7;8223.7;8210.3;8218.0;4544.0;8309.1136202971
25.02.2025;17:30:00;8216.9;8237.9;8216.2;8232.0;8141.0;8307.8754840941
25.02.2025;17:40:00;8231.3;8232.0;8201.7;8208.3;4768.0;8306.6497292532
25.02.2025;17:50:00;8207.2;8207.2;8195.8;8196.0;1866.0;8305.4362319606
25.02.2025;18:00:00;8196.0;8200.4;8180.7;8181.9;9665.0;8304.234869641
25.02.2025;18:10:00;8181.8;8181.8;8135.9;8138.0;19818.0;8302.9995209446
25.02.2025;18:20:00;8138.3;8139.4;8120.0;8120.0;11860.0;8301.3285257352
25.02.2025;18:30:00;8119.6;8119.6;8074.1;8108.5;29871.0;8299.5152404778
25.02.2025;18:40:00;8108.0;8113.9;8085.1;8110.7;6432.0;8297.261088073
25.02.2025;19:00:00;8105.1;8113.9;8041.5;8047.2;8570.0;8295.0294771923
25.02.2025;19:10:00;8047.2;8071.6;8047.2;8050.6;36553.0;8292.4941824204
25.02.2025;19:20:00;8050.9;8053.3;8042.9;8045.2;7356.0;8289.9842405962
25.02.2025;19:30:00;8045.2;8070.8;8040.5;8069.0;9180.0;8287.4993981902
25.02.2025;19:40:00;8069.7;8070.5;8034.4;8055.0;5548.0;8285.0294042083
25.02.2025;19:50:00;8056.0;8060.4;8045.9;8057.8;9244.0;8282.5231101662
25.02.2025;20:00:00;8058.4;8059.2;8053.3;8058.1;1287.0;8280.0418790646
25.02.2025;20:10:00;8058.8;8066.5;8058.4;8066.5;1192.0;8277.5854602739
25.02.2025;20:20:00;8066.5;8103.9;8066.4;8091.3;8152.0;8275.1536056712
25.02.2025;20:30:00;8091.3;8104.1;8090.3;8099.4;3066.0;8272.7460696145
25.02.2025;20:40:00;8099.7;8115.7;8097.3;8110.5;4528.0;8270.3626089183
25.02.2025;20:50:00;8110.5;8119.0;8110.0;8117.4;2213.0;8268.0029828291
25.02.2025;21:00:00;8116.4;8118.1;8095.4;8099.6;2958.0;8265.6669530009
25.02.2025;21:10:00;8099.3;8100.5;8082.1;8082.1;1888.0;8263.3542834708
25.02.2025;21:20:00;8083.0;8100.3;8079.8;8095.8;2404.0;8261.0647406361
25.02.2025;21:30:00;8095.8;8111.7;8093.4;8104.8;3055.0;8258.7980932298
25.02.2025;21:40:00;8104.0;8104.6;8096.0;8104.5;776.0;8256.5541122975
25.02.2025;21:50:00;8104.5;8104.9;8096.1;8096.2;629.0;8254.3325711745
25.02.2025;22:00:00;8098.4;8098.4;8090.0;8097.1;721.0;8252.1332454628
25.02.2025;22:10:00;8096.0;8096.0;8085.2;8094.0;554.0;8249.9559130081
25.02.2025;22:20:00;8095.5;8097.7;8092.0;8092.5;995.0;8247.8003538781
25.02.2025;22:30:00;8092.4;8101.6;8085.6;8090.9;4392.0;8245.6663503393
25.02.2025;22:40:00;8091.4;8103.9;8091.4;8095.2;1179.0;8243.5536868359
25.02.2025;22:50:00;8097.4;8097.7;8086.8;8090.7;667.0;8241.4621499675
25.02.2025;23:00:00;8090.7;8095.6;8085.1;8095.6;560.0;8239.3915284678
25.02.2025;23:10:00;8095.6;8095.6;8091.4;8091.5;417.0;8237.3416131832
25.02.2025;23:20:00;8090.0;8093.0;8088.1;8088.5;547.0;8235.3121970513
25.02.2025;23:30:00;8088.5;8093.1;8088.5;8093.1;685.0;8233.3030750808
25.02.2025;23:40:00;8095.0;8103.2;8093.1;8100.5;910.0;8231.31404433
26.02.2025;08:50:00;8110.0;8110.0;8110.0;8110.0;52.0;8229.3449038867
26.02.2025;09:00:00;8110.0;8141.3;8100.5;8129.4;6676.0;8227.3954548478
26.02.2025;09:10:00;8124.1;8149.9;8119.0;8146.2;5938.0;8225.4655002994
26.02.2025;09:20:00;8148.0;8153.6;8132.7;8149.2;4534.0;8223.5548452964
26.02.2025;09:30:00;8151.4;8156.2;8127.4;8133.4;4138.0;8221.6632968434
26.02.2025;09:40:00;8133.5;8136.7;8123.4;8131.1;1584.0;8219.790663875
26.02.2025;09:50:00;8128.8;8137.0;8121.9;8124.8;2470.0;8217.9367572362
26.02.2025;10:00:00;8123.0;8129.9;8113.6;8123.2;4284.0;8216.1013896639
26.02.2025;10:10:00;8123.2;8150.0;8121.6;8142.4;6317.0;8214.2843757672
26.02.2025;10:20:00;8144.1;8147.6;8130.0;8136.0;3522.0;8212.4855320096
26.02.2025;10:30:00;8136.1;8138.2;8130.0;8136.6;3931.0;8210.7046766895
26.02.2025;10:40:00;8137.0;8142.9;8132.4;8142.0;16957.0;8208.9416299226
26.02.2025;10:50:00;8141.0;8143.9;8130.2;8143.9;5898.0;8207.1962136233
26.02.2025;11:00:00;8143.9;8145.9;8121.6;8124.0;4401.0;8205.4682514871
26.02.2025;11:10:00;8124.0;8127.6;8110.7;8115.8;5319.0;8203.7575689722
26.02.2025;11:20:00;8116.0;8122.3;8114.6;8118.4;2343.0;8202.0639932825
26.02.2025;11:30:00;8119.5;8125.3;8104.0;8105.1;7270.0;8200.3873533497
26.02.2025;11:40:00;8105.2;8114.6;8089.8;8102.0;11519.0;8198.7274798162
26.02.2025;11:50:00;8102.3;8109.5;8088.7;8092.9;12589.0;8197.084205018
26.02.2025;12:00:00;8094.5;8095.6;8082.0;8090.3;4314.0;8195.4573629678
26.02.2025;12:10:00;8091.6;8091.6;8074.5;8078.7;5541.0;8193.8467893382
26.02.2025;12:20:00;8078.7;8080.0;8048.5;8049.4;13486.0;8192.2523214448
26.02.2025;12:30:00;8048.9;8050.5;8026.7;8027.5;9591.0;8190.6737982303
26.02.2025;12:40:00;8028.1;8037.1;8024.0;8036.3;11198.0;8189.034060248
26.02.2025;12:50:00;8036.5;8052.6;8031.4;8039.4;5401.0;8187.3837196456
26.02.2025;13:00:00;8039.4;8039.9;8028.9;8037.9;3866.0;8185.7498824491
26.02.2025;13:10:00;8037.8;8038.1;8025.5;8037.6;4623.0;8184.1323836246
26.02.2025;13:20:00;8037.2;8050.9;8026.6;8049.0;5611.0;8182.5310597884
26.02.2025;13:30:00;8049.0;8114.0;8036.8;8113.4;25767.0;8180.9457491905
26.02.2025;13:40:00;8113.4;8152.9;8098.1;8119.6;23485.0;8179.3762916986
26.02.2025;13:50:00;8119.6;8137.8;8117.9;8131.1;7600.0;8177.8225287816
26.02.2025;14:00:00;8128.2;8160.9;8127.7;8146.4;11299.0;8176.2843034938
26.02.2025;14:10:00;8149.2;8205.8;8147.9;8177.6;21289.0;8024.0
26.02.2025;14:20:00;8177.2;8181.5;8130.0;8151.8;9744.0;8027.636
26.02.2025;14:30:00;8150.7;8169.4;8141.2;8169.4;9198.0;8031.19928
26.02.2025;14:40:00;8168.7;8178.0;8156.1;8167.7;12942.0;8034.6912944
26.02.2025;14:50:00;8170.7;8174.8;8122.1;8128.8;12341.0;8038.113468512
26.02.2025;15:00:00;8133.1;8150.8;8129.3;8137.0;2740.0;8041.4671991418
26.02.2025;15:10:00;8139.2;8166.1;8134.3;8162.1;5362.0;8044.7538551589
26.02.2025;15:20:00;8163.3;8164.0;8150.0;8154.3;2169.0;8047.9747780557
26.02.2025;15:30:00;8155.8;8164.1;8152.9;8157.0;1670.0;8051.1312824946
26.02.2025;15:40:00;8155.5;8155.7;8136.7;8143.6;3234.0;8054.2246568447
26.02.2025;15:50:00;8147.2;8166.8;8142.9;8164.8;1848.0;8057.2561637078
26.02.2025;16:00:00;8165.2;8170.0;8153.4;8160.0;1723.0;8060.2270404337
26.02.2025;16:10:00;8160.0;8189.0;8159.2;8182.7;6338.0;8063.138499625
26.02.2025;16:20:00;8182.8;8189.4;8146.9;8157.5;6035.0;8065.9917296325
26.02.2025;16:30:00;8155.9;8174.1;8155.9;8164.4;1505.0;8068.7878950399
26.02.2025;16:40:00;8166.3;8180.0;8165.1;8165.3;955.0;8071.5281371391
26.02.2025;16:50:00;8165.3;8176.6;8159.9;8161.8;3535.0;8074.2135743963
26.02.2025;17:00:00;8163.3;8173.1;8146.3;8154.5;4249.0;8076.8453029084
26.02.2025;17:10:00;8154.8;8185.0;8131.4;8165.9;9828.0;8079.4243968502
26.02.2025;17:20:00;8167.6;8181.9;8161.4;8180.8;8112.0;8081.9519089132
26.02.2025;17:30:00;8179.4;8235.0;8177.0;8225.3;16501.0;8084.4288707349
26.02.2025;17:40:00;8225.0;8265.4;8216.5;8263.7;18428.0;8085.9345820276
26.02.2025;17:50:00;8262.6;8275.0;8229.1;8236.6;19513.0;8087.7292362073
26.02.2025;18:00:00;8239.2;8252.9;8221.2;8223.6;9865.0;8089.6019438452
26.02.2025;18:10:00;8222.8;8223.1;8190.0;8192.8;8500.0;8091.4559244068
26.02.2025;18:20:00;8191.5;8225.9;8185.8;8223.6;6363.0;8093.2913651627
26.02.2025;18:30:00;8223.6;8239.6;8223.6;8236.3;3194.0;8095.1084515111
26.02.2025;18:40:00;8236.3;8240.0;8215.4;8221.3;8427.0;8096.907366996
26.02.2025;19:00:00;8233.5;8276.2;8233.5;8244.1;4777.0;8098.688293326
26.02.2025;19:10:00;8244.5;8256.2;8240.6;8251.0;4561.0;8100.4634103927
26.02.2025;19:20:00;8250.2;8269.6;8250.2;8260.2;5334.0;8102.2207762888
26.02.2025;19:30:00;8264.6;8300.1;8264.2;8287.7;10360.0;8103.9605685259
26.02.2025;19:40:00;8287.3;8290.0;8271.7;8279.4;2595.0;8105.9219628407
26.02.2025;19:50:00;8278.0;8295.1;8270.2;8270.2;3747.0;8107.8637432123
26.02.2025;20:00:00;8270.3;8279.8;8270.0;8270.4;1299.0;8109.7861057801
26.02.2025;20:10:00;8272.3;8276.3;8250.6;8252.7;2681.0;8111.6892447223
26.02.2025;20:20:00;8255.4;8275.9;8255.4;8270.0;1784.0;8113.5733522751
26.02.2025;20:30:00;8270.0;8276.8;8263.9;8274.4;464.0;8115.4386187524
26.02.2025;20:40:00;8274.4;8284.6;8270.7;8284.2;1324.0;8117.2852325648
26.02.2025;20:50:00;8283.4;8290.3;8276.2;8288.6;626.0;8119.1133802392
26.02.2025;21:00:00;8288.2;8297.8;8279.3;8291.4;2351.0;8120.9232464368
26.02.2025;21:10:00;8291.4;8305.5;8287.4;8299.1;3717.0;8122.7150139724
26.02.2025;21:20:00;8297.7;8305.0;8296.6;8302.2;2400.0;8124.5428638327
26.02.2025;21:30:00;8302.1;8312.8;8292.7;8309.6;6236.0;8126.3524351944
26.02.2025;21:40:00;8309.6;8310.3;8299.7;8300.0;1640.0;8128.2169108424
26.02.2025;21:50:00;8300.0;8310.3;8300.0;8310.0;1122.0;8130.062741734
26.02.2025;22:00:00;8310.0;8310.5;8299.1;8310.5;2921.0;8131.8901143167
26.02.2025;22:10:00;8310.4;8311.1;8291.5;8302.8;3265.0;8133.6992131735
26.02.2025;22:20:00;8301.0;8308.4;8301.0;8305.2;1265.0;8135.4902210418
26.02.2025;22:30:00;8305.2;8307.9;8300.0;8300.1;1250.0;8137.2633188314
26.02.2025;22:40:00;8300.0;8301.9;8291.7;8297.6;1247.0;8139.018685643
26.02.2025;22:50:00;8297.0;8299.7;8293.7;8297.1;686.0;8140.7564987866
26.02.2025;23:00:00;8299.7;8301.6;8286.5;8288.8;1327.0;8142.4769337987
26.02.2025;23:10:00;8288.8;8296.4;8287.1;8291.7;535.0;8144.1801644608
26.02.2025;23:20:00;8290.3;8302.9;8290.3;8299.9;586.0;8145.8663628162
26.02.2025;23:30:00;8301.1;8311.1;8301.1;8310.8;916.0;8147.535699188
26.02.2025;23:40:00;8310.8;8310.9;8300.0;8304.4;234.0;8149.1883421961
27.02.2025;08:50:00;8260.0;8260.0;8260.0;8260.0;1076.0;8150.8244587742
27.02.2025;09:00:00;8258.9;8263.2;8231.4;8259.2;9566.0;8152.4442141864
27.02.2025;09:10:00;8251.4;8261.8;8245.1;8250.0;4323.0;8154.0477720445
27.02.2025;09:20:00;8250.0;8270.9;8244.9;8258.2;5884.0;8155.6352943241
27.02.2025;09:30:00;8261.6;8270.3;8260.0;8270.3;1054.0;8157.2069413809
27.02.2025;09:40:00;8270.3;8270.8;8258.1;8258.3;1180.0;8158.762871967
27.02.2025;09:50:00;8257.9;8258.5;8243.9;8250.6;6049.0;8160.3032432474
27.02.2025;10:00:00;8253.0;8314.8;8231.0;8300.0;24689.0;8161.8282108149
27.02.2025;10:10:00;8299.3;8300.0;8263.0;8263.0;8520.0;8163.3579287068
27.02.2025;10:20:00;8262.4;8265.5;8223.5;8239.6;10976.0;8164.8723494197
27.02.2025;10:30:00;8239.6;8241.8;8183.3;8186.0;14253.0;8166.3716259255
27.02.2025;10:40:00;8184.8;8199.5;8161.1;8182.3;16367.0;8314.8
27.02.2025;10:50:00;8182.7;8191.1;8168.8;8170.8;6186.0;8311.726
27.02.2025;11:00:00;8169.3;8186.8;8150.0;8184.7;17605.0;8308.71348
27.02.2025;11:10:00;8184.5;8186.7;8152.1;8157.6;9496.0;8307.1263452
27.02.2025;11:20:00;8158.0;8170.6;8127.6;8132.0;11924.0;8305.555081748
27.02.2025;11:30:00;8130.0;8161.6;8123.5;8161.6;8569.0;8303.7755309305
27.02.2025;11:40:00;8159.9;8159.9;8137.5;8153.1;3963.0;8301.9727756212
27.02.2025;11:50:00;8153.1;8195.7;8147.0;8184.1;14528.0;8300.188047865
27.02.2025;12:00:00;8184.5;8187.5;8137.8;8148.6;4919.0;8298.4211673864
27.02.2025;12:10:00;8148.0;8185.2;8143.0;8183.1;9825.0;8296.6719557125
27.02.2025;12:20:00;8182.2;8224.8;8178.9;8220.0;17150.0;8294.9402361554
27.02.2025;12:30:00;8220.0;8221.7;8179.2;8181.6;6420.0;8293.2258337938
27.02.2025;12:40:00;8181.5;8198.4;8181.1;8188.3;2860.0;8291.5285754559
27.02.2025;12:50:00;8188.2;8205.8;8187.0;8201.2;4952.0;8289.8482897013
27.02.2025;13:00:00;8201.3;8206.0;8183.5;8192.1;3388.0;8288.1848068043
27.02.2025;13:10:00;8192.0;8196.6;8182.8;8188.7;1386.0;8286.5379587363
27.02.2025;13:20:00;8191.0;8196.3;8188.5;8196.1;3797.0;8284.9075791489
27.02.2025;13:30:00;8192.7;8195.5;8178.1;8189.7;7715.0;8283.2935033574
27.02.2025;13:40:00;8189.7;8198.2;8181.2;8185.5;6391.0;8281.6955683238
27.02.2025;13:50:00;8188.5;8199.3;8188.5;8195.9;1379.0;8280.1136126406
27.02.2025;14:00:00;8195.9;8195.9;8182.0;8194.1;1341.0;8278.5474765142
27.02.2025;14:10:00;8193.5;8209.5;8193.5;8199.6;7856.0;8276.997001749
27.02.2025;14:20:00;8199.5;8199.5;8176.9;8183.9;2589.0;8275.4620317316
27.02.2025;14:30:00;8183.9;8197.7;8183.3;8187.3;699.0;8273.9424114142
27.02.2025;14:40:00;8188.6;8192.1;8178.1;8186.8;1011.0;8272.4379873001
27.02.2025;14:50:00;8184.5;8185.1;8178.2;8178.3;796.0;8270.9486074271
27.02.2025;15:00:00;8178.3;8182.0;8176.1;8176.6;1731.0;8269.4741213528
27.02.2025;15:10:00;8176.6;8187.0;8176.0;8185.0;1171.0;8268.0143801393
27.02.2025;15:20:00;8186.2;8186.2;8168.0;8176.9;3358.0;8266.5692363379
27.02.2025;15:30:00;8177.1;8184.1;8167.2;8182.6;3155.0;8265.1385439745
27.02.2025;15:40:00;8181.6;8183.2;8172.0;8174.9;2889.0;8263.7221585348
27.02.2025;15:50:00;8175.0;8177.3;8161.0;8163.0;7451.0;8262.3199369494
27.02.2025;16:00:00;8162.3;8173.4;8155.9;8162.9;3464.0;8260.9317375799
27.02.2025;16:10:00;8163.8;8169.0;8153.0;8169.0;2546.0;8259.5574202041
27.02.2025;16:20:00;8168.2;8186.5;8162.8;8179.0;5544.0;8258.1968460021
27.02.2025;16:30:00;8179.0;8225.1;8167.0;8220.6;19872.0;8256.8498775421
27.02.2025;16:40:00;8221.9;8228.8;8201.6;8214.3;10769.0;8255.5163787667
27.02.2025;16:50:00;8214.3;8232.4;8200.1;8207.1;6960.0;8254.196214979
27.02.2025;17:00:00;8208.2;8215.7;8193.0;8212.2;5332.0;8252.8892528292
27.02.2025;17:10:00;8211.6;8222.2;8207.1;8220.3;999.0;8251.5953603009
27.02.2025;17:20:00;8222.1;8222.1;8194.2;8207.2;5842.0;8250.3144066979
27.02.2025;17:30:00;8207.2;8242.7;8207.2;8234.0;14366.0;8249.0462626309
27.02.2025;17:40:00;8234.4;8237.3;8180.2;8206.4;17102.0;8247.7908000046
27.02.2025;17:50:00;8206.4;8231.5;8194.9;8228.9;16957.0;8246.5478920046
27.02.2025;18:00:00;8231.0;8255.5;8227.0;8227.0;27093.0;8123.5
27.02.2025;18:10:00;8227.0;8243.2;8211.1;8232.8;7540.0;8126.14
27.02.2025;18:20:00;8234.0;8254.9;8231.2;8235.4;8347.0;8128.7272
27.02.2025;18:30:00;8237.4;8250.0;8227.5;8241.9;4885.0;8131.262656
27.02.2025;18:40:00;8241.6;8244.8;8230.1;8231.3;3281.0;8133.74740288
27.02.2025;19:00:00;8242.7;8255.4;8230.0;8253.7;1398.0;8136.1824548224
27.02.2025;19:10:00;8255.7;8273.7;8255.2;8265.1;3502.0;8138.568805726
27.02.2025;19:20:00;8267.4;8270.1;8252.1;8262.6;2005.0;8139.9201176687
27.02.2025;19:30:00;8262.7;8288.0;8262.7;8266.3;2543.0;8141.257916492
27.02.2025;19:40:00;8266.7;8290.0;8266.7;8289.0;1551.0;8142.7253373271
27.02.2025;19:50:00;8285.6;8289.0;8280.0;8282.0;844.0;8144.1980839538
27.02.2025;20:00:00;8285.0;8289.0;8272.0;8272.0;1219.0;8145.6561031143
27.02.2025;20:10:00;8272.0;8286.8;8265.7;8283.9;2435.0;8147.0995420831
27.02.2025;20:20:00;8285.4;8298.4;8274.4;8274.8;3522.0;8148.5285466623
27.02.2025;20:30:00;8272.9;8284.8;8271.1;8284.8;1242.0;8150.0272611957
27.02.2025;20:40:00;8284.6;8298.4;8284.6;8298.0;859.0;8151.5109885837
27.02.2025;20:50:00;8298.0;8317.2;8298.0;8316.3;3639.0;8152.9798786979
27.02.2025;21:00:00;8315.6;8324.2;8312.1;8312.1;4624.0;8154.6220799109
27.02.2025;21:10:00;8312.1;8316.2;8296.9;8300.3;2686.0;8156.3178591118
27.02.2025;21:20:00;8300.3;8311.4;8300.3;8301.7;2675.0;8157.9966805207
27.02.2025;21:30:00;8300.9;8300.9;8293.4;8295.0;1794.0;8159.6587137155
27.02.2025;21:40:00;8294.6;8312.5;8294.6;8312.4;817.0;8161.3041265783
27.02.2025;21:50:00;8312.3;8316.5;8305.3;8315.3;1126.0;8162.9330853125
27.02.2025;22:00:00;8313.6;8316.3;8298.9;8303.2;1176.0;8164.5457544594
27.02.2025;22:10:00;8300.0;8305.6;8294.9;8305.0;1625.0;8166.1422969148
27.02.2025;22:20:00;8305.0;8312.7;8295.0;8295.0;1969.0;8167.7228739457
27.02.2025;22:30:00;8296.0;8296.0;8275.0;8287.8;1838.0;8169.2876452062
27.02.2025;22:40:00;8284.6;8284.6;8272.5;8279.4;650.0;8170.8367687541
27.02.2025;22:50:00;8278.2;8287.7;8278.2;8287.7;963.0;8172.3704010666
27.02.2025;23:00:00;8284.9;8287.0;8279.9;8285.0;304.0;8173.8886970559
27.02.2025;23:10:00;8280.1;8286.0;8275.2;8282.2;6971.0;8175.3918100854
27.02.2025;23:20:00;8282.2;8286.1;8275.0;8286.1;892.0;8176.8798919845
27.02.2025;23:30:00;8282.2;8305.0;8282.2;8305.0;1494.0;8178.3530930647
27.02.2025;23:40:00;8300.9;8300.9;8288.6;8294.8;1662.0;8179.811562134
28.02.2025;08:50:00;8274.0;8274.0;8274.0;8274.0;108.0;8181.2554465127
28.02.2025;09:00:00;8273.6;8274.0;8234.9;8248.8;6720.0;8182.6848920476
28.02.2025;09:10:00;8248.8;8258.2;8243.8;8250.6;4076.0;8184.1000431271
28.02.2025;09:20:00;8250.1;8252.8;8244.1;8250.6;2411.0;8185.5010426958
28.02.2025;09:30:00;8251.4;8252.5;8242.2;8244.2;1446.0;8186.8880322689
28.02.2025;09:40:00;8245.8;8245.9;8237.3;8245.5;1496.0;8188.2611519462
28.02.2025;09:50:00;8245.2;8262.3;8245.0;8255.7;2088.0;8189.6205404267
28.02.2025;10:00:00;8255.9;8267.4;8230.4;8246.6;9104.0;8190.9663350224
28.02.2025;10:10:00;8247.4;8254.0;8209.0;8216.2;8152.0;8192.2986716722
28.02.2025;10:20:00;8215.0;8220.0;8191.1;8200.0;19319.0;8324.2
28.02.2025;10:30:00;8198.9;8207.9;8195.4;8205.0;8187.0;8321.538
28.02.2025;10:40:00;8205.0;8218.4;8198.1;8218.4;7198.0;8318.92924
28.02.2025;10:50:00;8217.3;8217.3;8196.8;8196.8;6631.0;8316.3726552
28.02.2025;11:00:00;8197.3;8202.6;8180.0;8198.9;9003.0;8313.867202096
28.02.2025;11:10:00;8196.5;8201.0;8188.0;8188.0;3472.0;8312.528530075
28.02.2025;11:20:00;8189.1;8193.5;8175.0;8188.7;4994.0;8311.2032447743
28.02.2025;11:30:00;8190.3;8192.9;8181.9;8186.5;2888.0;8309.8412123265
28.02.2025;11:40:00;8185.5;8185.5;8175.9;8183.0;4492.0;8308.4928002033
28.02.2025;11:50:00;8182.7;8200.0;8181.2;8196.9;2298.0;8307.1578722012
28.02.2025;12:00:00;8196.1;8215.8;8195.5;8212.7;4007.0;8305.8362934792
28.02.2025;12:10:00;8212.3;8212.4;8198.0;8200.0;3766.0;8304.5279305444
28.02.2025;12:20:00;8198.0;8202.8;8195.7;8196.4;1345.0;8303.232651239
28.02.2025;12:30:00;8197.8;8204.3;8190.8;8199.0;2481.0;8301.9503247266
28.02.2025;12:40:00;8200.0;8202.8;8193.7;8197.2;1614.0;8300.6808214793
28.02.2025;12:50:00;8197.2;8207.9;8195.3;8202.4;440.0;8299.4240132646
28.02.2025;13:00:00;8204.3;8204.6;8193.6;8200.3;2924.0;8298.1797731319
28.02.2025;13:10:00;8199.1;8199.1;8194.4;8196.0;489.0;8296.9479754006
28.02.2025;13:20:00;8196.0;8198.1;8190.2;8192.2;2224.0;8295.7284956466
28.02.2025;13:30:00;8192.2;8208.4;8191.6;8197.0;1826.0;8294.5212106901
28.02.2025;13:40:00;8197.0;8201.8;8195.4;8196.3;1606.0;8293.3259985832
28.02.2025;13:50:00;8198.9;8200.4;8192.3;8196.5;1311.0;8292.1427385974
28.02.2025;14:00:00;8199.9;8213.9;8199.4;8207.9;2056.0;8290.9713112114
28.02.2025;14:10:00;8204.6;8211.3;8195.3;8195.3;1124.0;8289.8115980993
28.02.2025;14:20:00;8194.4;8200.0;8186.7;8190.0;3244.0;8288.6634821183
28.02.2025;14:30:00;8188.0;8191.9;8181.1;8181.9;3615.0;8287.5268472971
28.02.2025;14:40:00;8181.9;8189.3;8180.0;8184.2;4990.0;8286.4015788241
28.02.2025;14:50:00;8184.6;8215.3;8180.6;8214.2;2308.0;8285.2875630359
28.02.2025;15:00:00;8214.1;8222.3;8208.7;8219.3;7237.0;8284.1846874055
28.02.2025;15:10:00;8220.6;8225.0;8200.0;8200.0;6918.0;8283.0928405315
28.02.2025;15:20:00;8200.0;8205.8;8200.0;8204.9;1025.0;8282.0119121262
28.02.2025;15:30:00;8205.0;8205.6;8184.3;8191.2;10021.0;8280.9417930049
28.02.2025;15:40:00;8192.4;8207.8;8187.9;8205.9;5239.0;8279.8823750749
28.02.2025;15:50:00;8203.8;8214.4;8199.0;8206.2;4478.0;8278.8335513241
28.02.2025;16:00:00;8210.0;8243.0;8210.0;8224.8;13518.0;8277.7952158109
28.02.2025;16:10:00;8223.5;8240.3;8222.1;8238.9;3974.0;8276.7672636528
28.02.2025;16:20:00;8239.7;8239.7;8216.5;8218.2;5834.0;8275.7495910162
28.02.2025;16:30:00;8218.4;8250.6;8205.7;8236.2;8506.0;8274.7420951061
28.02.2025;16:40:00;8236.4;8241.9;8223.0;8223.1;5085.0;8273.744674155
28.02.2025;16:50:00;8221.5;8229.0;8211.8;8214.4;4517.0;8272.7572274135
28.02.2025;17:00:00;8214.8;8220.2;8195.0;8205.1;13979.0;8271.7796551393
28.02.2025;17:10:00;8206.2;8211.3;8193.0;8207.3;5551.0;8270.8118585879
28.02.2025;17:20:00;8209.9;8214.8;8194.8;8196.8;4882.0;8269.8537400021
28.02.2025;17:30:00;8198.2;8199.9;8183.9;8190.0;6593.0;8268.905202602
28.02.2025;17:40:00;8190.4;8198.3;8180.0;8184.1;8334.0;8267.966150576
28.02.2025;17:50:00;8184.0;8204.2;8182.9;8191.3;5435.0;8267.0364890703
28.02.2025;18:00:00;8189.3;8193.2;8179.4;8180.1;10884.0;8266.1161241796
28.02.2025;18:10:00;8180.2;8188.1;8178.0;8186.7;11956.0;8265.2049629378
28.02.2025;18:20:00;8187.8;8194.1;8184.6;8191.9;2253.0;8264.3029133084
28.02.2025;18:30:00;8192.7;8199.0;8180.0;8180.7;4034.0;8263.4098841753
28.02.2025;18:40:00;8181.7;8182.6;8164.6;8168.5;5012.0;8262.5257853335
28.02.2025;19:00:00;8182.4;8218.4;8182.3;8186.8;3946.0;8261.5465274802
28.02.2025;19:10:00;8188.5;8206.6;8185.0;8197.1;2908.0;8260.5770622054
28.02.2025;19:20:00;8197.2;8198.3;8182.9;8182.9;2781.0;8259.6172915834
28.02.2025;19:30:00;8185.8;8186.7;8174.5;8174.5;2228.0;8258.6671186675
28.02.2025;19:40:00;8174.0;8188.0;8174.0;8181.2;3040.0;8257.7264474808
28.02.2025;19:50:00;8181.1;8181.2;8126.2;8130.3;8025.0;8256.795183006
28.02.2025;20:00:00;8130.8;8164.5;8112.9;8164.5;9306.0;8255.489231176
28.02.2025;20:10:00;8161.5;8162.1;8142.9;8150.2;4458.0;8254.0633388642
28.02.2025;20:20:00;8152.3;8160.0;8146.0;8148.7;1015.0;8252.6517054756
28.02.2025;20:30:00;8148.5;8151.5;8134.7;8134.7;2208.0;8251.2541884208
28.02.2025;20:40:00;8135.3;8147.7;8131.7;8147.7;8108.0;8249.8706465366
28.02.2025;20:50:00;8142.5;8148.0;8142.5;8147.8;432.0;8248.5009400712
28.02.2025;21:00:00;8148.0;8149.9;8130.5;8140.1;2544.0;8247.1449306705
28.02.2025;21:10:00;8142.2;8161.8;8138.2;8161.8;1146.0;8245.8024813638
28.02.2025;21:20:00;8160.6;8189.9;8145.7;8169.5;9667.0;8244.4734565502
28.02.2025;21:30:00;8172.2;8185.0;8143.3;8175.1;2745.0;8243.1577219847
28.02.2025;21:40:00;8176.0;8184.3;8167.4;8184.2;526.0;8241.8551447648
28.02.2025;21:50:00;8183.7;8184.2;8174.0;8174.0;634.0;8240.5655933172
28.02.2025;22:00:00;8172.0;8199.4;8168.3;8181.7;4038.0;8239.288937384
28.02.2025;22:10:00;8182.7;8186.8;8175.9;8177.3;2100.0;8238.0250480102
28.02.2025;22:20:00;8177.4;8180.7;8170.1;8172.0;798.0;8236.7737975301
28.02.2025;22:30:00;8173.6;8176.1;8166.0;8169.7;1123.0;8235.5350595548
28.02.2025;22:40:00;8168.6;8177.5;8159.4;8168.2;774.0;8234.3087089592
28.02.2025;22:50:00;8167.8;8168.5;8158.0;8158.0;587.0;8233.0946218696
28.02.2025;23:00:00;8159.0;8159.0;8145.0;8145.3;1619.0;8231.8926756509
28.02.2025;23:10:00;8145.1;8154.8;8138.4;8150.0;2894.0;8230.7027488944
28.02.2025;23:20:00;8150.1;8151.6;8115.9;8121.9;1659.0;8229.5247214055
28.02.2025;23:30:00;8122.0;8138.6;8122.0;8138.3;1657.0;8228.3584741914
28.02.2025;23:40:00;8135.0;8136.7;8120.1;8136.0;1444.0;8227.2038894495
03.03.2025;08:50:00;8156.2;8156.2;8156.2;8156.2;80.0;8226.060850555
03.03.2025;09:00:00;8156.8;8224.5;8150.2;8224.2;8634.0;8224.9292420495
03.03.2025;09:10:00;8223.5;8234.3;8213.1;8229.7;6179.0;8112.9
03.03.2025;09:20:00;8231.0;8234.9;8216.3;8218.2;2520.0;8115.328
03.03.2025;09:30:00;8216.8;8234.8;8216.7;8225.3;2709.0;8116.52372
03.03.2025;09:40:00;8228.2;8233.7;8225.0;8233.7;1134.0;8117.7074828
03.03.2025;09:50:00;8233.9;8259.4;8233.9;8239.7;3811.0;8118.879407972
03.03.2025;10:00:00;8243.0;8275.0;8243.0;8260.9;7338.0;8120.2846138923
03.03.2025;10:10:00;8261.1;8269.9;8255.6;8259.6;2750.0;8121.8317677534
03.03.2025;10:20:00;8260.6;8263.7;8226.0;8235.9;6017.0;8123.3634500758
03.03.2025;10:30:00;8237.6;8240.0;8221.7;8237.8;4349.0;8124.8798155751
03.03.2025;10:40:00;8236.7;8244.3;8229.8;8234.4;3383.0;8126.3810174193
03.03.2025;10:50:00;8234.4;8237.2;8226.4;8228.7;2927.0;8127.8672072451
03.03.2025;11:00:00;8230.0;8238.0;8228.7;8231.1;1863.0;8129.3385351727
03.03.2025;11:10:00;8233.1;8237.0;8223.1;8229.5;986.0;8130.7951498209
03.03.2025;11:20:00;8229.0;8229.1;8205.0;8215.2;8121.0;8132.2371983227
03.03.2025;11:30:00;8215.4;8215.4;8196.0;8213.6;3705.0;8133.6648263395
03.03.2025;11:40:00;8213.7;8219.4;8207.0;8218.6;1518.0;8135.0781780761
03.03.2025;11:50:00;8218.7;8226.8;8215.6;8219.0;2845.0;8136.4773962954
03.03.2025;12:00:00;8217.2;8234.0;8216.2;8228.2;3260.0;8137.8626223324
03.03.2025;12:10:00;8229.0;8238.7;8225.0;8238.7;2277.0;8139.2339961091
03.03.2025;12:20:00;8238.8;8249.3;8236.0;8244.0;4831.0;8140.591656148
03.03.2025;12:30:00;8244.0;8250.1;8235.4;8241.1;3869.0;8141.9357395865
03.03.2025;12:40:00;8243.9;8249.4;8234.4;8246.6;3266.0;8143.2663821906
03.03.2025;12:50:00;8246.5;8256.4;8241.1;8243.7;2583.0;8144.5837183687
03.03.2025;13:00:00;8243.8;8256.0;8238.4;8238.4;2136.0;8145.887881185
03.03.2025;13:10:00;8238.6;8252.4;8237.0;8247.9;3166.0;8147.1790023732
03.03.2025;13:20:00;8247.8;8257.8;8247.8;8257.1;1495.0;8148.4572123495
03.03.2025;13:30:00;8257.8;8269.0;8255.9;8263.9;4561.0;8149.722640226
03.03.2025;13:40:00;8265.0;8269.2;8253.7;8258.3;2662.0;8150.9754138237
03.03.2025;13:50:00;8259.9;8266.9;8257.3;8262.2;3469.0;8152.2156596855
03.03.2025;14:00:00;8263.3;8272.7;8263.3;8272.3;2561.0;8153.4435030886
03.03.2025;14:10:00;8271.2;8299.7;8271.1;8294.8;16817.0;8154.6590680577
03.03.2025;14:20:00;8294.9;8318.6;8291.6;8306.0;9401.0;8156.1094773772
03.03.2025;14:30:00;8306.1;8311.3;8293.8;8308.0;5381.0;8157.7343826034
03.03.2025;14:40:00;8308.0;8313.0;8300.0;8303.0;2021.0;8159.3430387773
03.03.2025;14:50:00;8305.4;8315.0;8301.2;8314.5;2084.0;8160.9356083896
03.03.2025;15:00:00;8314.5;8320.0;8309.2;8319.4;1979.0;8162.5122523057
03.03.2025;15:10:00;8319.5;8320.0;8314.8;8315.0;3053.0;8164.0871297826
03.03.2025;15:20:00;8315.3;8317.6;8303.0;8309.9;5347.0;8165.6462584848
03.03.2025;15:30:00;8311.0;8318.9;8310.2;8315.0;1427.0;8167.1897958999
03.03.2025;15:40:00;8314.4;8317.1;8291.4;8308.2;12256.0;8168.7178979409
03.03.2025;15:50:00;8309.0;8314.6;8306.0;8309.4;1099.0;8170.2307189615
03.03.2025;16:00:00;8311.2;8315.4;8305.0;8305.3;6751.0;8171.7284117719
03.03.2025;16:10:00;8305.8;8314.0;8305.0;8309.9;1899.0;8173.2111276542
03.03.2025;16:20:00;8308.7;8314.2;8308.5;8313.0;3516.0;8174.6790163777
03.03.2025;16:30:00;8312.9;8316.0;8310.4;8315.5;3146.0;8176.1322262139
03.03.2025;16:40:00;8315.7;8329.0;8315.7;8315.7;6573.0;8177.5709039517
03.03.2025;16:50:00;8314.8;8323.1;8312.8;8315.8;6835.0;8179.0851949122
03.03.2025;17:00:00;8317.6;8328.5;8315.0;8321.6;9590.0;8180.5843429631
03.03.2025;17:10:00;8321.5;8326.2;8317.9;8321.0;5451.0;8182.0684995335
03.03.2025;17:20:00;8320.8;8323.2;8312.9;8316.7;6576.0;8183.5378145381
03.03.2025;17:30:00;8317.1;8353.8;8317.0;8338.2;11833.0;8184.9924363928
03.03.2025;17:40:00;8338.3;8340.6;8303.6;8312.1;10062.0;8186.6805120288
03.03.2025;17:50:00;8312.0;8328.4;8297.8;8301.4;7227.0;8188.3517069085
03.03.2025;18:00:00;8302.9;8319.4;8293.7;8310.6;17540.0;8190.0061898395
03.03.2025;18:10:00;8309.3;8326.1;8306.3;8317.2;10402.0;8191.6441279411
03.03.2025;18:20:00;8315.8;8327.6;8307.3;8310.4;7859.0;8193.2656866617
03.03.2025;18:30:00;8310.2;8313.5;8304.3;8307.1;13116.0;8194.871029795
03.03.2025;18:40:00;8307.1;8310.7;8306.1;8307.0;4490.0;8196.4603194971
03.03.2025;19:00:00;8307.1;8320.0;8306.2;8318.2;2077.0;8198.0337163021
03.03.2025;19:10:00;8318.6;8336.3;8313.0;8330.5;2119.0;8199.5913791391
03.03.2025;19:20:00;8330.6;8333.0;8320.8;8326.6;1297.0;8201.1334653477
03.03.2025;19:30:00;8326.3;8345.1;8326.3;8345.1;3044.0;8202.6601306942
03.03.2025;19:40:00;8345.1;8356.5;8329.9;8337.7;5921.0;8204.1715293873
03.03.2025;19:50:00;8337.4;8339.3;8325.7;8327.8;3961.0;8205.6948140934
03.03.2025;20:00:00;8327.9;8340.0;8326.5;8340.0;2216.0;8207.2028659525
03.03.2025;20:10:00;8340.0;8348.0;8332.9;8332.9;2416.0;8208.6958372929
03.03.2025;20:20:00;8332.4;8332.9;8314.5;8316.4;2931.0;8210.17387892
03.03.2025;20:30:00;8318.7;8327.1;8311.9;8327.1;898.0;8211.6371401308
03.03.2025;20:40:00;8325.2;8335.4;8324.3;8324.4;680.0;8213.0857687295
03.03.2025;20:50:00;8322.2;8324.1;8320.0;8322.6;152.0;8214.5199110422
03.03.2025;21:00:00;8324.1;8324.1;8296.0;8308.5;6905.0;8215.9397119318
03.03.2025;21:10:00;8308.5;8328.4;8300.9;8328.4;2746.0;8217.3453148125
03.03.2025;21:20:00;8328.5;8350.0;8328.5;8343.5;3998.0;8218.7368616643
03.03.2025;21:30:00;8343.7;8349.8;8334.3;8340.0;2206.0;8220.1144930477
03.03.2025;21:40:00;8337.0;8349.5;8334.1;8345.7;1147.0;8221.4783481172
03.03.2025;21:50:00;8345.4;8352.6;8339.7;8345.6;1347.0;8222.8285646361
03.03.2025;22:00:00;8345.7;8349.2;8339.0;8342.0;707.0;8224.1652789897
03.03.2025;22:10:00;8344.5;8344.8;8320.0;8327.8;3257.0;8225.4886261998
03.03.2025;22:20:00;8328.6;8332.6;8278.2;8283.4;9789.0;8226.7987399378
03.03.2025;22:30:00;8283.0;8302.9;8255.1;8257.0;7453.0;8228.0957525384
03.03.2025;22:40:00;8257.0;8289.8;8247.7;8289.8;6358.0;8229.379795013
03.03.2025;22:50:00;8290.0;8292.0;8264.1;8269.2;1793.0;8230.6509970629
03.03.2025;23:00:00;8266.9;8284.0;8261.8;8275.8;2999.0;8231.9094870923
03.03.2025;23:10:00;8276.6;8299.0;8275.6;8297.0;2233.0;8233.1553922214
03.03.2025;23:20:00;8297.0;8298.1;8273.9;8292.4;529.0;8234.3888382991
03.03.2025;23:30:00;8292.4;8299.0;8291.3;8291.9;301.0;8235.6099499162
03.03.2025;23:40:00;8291.4;8307.5;8291.4;8305.0;1031.0;8236.818850417
04.03.2025;08:50:00;8329.0;8329.0;8329.0;8329.0;205.0;8238.0156619128
04.03.2025;09:00:00;8305.0;8328.0;8277.2;8304.5;2050.0;8239.2005052937
04.03.2025;09:10:00;8302.0;8322.1;8301.2;8313.5;3217.0;8240.3735002408
04.03.2025;09:20:00;8318.2;8319.0;8295.0;8298.1;1254.0;8241.5347652383
04.03.2025;09:30:00;8298.1;8299.4;8261.6;8270.1;3796.0;8242.684417586
04.03.2025;09:40:00;8270.1;8270.1;8261.4;8262.3;7268.0;8243.8225734101
04.03.2025;09:50:00;8262.3;8293.9;8262.1;8286.1;4463.0;8244.949347676
04.03.2025;10:00:00;8288.6;8330.1;8275.4;8326.4;17074.0;8246.0648541992
04.03.2025;10:10:00;8328.5;8341.7;8316.0;8332.0;6425.0;8247.1692056573
04.03.2025;10:20:00;8330.9;8341.8;8320.0;8340.1;4219.0;8248.2625136007
04.03.2025;10:30:00;8340.1;8344.3;8331.1;8336.1;3958.0;8249.3448884647
04.03.2025;10:40:00;8336.8;8338.0;8325.0;8325.0;2963.0;8250.41643958
04.03.2025;10:50:00;8327.2;8358.8;8325.2;8348.6;8052.0;8251.4772751842
04.03.2025;11:00:00;8349.8;8356.2;8332.5;8353.6;7700.0;8252.5505024324
04.03.2025;11:10:00;8355.7;8383.2;8355.7;8383.2;11956.0;8253.6129974081
04.03.2025;11:20:00;8383.3;8385.0;8366.6;8382.9;4235.0;8254.908867434
04.03.2025;11:30:00;8385.0;8389.5;8370.3;8389.5;8156.0;8256.2097787596
04.03.2025;11:40:00;8388.9;8398.4;8378.5;8398.4;16309.0;8257.542680972
04.03.2025;11:50:00;8397.7;8403.0;8394.0;8403.0;11969.0;8258.9512541623
04.03.2025;12:00:00;8403.0;8417.7;8397.0;8398.0;9629.0;8260.3917416207
04.03.2025;12:10:00;8398.1;8410.0;8396.0;8409.5;3860.0;8261.9648242045
04.03.2025;12:20:00;8410.0;8423.6;8405.7;8423.6;4805.0;8263.5221759624
04.03.2025;12:30:00;8423.5;8432.6;8423.5;8425.0;8970.0;8265.1229542028
04.03.2025;12:40:00;8427.3;8428.9;8412.0;8423.3;5929.0;8266.7977246608
04.03.2025;12:50:00;8423.3;8425.0;8413.9;8415.4;2888.0;8268.4557474142
04.03.2025;13:00:00;8415.7;8415.7;8403.3;8406.4;4690.0;8270.09718994
04.03.2025;13:10:00;8406.4;8410.0;8395.3;8404.9;5905.0;8271.7222180406
04.03.2025;13:20:00;8405.5;8415.6;8400.3;8406.3;3597.0;8273.3309958602
04.03.2025;13:30:00;8407.4;8407.5;8400.5;8403.5;2090.0;8274.9236859016
04.03.2025;13:40:00;8405.5;8410.5;8401.9;8406.0;2555.0;8276.5004490426
04.03.2025;13:50:00;8407.7;8411.6;8401.4;8405.1;1330.0;8278.0614445522
04.03.2025;14:00:00;8405.1;8410.2;8400.6;8401.7;1727.0;8279.6068301067
04.03.2025;14:10:00;8401.8;8406.0;8400.2;8405.1;2079.0;8281.1367618056
04.03.2025;14:20:00;8406.2;8413.9;8405.1;8411.6;3232.0;8282.6513941875
04.03.2025;14:30:00;8411.7;8418.7;8407.5;8417.2;5519.0;8284.1508802457
04.03.2025;14:40:00;8417.3;8422.1;8400.4;8401.7;6977.0;8285.6353714432
04.03.2025;14:50:00;8402.2;8406.9;8399.2;8405.0;1649.0;8287.1050177288
04.03.2025;15:00:00;8404.0;8427.5;8401.5;8427.0;5490.0;8288.5599675515
04.03.2025;15:10:00;8427.0;8434.9;8425.0;8428.4;10242.0;8290.000367876
04.03.2025;15:20:00;8428.4;8436.0;8428.4;8431.9;2924.0;8291.4493641972
04.03.2025;15:30:00;8432.3;8433.9;8414.3;8417.5;11033.0;8292.8948705553
04.03.2025;15:40:00;8417.6;8430.4;8411.3;8416.0;2995.0;8294.3259218497
04.03.2025;15:50:00;8420.8;8423.4;8413.5;8417.2;5124.0;8295.7426626312
04.03.2025;16:00:00;8418.1;8424.3;8415.0;8423.3;1905.0;8297.1452360049
04.03.2025;16:10:00;8423.4;8424.8;8418.1;8424.0;673.0;8298.5337836448
04.03.2025;16:20:00;8420.3;8431.9;8415.0;8415.0;3189.0;8299.9084458084
04.03.2025;16:30:00;8415.0;8425.9;8415.0;8425.9;714.0;8301.2693613503
04.03.2025;16:40:00;8425.8;8434.4;8417.5;8433.0;5811.0;8302.6166677368
04.03.2025;16:50:00;8430.7;8436.8;8428.1;8432.3;6165.0;8303.9505010594
04.03.2025;17:00:00;8435.0;8435.0;8426.2;8428.2;1512.0;8305.2789960488
04.03.2025;17:10:00;8427.8;8427.8;8415.7;8416.9;8898.0;8306.5942060884
04.03.2025;17:20:00;8416.9;8424.9;8411.3;8418.9;2864.0;8307.8962640275
04.03.2025;17:30:00;8419.2;8420.0;8392.1;8392.3;7083.0;8309.1853013872
04.03.2025;17:40:00;8394.1;8403.2;8367.8;8377.2;23498.0;8310.4614483733
04.03.2025;17:50:00;8377.1;8384.0;8368.5;8369.0;16330.0;8311.7248338896
04.03.2025;18:00:00;8369.0;8400.9;8362.4;8393.1;9665.0;8312.9755855507
04.03.2025;18:10:00;8392.3;8396.7;8367.9;8374.5;5037.0;8314.2138296952
04.03.2025;18:20:00;8375.9;8377.1;8369.2;8373.2;3585.0;8315.4396913982
04.03.2025;18:30:00;8373.1;8388.1;8370.2;8385.4;1970.0;8316.6532944843
04.03.2025;18:40:00;8385.2;8389.0;8365.0;8365.4;2470.0;8317.8547615394
04.03.2025;19:00:00;8367.0;8385.2;8327.4;8330.6;5936.0;8319.044213924
04.03.2025;19:10:00;8330.7;8351.3;8327.0;8339.3;5450.0;8320.2217717848
04.03.2025;19:20:00;8338.0;8354.5;8336.1;8346.5;2396.0;8321.3875540669
04.03.2025;19:30:00;8347.0;8360.3;8345.8;8350.9;3408.0;8322.5416785263
04.03.2025;19:40:00;8351.8;8373.6;8350.9;8371.9;2932.0;8323.684261741
04.03.2025;19:50:00;8373.0;8381.9;8373.0;8373.0;2530.0;8324.8154191236
04.03.2025;20:00:00;8373.0;8373.0;8353.3;8368.3;4721.0;8325.9352649324
04.03.2025;20:10:00;8367.0;8367.3;8358.6;8361.6;362.0;8327.043912283
04.03.2025;20:20:00;8360.0;8360.0;8346.4;8350.9;632.0;8328.1414731602
04.03.2025;20:30:00;8351.1;8354.8;8349.0;8354.8;746.0;8329.2280584286
04.03.2025;20:40:00;8353.1;8363.7;8351.6;8361.9;625.0;8330.3037778443
04.03.2025;20:50:00;8361.6;8362.2;8346.0;8346.3;838.0;8331.3687400659
04.03.2025;21:00:00;8346.1;8349.7;8336.0;8340.2;2301.0;8332.4230526652
04.03.2025;21:10:00;8338.9;8351.5;8338.5;8350.7;836.0;8333.4668221386
04.03.2025;21:20:00;8350.5;8350.5;8339.6;8347.8;414.0;8334.5001539172
04.03.2025;21:30:00;8345.3;8350.0;8344.6;8346.2;333.0;8335.523152378
04.03.2025;21:40:00;8344.6;8348.0;8341.5;8343.2;780.0;8336.5359208542
04.03.2025;21:50:00;8341.9;8351.3;8340.7;8348.0;509.0;8337.5385616457
04.03.2025;22:00:00;8350.1;8355.8;8349.4;8351.0;359.0;8338.5311760292
04.03.2025;22:10:00;8351.0;8360.0;8349.0;8360.0;1398.0;8339.5138642689
04.03.2025;22:20:00;8360.0;8366.0;8359.1;8364.2;543.0;8340.4867256262
04.03.2025;22:30:00;8364.2;8368.9;8363.3;8367.5;526.0;8341.44985837
04.03.2025;22:40:00;8365.9;8369.0;8365.5;8368.8;912.0;8342.4033597863
04.03.2025;22:50:00;8368.8;8369.0;8366.6;8368.4;333.0;8343.3473261884
04.03.2025;23:00:00;8368.6;8385.2;8366.2;8369.7;3512.0;8344.2818529265
04.03.2025;23:10:00;8370.9;8394.3;8370.9;8385.6;3223.0;8345.2070343973
04.03.2025;23:20:00;8388.6;8388.6;8373.2;8375.2;445.0;8346.1229640533
04.03.2025;23:30:00;8374.9;8374.9;8368.6;8373.9;171.0;8347.0297344128
04.03.2025;23:40:00;8374.0;8379.9;8369.1;8379.9;263.0;8347.9274370686
05.03.2025;08:50:00;8380.0;8380.0;8380.0;8380.0;18.0;8348.8161626979
05.03.2025;09:00:00;8380.0;8400.0;8380.0;8399.8;2998.0;8349.696001071
05.03.2025;09:10:00;8400.0;8409.9;8396.0;8407.8;4065.0;8350.5670410603
05.03.2025;09:20:00;8408.1;8409.6;8400.7;8401.1;2823.0;8351.4293706497
05.03.2025;09:30:00;8401.1;8405.4;8396.3;8396.3;1501.0;8352.2830769432
05.03.2025;09:40:00;8396.5;8402.5;8386.4;8402.5;2742.0;8353.1282461737
05.03.2025;09:50:00;8403.0;8409.9;8393.8;8409.9;2420.0;8353.964963712
05.03.2025;10:00:00;8408.9;8450.0;8408.8;8447.5;15320.0;8354.7933140749
05.03.2025;10:10:00;8446.1;8455.3;8438.4;8445.3;8385.0;8355.7453809341
05.03.2025;10:20:00;8445.9;8459.7;8436.2;8454.9;6246.0;8356.7409271248
05.03.2025;10:30:00;8456.9;8463.4;8437.4;8445.0;8182.0;8357.7705178535
05.03.2025;10:40:00;8442.9;8451.7;8437.0;8437.0;3090.0;8358.826812675
05.03.2025;10:50:00;8437.0;8452.5;8430.6;8452.5;2049.0;8359.8725445482
05.03.2025;11:00:00;8452.5;8465.9;8448.8;8452.8;7708.0;8360.9078191028
05.03.2025;11:10:00;8456.3;8461.7;8450.1;8459.0;5439.0;8361.9577409117
05.03.2025;11:20:00;8459.1;8461.6;8453.3;8460.8;2272.0;8362.9971635026
05.03.2025;11:30:00;8458.5;8462.0;8452.6;8454.2;3769.0;8364.0261918676
05.03.2025;11:40:00;8458.3;8461.1;8452.0;8460.9;3571.0;8365.0449299489
05.03.2025;11:50:00;8458.7;8461.2;8456.2;8459.5;1256.0;8366.0534806494
05.03.2025;12:00:00;8459.9;8463.0;8445.6;8446.6;5154.0;8367.0519458429
05.03.2025;12:10:00;8447.0;8451.7;8445.9;8449.8;3679.0;8368.0404263845
05.03.2025;12:20:00;8450.8;8450.8;8441.5;8445.8;10413.0;8369.0190221207
05.03.2025;12:30:00;8444.0;8451.7;8437.1;8451.7;4275.0;8369.9878318995
05.03.2025;12:40:00;8451.7;8455.8;8441.1;8444.7;4731.0;8370.9469535805
05.03.2025;12:50:00;8444.7;8445.4;8438.2;8442.2;3293.0;8371.8964840447
05.03.2025;13:00:00;8442.5;8443.1;8432.5;8436.0;7053.0;8372.8365192042
05.03.2025;13:10:00;8435.9;8436.5;8415.0;8420.0;10260.0;8373.7671540122
05.03.2025;13:20:00;8420.0;8430.1;8415.0;8429.5;4061.0;8374.688482472
05.03.2025;13:30:00;8426.7;8431.7;8421.6;8427.4;2678.0;8375.6005976473
05.03.2025;13:40:00;8428.3;8432.5;8423.4;8432.0;1126.0;8376.5035916708
05.03.2025;13:50:00;8431.6;8441.6;8420.1;8439.0;3185.0;8377.3975557541
05.03.2025;14:00:00;8431.6;8453.4;8431.6;8444.3;3162.0;8378.2825801966
05.03.2025;14:10:00;8447.6;8453.6;8438.4;8453.0;2590.0;8379.1587543946
05.03.2025;14:20:00;8450.8;8461.1;8450.8;8458.1;2304.0;8380.0261668507
05.03.2025;14:30:00;8459.4;8460.7;8447.8;8454.8;2585.0;8380.8849051822
05.03.2025;14:40:00;8454.8;8465.0;8454.8;8458.2;5254.0;8381.7350561304
05.03.2025;14:50:00;8457.9;8458.0;8448.1;8455.0;2623.0;8382.5767055691
05.03.2025;15:00:00;8455.0;8455.0;8450.2;8455.0;1157.0;8383.4099385134
05.03.2025;15:10:00;8453.8;8461.7;8450.0;8454.8;1826.0;8384.2348391282
05.03.2025;15:20:00;8452.2;8458.9;8450.0;8457.7;1147.0;8385.0514907369
05.03.2025;15:30:00;8458.0;8459.1;8435.3;8438.7;5562.0;8385.8599758296
05.03.2025;15:40:00;8438.8;8454.9;8434.7;8451.8;2713.0;8386.6603760713
05.03.2025;15:50:00;8454.0;8459.0;8442.3;8452.5;3931.0;8387.4527723106
05.03.2025;16:00:00;8453.8;8456.0;8439.7;8441.6;2105.0;8388.2372445875
05.03.2025;16:10:00;8440.3;8449.2;8438.6;8443.6;1075.0;8389.0138721416
05.03.2025;16:20:00;8443.7;8443.9;8419.1;8421.7;5921.0;8389.7827334202
05.03.2025;16:30:00;8422.5;8429.5;8410.0;8412.2;11052.0;8390.543906086
05.03.2025;16:40:00;8411.8;8413.1;8369.1;8380.4;25666.0;8465.9
05.03.2025;16:50:00;8380.6;8402.4;8374.2;8398.3;10089.0;8463.964
05.03.2025;17:00:00;8396.7;8411.4;8384.2;8385.5;12530.0;8462.06672
05.03.2025;17:10:00;8384.2;8391.6;8380.0;8384.8;3991.0;8460.2073856
05.03.2025;17:20:00;8386.6;8405.0;8386.6;8404.5;4570.0;8458.385237888
05.03.2025;17:30:00;8403.6;8419.7;8403.6;8417.4;4669.0;8456.5995331302
05.03.2025;17:40:00;8417.4;8432.8;8415.2;8419.1;8372.0;8454.8495424676
05.03.2025;17:50:00;8417.1;8422.0;8404.9;8410.6;3718.0;8453.1345516183
05.03.2025;18:00:00;8409.9;8429.9;8400.0;8418.6;3866.0;8451.4538605859
05.03.2025;18:10:00;8420.4;8433.0;8412.5;8425.5;1715.0;8449.8067833742
05.03.2025;18:20:00;8425.4;8436.9;8424.1;8431.5;3684.0;8448.1926477067
05.03.2025;18:30:00;8430.8;8439.5;8426.7;8439.5;2209.0;8446.6107947526
05.03.2025;18:40:00;8435.4;8438.0;8423.0;8430.0;3571.0;8445.0605788575
05.03.2025;19:00:00;8430.0;8450.7;8413.1;8450.7;2000.0;8369.1
05.03.2025;19:10:00;8450.7;8465.1;8449.7;8460.4;4562.0;8370.732
05.03.2025;19:20:00;8460.6;8483.8;8460.0;8475.1;4131.0;8371.67568
05.03.2025;19:30:00;8475.4;8481.0;8462.7;8477.5;4487.0;8372.7969232
05.03.2025;19:40:00;8471.7;8473.3;8458.3;8461.1;2832.0;8373.906953968
05.03.2025;19:50:00;8461.6;8477.0;8459.6;8461.3;1065.0;8375.0058844283
05.03.2025;20:00:00;8460.1;8464.3;8443.6;8446.9;1656.0;8376.093825584
05.03.2025;20:10:00;8447.3;8447.3;8430.2;8437.5;1249.0;8377.1708873282
05.03.2025;20:20:00;8440.0;8440.0;8432.0;8434.8;1641.0;8378.2371784549
05.03.2025;20:30:00;8433.8;8444.1;8433.8;8439.0;1524.0;8379.2928066704
05.03.2025;20:40:00;8438.7;8447.3;8438.7;8446.9;764.0;8380.3378786037
05.03.2025;20:50:00;8446.9;8450.6;8436.1;8443.0;1582.0;8381.3724998176
05.03.2025;21:00:00;8443.6;8456.6;8440.0;8446.3;1051.0;8382.3967748194
05.03.2025;21:10:00;8449.5;8455.4;8449.2;8455.0;948.0;8383.4108070713
05.03.2025;21:20:00;8453.9;8468.3;8449.7;8460.1;2831.0;8384.4146990005
05.03.2025;21:30:00;8460.3;8469.0;8436.8;8448.7;3405.0;8385.4085520105
05.03.2025;21:40:00;8451.2;8457.4;8444.2;8456.7;2275.0;8386.3924664904
05.03.2025;21:50:00;8456.2;8465.2;8455.7;8456.7;381.0;8387.3665418255
05.03.2025;22:00:00;8456.6;8463.8;8446.0;8456.8;1438.0;8388.3308764073
05.03.2025;22:10:00;8455.0;8470.0;8450.7;8469.5;1184.0;8389.2855676432
05.03.2025;22:20:00;8469.5;8486.3;8466.1;8480.0;6612.0;8390.2307119668
05.03.2025;22:30:00;8480.0;8489.8;8476.2;8480.5;2243.0;8391.1914048471
05.03.2025;22:40:00;8478.7;8487.3;8477.4;8480.7;675.0;8392.1774907986
05.03.2025;22:50:00;8478.1;8484.4;8476.4;8476.4;1057.0;8393.1537158906
05.03.2025;23:00:00;8479.9;8484.1;8475.6;8483.1;1549.0;8394.1201787317
05.03.2025;23:10:00;8483.4;8484.8;8478.5;8478.5;317.0;8395.0769769444
05.03.2025;23:20:00;8480.6;8484.8;8475.7;8484.8;465.0;8396.024207175
05.03.2025;23:30:00;8484.3;8497.0;8483.1;8486.0;1651.0;8396.9619651032
05.03.2025;23:40:00;8486.0;8500.0;8486.0;8489.0;2171.0;8397.9623454522
06.03.2025;08:50:00;8490.0;8490.0;8490.0;8490.0;35.0;8398.9827219977
06.03.2025;09:00:00;8490.0;8512.8;8471.0;8479.1;6590.0;8399.9928947777
06.03.2025;09:10:00;8480.0;8494.5;8478.1;8493.9;3527.0;8401.1209658299
06.03.2025;09:20:00;8493.9;8493.9;8483.0;8485.6;1528.0;8402.2377561716
06.03.2025;09:30:00;8483.4;8494.0;8481.7;8490.0;1449.0;8403.3433786099
06.03.2025;09:40:00;8492.7;8494.0;8487.5;8490.0;964.0;8404.4379448238
06.03.2025;09:50:00;8491.6;8502.2;8491.3;8498.1;6181.0;8405.5215653756
06.03.2025;10:00:00;8496.7;8505.7;8461.0;8481.1;13897.0;8406.5943497218
06.03.2025;10:10:00;8478.9;8480.6;8468.7;8472.5;2644.0;8407.6564062246
06.03.2025;10:20:00;8468.7;8471.6;8455.2;8455.2;3224.0;8408.7078421623
06.03.2025;10:30:00;8456.2;8466.7;8440.1;8462.6;6010.0;8409.7487637407
06.03.2025;10:40:00;8461.8;8462.0;8440.5;8443.9;4783.0;8410.7792761033
06.03.2025;10:50:00;8443.5;8447.0;8440.5;8441.0;1944.0;8411.7994833423
06.03.2025;11:00:00;8441.0;8460.1;8433.1;8458.0;5575.0;8412.8094885089
06.03.2025;11:10:00;8457.4;8457.5;8440.0;8445.8;2804.0;8413.8093936238
06.03.2025;11:20:00;8445.8;8448.4;8437.0;8445.9;8174.0;8414.7992996875
06.03.2025;11:30:00;8446.0;8452.2;8415.0;8416.1;9971.0;8512.8
06.03.2025;11:40:00;8416.0;8424.5;8405.2;8408.6;10991.0;8510.844
06.03.2025;11:50:00;8407.1;8422.2;8405.2;8421.5;4858.0;8509.78756
06.03.2025;12:00:00;8420.1;8420.8;8409.0;8418.7;1214.0;8508.7416844
06.03.2025;12:10:00;8419.4;8426.2;8409.6;8411.2;3863.0;8507.706267556
06.03.2025;12:20:00;8413.3;8413.3;8381.5;8393.2;12143.0;8506.6812048804
06.03.2025;12:30:00;8391.7;8391.7;8378.5;8383.7;8808.0;8505.4293928316
06.03.2025;12:40:00;8383.8;8391.2;8379.9;8381.3;4101.0;8504.1600989033
06.03.2025;12:50:00;8381.2;8384.1;8371.0;8371.6;10686.0;8502.9034979143
06.03.2025;13:00:00;8372.0;8398.4;8370.6;8388.8;7117.0;8501.5844629351
06.03.2025;13:10:00;8388.9;8411.5;8388.6;8408.8;7258.0;8500.2746183058
06.03.2025;13:20:00;8406.4;8410.1;8400.0;8401.2;2498.0;8498.9778721227
06.03.2025;13:30:00;8401.1;8413.0;8401.0;8405.6;2376.0;8497.6940934015
06.03.2025;13:40:00;8403.7;8405.8;8392.5;8395.4;2389.0;8496.4231524675
06.03.2025;13:50:00;8399.7;8402.9;8391.1;8391.1;1128.0;8495.1649209428
06.03.2025;14:00:00;8396.0;8402.0;8391.6;8391.6;880.0;8493.9192717334
06.03.2025;14:10:00;8392.8;8398.0;8390.2;8395.5;1110.0;8492.6860790161
06.03.2025;14:20:00;8394.2;8403.8;8394.2;8398.6;1446.0;8491.4652182259
06.03.2025;14:30:00;8400.1;8414.9;8399.9;8407.2;1302.0;8490.2565660436
06.03.2025;14:40:00;8407.2;8412.1;8399.5;8407.4;560.0;8489.0600003832
06.03.2025;14:50:00;8407.0;8409.2;8403.7;8404.8;605.0;8487.8754003794
06.03.2025;15:00:00;8406.3;8409.8;8402.0;8402.6;1385.0;8486.7026463756
06.03.2025;15:10:00;8401.3;8406.7;8398.3;8406.7;1000.0;8485.5416199118
06.03.2025;15:20:00;8406.8;8423.1;8405.2;8410.6;2177.0;8484.3922037127
06.03.2025;15:30:00;8412.9;8412.9;8400.3;8405.9;1336.0;8483.2542816756
06.03.2025;15:40:00;8404.9;8404.9;8398.0;8398.0;1659.0;8482.1277388588
06.03.2025;15:50:00;8399.1;8401.3;8388.9;8398.2;1961.0;8481.0124614702
06.03.2025;16:00:00;8399.1;8404.8;8393.3;8399.6;1028.0;8479.9083368555
06.03.2025;16:10:00;8399.6;8412.5;8395.5;8399.7;1922.0;8478.815253487
06.03.2025;16:20:00;8398.4;8398.5;8384.5;8397.6;4284.0;8477.7331009521
06.03.2025;16:30:00;8396.0;8405.9;8387.1;8393.3;1587.0;8476.6617699426
06.03.2025;16:40:00;8393.5;8396.3;8381.0;8389.8;2632.0;8475.6011522432
06.03.2025;16:50:00;8389.1;8395.5;8383.6;8391.7;1190.0;8474.5511407207
06.03.2025;17:00:00;8386.7;8408.8;8384.2;8403.4;1299.0;8473.5116293135
06.03.2025;17:10:00;8404.0;8404.0;8389.3;8393.6;1807.0;8472.4825130204
06.03.2025;17:20:00;8391.9;8405.1;8390.0;8390.7;880.0;8471.4636878902
06.03.2025;17:30:00;8391.5;8406.0;8391.5;8405.7;686.0;8470.4550510113
06.03.2025;17:40:00;8407.0;8430.6;8403.9;8429.3;6699.0;8469.4565005012
06.03.2025;17:50:00;8429.3;8429.3;8416.3;8420.0;3018.0;8468.4679354961
06.03.2025;18:00:00;8420.0;8435.3;8419.0;8432.1;2846.0;8467.4892561412
06.03.2025;18:10:00;8432.1;8435.0;8425.0;8433.0;1477.0;8466.5203635798
06.03.2025;18:20:00;8433.1;8438.7;8408.2;8418.2;6045.0;8465.561159944
06.03.2025;18:30:00;8420.6;8426.1;8415.6;8416.6;1282.0;8464.6115483445
06.03.2025;18:40:00;8419.0;8426.8;8411.3;8425.2;1907.0;8463.6714328611
06.03.2025;19:00:00;8426.8;8431.0;8425.0;8426.1;521.0;8462.7407185325
06.03.2025;19:10:00;8428.2;8438.7;8425.0;8438.7;1345.0;8461.8193113472
06.03.2025;19:20:00;8438.7;8450.1;8436.8;8444.8;2503.0;8460.9071182337
06.03.2025;19:30:00;8444.8;8450.0;8440.9;8450.0;2934.0;8460.0040470513
06.03.2025;19:40:00;8450.0;8456.4;8448.7;8456.3;1756.0;8459.1100065808
06.03.2025;19:50:00;8456.0;8456.0;8446.8;8450.5;1399.0;8458.224906515
06.03.2025;20:00:00;8450.7;8461.6;8450.7;8461.3;1533.0;8370.6
06.03.2025;20:10:00;8461.6;8479.0;8459.1;8460.1;3572.0;8372.42
06.03.2025;20:20:00;8460.0;8464.4;8452.7;8452.9;1271.0;8373.4858
06.03.2025;20:30:00;8455.4;8455.8;8449.5;8453.4;1026.0;8374.540942
06.03.2025;20:40:00;8452.0;8453.2;8443.4;8447.8;1995.0;8375.58553258
06.03.2025;20:50:00;8444.0;8445.7;8430.9;8435.9;1986.0;8376.6196772542
06.03.2025;21:00:00;8435.5;8448.2;8434.7;8445.8;738.0;8377.6434804817
06.03.2025;21:10:00;8444.2;8459.6;8444.2;8458.3;557.0;8378.6570456768
06.03.2025;21:20:00;8457.0;8459.9;8447.4;8447.4;624.0;8379.6604752201
06.03.2025;21:30:00;8447.8;8450.3;8441.7;8444.6;1433.0;8380.6538704679
06.03.2025;21:40:00;8444.6;8448.2;8436.2;8448.2;701.0;8381.6373317632
06.03.2025;21:50:00;8450.6;8453.2;8449.6;8449.6;164.0;8382.6109584456
06.03.2025;22:00:00;8450.6;8450.7;8420.3;8435.6;2995.0;8383.5748488611
06.03.2025;22:10:00;8434.4;8437.5;8433.7;8436.6;1043.0;8384.5291003725
06.03.2025;22:20:00;8437.0;8439.2;8426.0;8429.9;499.0;8385.4738093688
06.03.2025;22:30:00;8429.9;8430.3;8422.5;8428.8;2231.0;8386.4090712751
06.03.2025;22:40:00;8428.8;8435.4;8425.8;8435.4;206.0;8387.3349805623
06.03.2025;22:50:00;8437.6;8440.0;8423.7;8423.7;560.0;8388.2516307567
06.03.2025;23:00:00;8423.3;8429.3;8422.0;8425.0;188.0;8389.1591144491
06.03.2025;23:10:00;8425.0;8430.0;8425.0;8430.0;108.0;8390.0575233046
06.03.2025;23:20:00;8430.0;8430.0;8422.7;8428.9;180.0;8390.9469480716
06.03.2025;23:30:00;8428.5;8430.8;8422.8;8422.8;434.0;8391.8274785909
06.03.2025;23:40:00;8424.8;8425.4;8409.6;8420.0;2636.0;8392.699203805
07.03.2025;08:50:00;8420.0;8420.0;8420.0;8420.0;33.0;8393.5622117669
07.03.2025;09:00:00;8415.3;8420.0;8390.1;8419.0;3569.0;8479.0
07.03.2025;09:10:00;8418.9;8422.6;8412.9;8418.7;772.0;8477.222
07.03.2025;09:20:00;8418.4;8435.0;8418.4;8435.0;1045.0;8475.47956
07.03.2025;09:30:00;8434.9;8435.0;8432.0;8433.2;464.0;8473.7719688
07.03.2025;09:40:00;8433.8;8435.0;8427.9;8433.3;1506.0;8472.098529424
07.03.2025;09:50:00;8433.1;8436.2;8432.1;8435.9;1353.0;8470.4585588355
07.03.2025;10:00:00;8436.7;8437.0;8412.4;8421.6;4231.0;8468.8513876588
07.03.2025;10:10:00;8423.6;8437.5;8423.1;8435.4;2028.0;8467.2763599056
07.03.2025;10:20:00;8435.4;8435.5;8428.2;8428.2;1008.0;8465.7328327075
07.03.2025;10:30:00;8428.7;8434.4;8423.5;8427.7;1916.0;8464.2201760534
07.03.2025;10:40:00;8427.1;8432.7;8420.0;8432.3;1340.0;8462.7377725323
07.03.2025;10:50:00;8432.3;8432.4;8426.4;8426.6;428.0;8461.2850170817
07.03.2025;11:00:00;8427.4;8430.5;8422.0;8422.0;910.0;8459.86131674
07.03.2025;11:10:00;8422.9;8425.0;8418.7;8421.8;2924.0;8458.4660904052
07.03.2025;11:20:00;8423.1;8427.3;8418.6;8420.6;2018.0;8457.0987685971
07.03.2025;11:30:00;8419.5;8422.6;8411.0;8412.0;4434.0;8455.7587932252
07.03.2025;11:40:00;8414.0;8418.9;8411.3;8416.4;1728.0;8454.4456173607
07.03.2025;11:50:00;8416.5;8423.2;8414.5;8423.1;1548.0;8453.1587050135
07.03.2025;12:00:00;8423.2;8423.2;8419.0;8420.4;2940.0;8451.8975309132
07.03.2025;12:10:00;8420.9;8421.7;8415.1;8419.5;2021.0;8450.6615802949
07.03.2025;12:20:00;8419.8;8425.2;8415.7;8425.2;10497.0;8449.450348689
07.03.2025;12:30:00;8424.5;8430.6;8424.1;8429.8;4867.0;8448.2633417152
07.03.2025;12:40:00;8429.7;8434.5;8409.2;8417.9;22367.0;8447.1000748809
07.03.2025;12:50:00;8414.8;8422.7;8401.8;8409.1;10226.0;8445.9600733833
07.03.2025;13:00:00;8408.0;8408.0;8382.0;8392.1;11890.0;8444.8428719157
07.03.2025;13:10:00;8392.1;8397.0;8389.0;8394.0;8702.0;8444.2144431965
07.03.2025;13:20:00;8394.1;8407.9;8392.6;8401.7;4819.0;8443.5922987645
07.03.2025;13:30:00;8400.0;8407.1;8398.3;8405.5;1144.0;8442.9763757769
07.03.2025;13:40:00;8405.2;8405.2;8388.7;8389.6;1766.0;8442.3666120191
07.03.2025;13:50:00;8390.1;8399.5;8388.6;8398.3;1547.0;8441.7629458989
07.03.2025;14:00:00;8399.4;8399.5;8386.5;8391.7;1835.0;8441.1653164399
07.03.2025;14:10:00;8390.7;8393.3;8385.5;8390.1;1528.0;8440.5736632755
07.03.2025;14:20:00;8389.8;8397.1;8385.0;8393.4;1537.0;8439.9879266428
07.03.2025;14:30:00;8394.6;8409.4;8391.6;8403.0;1308.0;8439.4080473764
07.03.2025;14:40:00;8401.9;8405.7;8392.1;8392.8;1206.0;8438.8339669026
07.03.2025;14:50:00;8394.9;8394.9;8375.5;8381.3;7867.0;8438.2656272336
07.03.2025;15:00:00;8381.9;8392.7;8377.5;8388.0;1247.0;8437.6379709612
07.03.2025;15:10:00;8387.7;8387.7;8382.1;8383.5;1644.0;8437.0165912516
07.03.2025;15:20:00;8385.6;8385.6;8361.0;8363.6;11327.0;8436.4014253391
07.03.2025;15:30:00;8363.6;8366.5;8356.6;8362.8;7566.0;8435.6474110857
07.03.2025;15:40:00;8362.2;8364.7;8342.4;8347.6;5974.0;8434.8569369749
07.03.2025;15:50:00;8347.3;8351.5;8333.8;8335.0;3775.0;8433.9323676051
07.03.2025;16:00:00;8335.0;8349.7;8320.0;8343.1;9876.0;8432.9310439291
07.03.2025;16:10:00;8345.2;8355.0;8333.7;8350.8;13512.0;8431.8017334898
07.03.2025;16:20:00;8349.8;8350.2;8334.4;8334.4;4540.0;8430.6837161549
07.03.2025;16:30:00;8335.1;8361.5;8331.0;8350.2;14570.0;8429.5768789933
07.03.2025;16:40:00;8350.2;8364.0;8340.1;8355.6;2810.0;8428.4811102034
07.03.2025;16:50:00;8355.0;8358.0;8335.0;8349.0;4850.0;8427.3962991014
07.03.2025;17:00:00;8348.4;8350.4;8323.8;8330.7;7253.0;8426.3223361103
07.03.2025;17:10:00;8330.0;8380.0;8325.4;8372.4;7869.0;8425.2591127492
07.03.2025;17:20:00;8369.4;8416.4;8369.3;8387.4;16740.0;8424.2065216217
07.03.2025;17:30:00;8388.2;8405.9;8381.1;8381.7;3307.0;8423.1644564055
07.03.2025;17:40:00;8381.4;8389.8;8352.5;8378.3;5806.0;8422.1328118415
07.03.2025;17:50:00;8377.5;8404.9;8374.2;8394.7;4730.0;8421.1114837231
07.03.2025;18:00:00;8397.7;8410.0;8386.4;8408.8;4753.0;8420.1003688858
07.03.2025;18:10:00;8410.0;8419.4;8400.3;8408.1;4375.0;8320.0
07.03.2025;18:20:00;8408.0;8413.0;8395.4;8396.6;3934.0;8321.988
07.03.2025;18:30:00;8396.4;8405.9;8376.1;8379.4;2976.0;8323.93624
07.03.2025;18:40:00;8380.0;8382.7;8358.8;8360.7;4624.0;8325.8455152
07.03.2025;19:00:00;8390.0;8409.0;8360.1;8360.1;1133.0;8327.716604896
07.03.2025;19:10:00;8361.7;8380.0;8350.0;8379.3;2970.0;8329.5502727981
07.03.2025;19:20:00;8377.7;8380.0;8368.7;8371.3;637.0;8331.3472673421
07.03.2025;19:30:00;8371.3;8372.6;8357.7;8365.2;1450.0;8333.1083219953
07.03.2025;19:40:00;8367.6;8381.5;8365.1;8378.5;1444.0;8334.8341555554
07.03.2025;19:50:00;8379.3;8379.3;8348.0;8348.0;1068.0;8336.5254724443
07.03.2025;20:00:00;8350.2;8360.0;8345.3;8355.1;1440.0;8338.1829629954
07.03.2025;20:10:00;8358.0;8358.1;8306.4;8316.6;13668.0;8419.4
07.03.2025;20:20:00;8316.4;8317.5;8260.0;8280.3;9859.0;8417.14
07.03.2025;20:30:00;8278.4;8309.7;8268.9;8294.1;3971.0;8415.5686
07.03.2025;20:40:00;8296.7;8297.3;8262.8;8289.5;9695.0;8414.012914
07.03.2025;20:50:00;8287.9;8302.7;8282.5;8288.7;2950.0;8412.47278486
07.03.2025;21:00:00;8285.5;8296.7;8275.3;8294.9;2481.0;8410.9480570114
07.03.2025;21:10:00;8292.7;8294.9;8283.5;8288.3;2818.0;8409.4385764413
07.03.2025;21:20:00;8288.3;8289.1;8275.9;8283.4;1082.0;8407.9441906769
07.03.2025;21:30:00;8284.3;8294.5;8282.8;8293.3;1051.0;8406.4647487701
07.03.2025;21:40:00;8294.2;8304.9;8292.2;8304.0;3074.0;8405.0001012824
07.03.2025;21:50:00;8304.1;8317.0;8289.2;8308.0;1701.0;8403.5501002696
07.03.2025;22:00:00;8305.4;8306.7;8288.4;8293.2;730.0;8402.1145992669
07.03.2025;22:10:00;8289.6;8301.4;8287.4;8297.5;1094.0;8400.6934532742
07.03.2025;22:20:00;8295.7;8297.3;8291.1;8292.9;1116.0;8399.2865187415
07.03.2025;22:30:00;8294.7;8296.6;8271.5;8282.0;5037.0;8397.8936535541
07.03.2025;22:40:00;8282.3;8288.6;8280.7;8284.4;284.0;8396.5147170185
07.03.2025;22:50:00;8282.3;8293.2;8276.7;8284.0;695.0;8395.1495698483
07.03.2025;23:00:00;8285.1;8286.5;8275.9;8280.3;1786.0;8393.7980741498
07.03.2025;23:10:00;8280.3;8283.8;8275.2;8280.9;712.0;8392.4600934084
07.03.2025;23:20:00;8282.0;8288.8;8278.6;8283.1;638.0;8391.1354924743
07.03.2025;23:30:00;8285.0;8286.5;8281.0;8286.2;475.0;8389.8241375495
07.03.2025;23:40:00;8286.2;8293.1;8280.6;8280.6;1708.0;8388.525896174
10.03.2025;08:50:00;8290.0;8290.0;8290.0;8290.0;87.0;8387.2406372123
10.03.2025;09:00:00;8290.0;8330.0;8290.0;8319.6;7740.0;8385.9682308402
10.03.2025;09:10:00;8319.3;8340.0;8309.0;8320.0;4673.0;8384.7085485318
10.03.2025;09:20:00;8319.1;8330.1;8315.9;8321.3;3001.0;8383.4614630464
10.03.2025;09:30:00;8321.3;8322.9;8291.2;8299.9;1661.0;8382.226848416
10.03.2025;09:40:00;8299.9;8312.0;8299.5;8312.0;1383.0;8381.0045799318
10.03.2025;09:50:00;8312.0;8325.4;8311.0;8325.4;1118.0;8379.7945341325
10.03.2025;10:00:00;8325.4;8350.9;8325.4;8342.0;10633.0;8378.5965887912
10.03.2025;10:10:00;8341.3;8347.9;8329.9;8337.8;2823.0;8377.4106229033
10.03.2025;10:20:00;8340.0;8360.0;8340.0;8353.5;3520.0;8376.2365166742
10.03.2025;10:30:00;8353.5;8359.8;8338.2;8357.2;5432.0;8375.0741515075
10.03.2025;10:40:00;8357.0;8359.3;8331.9;8338.1;3435.0;8373.9234099924
10.03.2025;10:50:00;8338.1;8341.6;8313.1;8324.5;9845.0;8372.7841758925
10.03.2025;11:00:00;8323.6;8325.9;8316.0;8322.9;3563.0;8371.6563341336
10.03.2025;11:10:00;8322.9;8325.0;8313.6;8314.4;3621.0;8370.5397707922
10.03.2025;11:20:00;8314.5;8320.0;8300.6;8307.5;5171.0;8369.4343730843
10.03.2025;11:30:00;8305.9;8309.5;8295.3;8301.2;2734.0;8368.3400293535
10.03.2025;11:40:00;8300.1;8303.2;8283.1;8288.2;11086.0;8367.2566290599
10.03.2025;11:50:00;8287.1;8299.6;8285.0;8297.6;4244.0;8366.1840627693
10.03.2025;12:00:00;8297.3;8330.4;8294.4;8318.6;6487.0;8365.1222221416
10.03.2025;12:10:00;8316.9;8338.7;8314.8;8320.2;8803.0;8364.0709999202
10.03.2025;12:20:00;8320.2;8334.0;8311.1;8333.3;3612.0;8363.030289921
10.03.2025;12:30:00;8334.2;8340.5;8327.8;8329.9;4988.0;8361.9999870218
10.03.2025;12:40:00;8329.7;8334.2;8317.8;8328.9;2506.0;8360.9799871516
10.03.2025;12:50:00;8330.0;8334.9;8326.3;8326.6;3445.0;8359.9701872801
10.03.2025;13:00:00;8325.0;8326.4;8308.6;8308.7;2002.0;8358.9704854073
10.03.2025;13:10:00;8310.6;8311.9;8286.3;8287.6;6851.0;8357.9807805532
10.03.2025;13:20:00;8287.2;8300.0;8283.5;8284.0;12017.0;8357.0009727477
10.03.2025;13:30:00;8283.6;8295.6;8271.3;8287.1;14830.0;8356.0309630202
10.03.2025;13:40:00;8287.3;8294.5;8280.7;8286.1;3433.0;8355.07065339
10.03.2025;13:50:00;8285.6;8295.5;8285.1;8288.4;4068.0;8354.1199468561
10.03.2025;14:00:00;8285.2;8289.0;8277.7;8282.4;1468.0;8353.1787473875
10.03.2025;14:10:00;8282.8;8294.3;8279.9;8283.7;5125.0;8352.2469599137
10.03.2025;14:20:00;8283.7;8286.2;8274.5;8277.1;2903.0;8351.3244903145
10.03.2025;14:30:00;8278.8;8284.5;8272.7;8278.0;1795.0;8350.4112454114
10.03.2025;14:40:00;8278.0;8278.0;8256.1;8263.4;5523.0;8349.5071329573
10.03.2025;14:50:00;8265.2;8287.5;8262.9;8280.7;3022.0;8348.5730616277
10.03.2025;15:00:00;8283.0;8289.3;8278.5;8284.6;2987.0;8347.6483310114
10.03.2025;15:10:00;8284.3;8284.3;8265.9;8268.9;2302.0;8346.7328477013
10.03.2025;15:20:00;8269.4;8278.7;8260.1;8276.7;2744.0;8345.8265192243
10.03.2025;15:30:00;8278.4;8279.6;8266.0;8266.0;2400.0;8344.929254032
10.03.2025;15:40:00;8266.0;8281.0;8264.0;8271.8;1988.0;8344.0409614917
10.03.2025;15:50:00;8274.9;8282.0;8274.1;8279.2;2249.0;8343.1615518768
10.03.2025;16:00:00;8280.5;8280.5;8264.1;8264.7;1676.0;8342.290936358
10.03.2025;16:10:00;8265.4;8270.3;8260.0;8267.0;1718.0;8341.4290269945
10.03.2025;16:20:00;8264.5;8267.9;8256.3;8257.6;3189.0;8340.5757367245
10.03.2025;16:30:00;8256.2;8269.6;8254.0;8265.8;2944.0;8339.7309793573
10.03.2025;16:40:00;8267.0;8277.0;8263.0;8265.9;1935.0;8338.8736695637
10.03.2025;16:50:00;8265.6;8271.8;8256.4;8271.6;4433.0;8338.0249328681
10.03.2025;17:00:00;8272.2;8272.2;8258.3;8264.4;1386.0;8337.1846835394
10.03.2025;17:10:00;8264.4;8282.6;8262.4;8270.2;2583.0;8336.352836704
10.03.2025;17:20:00;8268.5;8276.5;8258.0;8258.5;1394.0;8335.5293083369
10.03.2025;17:30:00;8258.1;8258.6;8230.0;8235.0;10389.0;8334.7140152536
10.03.2025;17:40:00;8234.1;8244.4;8225.1;8235.3;6336.0;8333.666875101
10.03.2025;17:50:00;8235.5;8235.5;8215.0;8223.1;5691.0;8332.58120635
10.03.2025;18:00:00;8223.0;8236.1;8219.0;8221.7;3265.0;8331.4053942865
10.03.2025;18:10:00;8220.0;8222.1;8207.0;8217.7;8781.0;8330.2413403437
10.03.2025;18:20:00;8218.5;8233.8;8207.1;8213.2;6819.0;8329.0089269402
10.03.2025;18:30:00;8213.0;8213.0;8201.4;8206.4;4192.0;8327.7888376708
10.03.2025;18:40:00;8204.7;8204.7;8193.1;8199.9;4332.0;8326.5249492941
10.03.2025;19:00:00;8203.5;8215.0;8182.0;8186.6;2925.0;8325.1906998012
10.03.2025;19:10:00;8186.7;8188.0;8181.1;8182.3;3052.0;8323.7587928032
10.03.2025;19:20:00;8182.2;8187.3;8167.4;8187.3;6125.0;8322.3322048751
10.03.2025;19:30:00;8187.4;8190.1;8153.5;8158.0;2411.0;8320.7828828264
10.03.2025;19:40:00;8158.8;8169.9;8150.0;8162.3;4527.0;8319.1100539981
10.03.2025;19:50:00;8160.2;8170.7;8158.4;8158.8;1549.0;8317.4189534581
10.03.2025;20:00:00;8158.9;8158.9;8140.0;8140.5;4151.0;8315.7447639235
10.03.2025;20:10:00;8140.2;8144.5;8131.0;8140.1;2850.0;8313.9873162843
10.03.2025;20:20:00;8140.4;8150.0;8140.4;8149.0;3735.0;8312.1574431215
10.03.2025;20:30:00;8149.0;8149.0;8136.0;8137.5;714.0;8310.3458686903
10.03.2025;20:40:00;8139.3;8142.8;8133.8;8142.7;2299.0;8308.5524100034
10.03.2025;20:50:00;8142.3;8145.3;8133.1;8138.9;1548.0;8306.7768859033
10.03.2025;21:00:00;8139.2;8150.9;8132.9;8147.3;1831.0;8305.0191170443
10.03.2025;21:10:00;8146.8;8153.6;8141.8;8144.7;1050.0;8303.2789258738
10.03.2025;21:20:00;8142.8;8146.1;8134.0;8134.4;1850.0;8301.5561366151
10.03.2025;21:30:00;8136.4;8151.3;8134.0;8151.3;992.0;8299.850575249
10.03.2025;21:40:00;8151.5;8153.0;8145.3;8153.0;690.0;8298.1620694965
10.03.2025;21:50:00;8151.9;8151.9;8140.9;8144.4;1521.0;8296.4904488015
10.03.2025;22:00:00;8142.9;8147.4;8136.5;8142.2;985.0;8294.8355443135
10.03.2025;22:10:00;8142.7;8142.8;8134.0;8137.9;1734.0;8293.1971888704
10.03.2025;22:20:00;8137.9;8151.0;8137.8;8150.0;1614.0;8291.5752169816
10.03.2025;22:30:00;8149.9;8159.6;8148.5;8153.0;1407.0;8289.9694648118
10.03.2025;22:40:00;8150.5;8159.8;8150.0;8158.1;423.0;8288.3797701637
10.03.2025;22:50:00;8159.9;8159.9;8149.1;8150.8;708.0;8286.8059724621
10.03.2025;23:00:00;8150.8;8163.4;8150.8;8162.3;412.0;8285.2479127375
10.03.2025;23:10:00;8162.6;8163.4;8157.5;8162.9;187.0;8283.7054336101
10.03.2025;23:20:00;8158.0;8160.7;8156.0;8160.0;340.0;8282.178379274
10.03.2025;23:30:00;8159.7;8159.7;8155.1;8159.1;608.0;8280.6665954812
10.03.2025;23:40:00;8159.2;8174.2;8157.9;8165.3;1292.0;8279.1699295264
11.03.2025;08:50:00;8185.0;8185.0;8185.0;8185.0;95.0;8277.6882302312
11.03.2025;09:00:00;8185.4;8207.9;8172.5;8183.7;4487.0;8276.2213479289
11.03.2025;09:10:00;8183.7;8184.4;8147.0;8158.0;9185.0;8274.7691344496
11.03.2025;09:20:00;8158.0;8161.0;8149.5;8158.3;2348.0;8273.3314431051
11.03.2025;09:30:00;8157.9;8170.0;8155.5;8164.0;1357.0;8271.908128674
11.03.2025;09:40:00;8165.0;8177.7;8157.0;8173.6;1118.0;8270.4990473873
11.03.2025;09:50:00;8172.4;8181.8;8169.3;8180.5;2765.0;8269.1040569134
11.03.2025;10:00:00;8180.2;8189.1;8140.9;8158.1;6803.0;8267.7230163443
11.03.2025;10:10:00;8158.5;8172.2;8153.9;8168.1;3539.0;8266.3557861808
11.03.2025;10:20:00;8170.7;8182.4;8160.3;8182.4;4971.0;8265.002228319
11.03.2025;10:30:00;8179.3;8197.7;8167.1;8172.0;7175.0;8263.6622060358
11.03.2025;10:40:00;8170.8;8180.8;8169.2;8177.4;1183.0;8262.3355839755
11.03.2025;10:50:00;8176.4;8184.9;8170.4;8180.0;1885.0;8261.0222281357
11.03.2025;11:00:00;8180.0;8188.3;8173.0;8183.1;1926.0;8259.7220058544
11.03.2025;11:10:00;8181.8;8194.7;8176.6;8191.0;2980.0;8258.4347857958
11.03.2025;11:20:00;8191.0;8197.6;8186.7;8195.4;3747.0;8257.1604379379
11.03.2025;11:30:00;8197.2;8200.0;8190.0;8193.5;2514.0;8255.8988335585
11.03.2025;11:40:00;8193.5;8197.8;8184.8;8193.7;2271.0;8254.6498452229
11.03.2025;11:50:00;8193.0;8193.8;8187.3;8193.2;1231.0;8253.4133467707
11.03.2025;12:00:00;8191.6;8195.4;8186.6;8187.5;1707.0;8252.189213303
11.03.2025;12:10:00;8187.6;8193.5;8153.6;8170.1;5906.0;8250.9773211699
11.03.2025;12:20:00;8168.0;8184.2;8164.0;8182.7;1956.0;8249.7775479582
11.03.2025;12:30:00;8183.1;8184.2;8145.0;8149.9;4571.0;8248.5897724786
11.03.2025;12:40:00;8149.9;8159.3;8149.9;8154.8;1869.0;8247.4138747539
11.03.2025;12:50:00;8155.1;8155.8;8141.9;8148.5;1982.0;8246.2497360063
11.03.2025;13:00:00;8148.5;8156.0;8121.0;8123.0;7311.0;8245.0972386463
11.03.2025;13:10:00;8123.0;8133.7;8121.1;8133.7;3171.0;8243.8562662598
11.03.2025;13:20:00;8133.6;8142.5;8127.3;8127.3;3470.0;8242.6277035972
11.03.2025;13:30:00;8127.0;8137.3;8125.5;8132.6;4169.0;8241.4114265612
11.03.2025;13:40:00;8131.7;8134.7;8128.0;8131.5;1664.0;8240.2073122956
11.03.2025;13:50:00;8130.3;8137.9;8127.0;8137.2;1572.0;8239.0152391727
11.03.2025;14:00:00;8134.7;8135.5;8115.6;8132.3;2067.0;8237.8350867809
11.03.2025;14:10:00;8133.7;8139.7;8130.1;8130.6;1495.0;8236.6127359131
11.03.2025;14:20:00;8130.6;8134.4;8128.0;8133.2;1639.0;8235.402608554
11.03.2025;14:30:00;8131.7;8136.3;8128.0;8128.5;1335.0;8234.2045824684
11.03.2025;14:40:00;8129.2;8132.1;8128.0;8129.2;1855.0;8233.0185366438
11.03.2025;14:50:00;8129.2;8133.7;8128.3;8131.4;1342.0;8231.8443512773
11.03.2025;15:00:00;8130.5;8135.1;8123.4;8133.3;2239.0;8230.6819077646
11.03.2025;15:10:00;8132.0;8132.2;8092.3;8102.9;10077.0;8229.5310886869
11.03.2025;15:20:00;8101.9;8113.7;8096.7;8110.0;3387.0;8228.1587778
11.03.2025;15:30:00;8110.0;8123.7;8110.0;8117.8;1498.0;8226.800190022
11.03.2025;15:40:00;8117.9;8124.3;8116.6;8117.6;1313.0;8225.4551881218
11.03.2025;15:50:00;8117.5;8134.4;8116.3;8127.9;2745.0;8224.1236362406
11.03.2025;16:00:00;8127.5;8128.8;8100.1;8109.6;7411.0;8222.8053998782
11.03.2025;16:10:00;8109.9;8119.6;8103.0;8115.4;3213.0;8221.5003458794
11.03.2025;16:20:00;8115.4;8125.7;8107.0;8125.7;1453.0;8220.2083424206
11.03.2025;16:30:00;8123.2;8135.4;8111.8;8133.0;5201.0;8218.9292589964
11.03.2025;16:40:00;8130.8;8130.8;8120.8;8127.5;2430.0;8217.6629664064
11.03.2025;16:50:00;8125.5;8128.2;8112.6;8117.5;1080.0;8216.4093367424
11.03.2025;17:00:00;8120.2;8127.4;8110.2;8115.6;962.0;8215.168243375
11.03.2025;17:10:00;8119.0;8120.9;8112.7;8118.0;1934.0;8213.9395609412
11.03.2025;17:20:00;8117.0;8123.2;8110.0;8119.2;1311.0;8212.7231653318
11.03.2025;17:30:00;8120.7;8127.0;8112.6;8125.8;1279.0;8211.5189336785
11.03.2025;17:40:00;8124.2;8127.0;8108.6;8108.6;2189.0;8210.3267443417
11.03.2025;17:50:00;8108.6;8120.9;8108.5;8113.7;1178.0;8209.1464768983
11.03.2025;18:00:00;8111.7;8125.0;8090.8;8125.0;13023.0;8207.9780121293
11.03.2025;18:10:00;8125.0;8159.1;8124.4;8159.1;13329.0;8206.806232008
11.03.2025;18:20:00;8158.7;8169.0;8146.0;8147.9;8955.0;8205.6461696879
11.03.2025;18:30:00;8147.3;8159.9;8141.9;8158.3;4662.0;8204.497707991
11.03.2025;18:40:00;8158.2;8165.0;8144.6;8165.0;2612.0;8203.3607309111
11.03.2025;19:00:00;8165.0;8169.1;8155.8;8169.1;917.0;8202.235123602
11.03.2025;19:10:00;8167.8;8176.5;8156.0;8160.0;3646.0;8201.120772366
11.03.2025;19:20:00;8159.9;8169.0;8158.4;8164.1;1212.0;8200.0175646423
11.03.2025;19:30:00;8165.0;8173.8;8165.0;8171.4;1218.0;8198.9253889959
11.03.2025;19:40:00;8172.8;8174.4;8140.0;8142.7;3049.0;8197.844135106
11.03.2025;19:50:00;8144.1;8164.2;8144.1;8156.3;1976.0;8196.7736937549
11.03.2025;20:00:00;8155.4;8162.4;8145.5;8158.0;1501.0;8195.7139568174
11.03.2025;20:10:00;8157.0;8170.7;8155.5;8168.1;1878.0;8194.6648172492
11.03.2025;20:20:00;8167.4;8167.5;8146.2;8150.4;1221.0;8193.6261690767
11.03.2025;20:30:00;8150.0;8157.9;8147.3;8147.4;496.0;8192.5979073859
11.03.2025;20:40:00;8149.3;8167.0;8148.1;8158.5;641.0;8191.5799283121
11.03.2025;20:50:00;8156.0;8156.1;8150.0;8156.1;214.0;8190.5721290289
11.03.2025;21:00:00;8158.5;8176.0;8156.4;8175.5;2082.0;8189.5744077387
11.03.2025;21:10:00;8174.0;8193.4;8173.8;8173.8;3479.0;8090.8
11.03.2025;21:20:00;8174.9;8189.5;8168.9;8185.7;1245.0;8092.852
11.03.2025;21:30:00;8185.7;8240.0;8181.7;8234.1;10998.0;8094.86296
11.03.2025;21:40:00;8235.0;8252.8;8226.8;8249.0;9069.0;8096.3143304
11.03.2025;21:50:00;8248.8;8255.0;8236.0;8248.0;4147.0;8097.879187096
11.03.2025;22:00:00;8246.8;8277.4;8246.8;8254.3;8035.0;8099.450395225
11.03.2025;22:10:00;8254.1;8270.7;8247.0;8267.0;5943.0;8101.2298912728
11.03.2025;22:20:00;8267.0;8269.1;8235.0;8252.0;5507.0;8102.9915923601
11.03.2025;22:30:00;8249.9;8253.1;8223.3;8244.3;3351.0;8104.7356764365
11.03.2025;22:40:00;8244.3;8259.2;8242.6;8245.0;3310.0;8106.4623196721
11.03.2025;22:50:00;8243.3;8248.7;8226.5;8237.0;4611.0;8108.1716964754
11.03.2025;23:00:00;8235.9;8236.1;8210.9;8216.9;4161.0;8109.8639795106
11.03.2025;23:10:00;8213.0;8213.5;8201.2;8204.3;3566.0;8111.5393397155
11.03.2025;23:20:00;8204.1;8214.9;8200.0;8204.0;7710.0;8113.1979463184
11.03.2025;23:30:00;8201.4;8214.6;8201.4;8205.1;1865.0;8114.8399668552
11.03.2025;23:40:00;8205.1;8216.0;8205.1;8211.7;1783.0;8116.4655671866
12.03.2025;08:50:00;8209.6;8209.6;8209.6;8209.6;23.0;8118.0749115148
12.03.2025;09:00:00;8209.6;8220.0;8188.1;8205.7;3661.0;8119.6681623996
12.03.2025;09:10:00;8205.8;8207.0;8190.0;8190.0;1510.0;8121.2454807756
12.03.2025;09:20:00;8192.1;8198.9;8187.6;8195.0;1999.0;8122.8070259679
12.03.2025;09:30:00;8195.0;8195.0;8185.0;8185.7;688.0;8124.3529557082
12.03.2025;09:40:00;8186.1;8186.2;8165.0;8167.4;4055.0;8125.8834261511
12.03.2025;09:50:00;8167.4;8182.2;8167.4;8174.0;1833.0;8127.3985918896
12.03.2025;10:00:00;8176.0;8219.1;8173.0;8217.5;14002.0;8128.8986059707
12.03.2025;10:10:00;8217.1;8219.8;8205.5;8212.4;13102.0;8130.383619911
12.03.2025;10:20:00;8213.2;8214.6;8200.6;8205.5;3430.0;8131.8537837119
12.03.2025;10:30:00;8205.5;8217.6;8203.5;8217.2;6542.0;8133.3092458748
12.03.2025;10:40:00;8217.1;8234.2;8206.6;8214.8;9031.0;8134.750153416
12.03.2025;10:50:00;8216.5;8220.4;8207.2;8214.9;2302.0;8136.1766518818
12.03.2025;11:00:00;8212.6;8217.6;8183.2;8196.2;3489.0;8137.588885363
12.03.2025;11:10:00;8193.6;8199.6;8181.0;8193.6;6649.0;8138.9869965094
12.03.2025;11:20:00;8195.0;8200.9;8185.0;8196.4;2092.0;8140.3711265443
12.03.2025;11:30:00;8194.2;8215.4;8181.0;8190.0;2081.0;8141.7414152789
12.03.2025;11:40:00;8190.0;8201.2;8186.0;8199.4;1198.0;8143.0980011261
12.03.2025;11:50:00;8196.5;8205.0;8193.1;8197.1;482.0;8144.4410211148
12.03.2025;12:00:00;8198.5;8218.9;8196.1;8207.5;1831.0;8145.7706109037
12.03.2025;12:10:00;8208.2;8209.4;8202.6;8202.9;998.0;8147.0869047946
12.03.2025;12:20:00;8204.6;8211.9;8204.6;8211.9;2385.0;8148.3900357467
12.03.2025;12:30:00;8211.9;8212.3;8199.1;8200.0;2995.0;8149.6801353892
12.03.2025;12:40:00;8199.5;8200.0;8193.0;8197.2;938.0;8150.9573340353
12.03.2025;12:50:00;8198.9;8212.0;8198.0;8210.5;2881.0;8152.221760695
12.03.2025;13:00:00;8208.5;8213.1;8208.3;8213.0;2729.0;8153.473543088
12.03.2025;13:10:00;8212.9;8213.0;8206.3;8208.8;2372.0;8154.7128076571
12.03.2025;13:20:00;8209.1;8211.7;8201.5;8208.8;3064.0;8155.9396795806
12.03.2025;13:30:00;8208.0;8212.7;8202.8;8208.0;5384.0;8157.1542827848
12.03.2025;13:40:00;8207.9;8209.3;8200.5;8205.7;2302.0;8158.3567399569
12.03.2025;13:50:00;8205.7;8207.9;8201.0;8204.4;1470.0;8159.5471725573
12.03.2025;14:00:00;8204.4;8213.1;8200.0;8212.4;7399.0;8160.7257008318
12.03.2025;14:10:00;8212.6;8217.9;8204.8;8216.0;4018.0;8161.8924438235
12.03.2025;14:20:00;8217.6;8217.6;8208.0;8212.2;1405.0;8163.0475193852
12.03.2025;14:30:00;8214.9;8223.2;8213.6;8221.8;7860.0;8164.1910441914
12.03.2025;14:40:00;8221.8;8239.7;8217.0;8223.0;13378.0;8165.3231337495
12.03.2025;14:50:00;8222.0;8231.5;8218.1;8221.4;2531.0;8166.443902412
12.03.2025;15:00:00;8224.6;8235.6;8224.0;8232.0;2896.0;8167.5534633878
12.03.2025;15:10:00;8231.9;8236.5;8228.0;8230.4;1792.0;8168.651928754
12.03.2025;15:20:00;8230.0;8231.5;8227.1;8227.1;681.0;8169.7394094664
12.03.2025;15:30:00;8229.1;8235.0;8213.8;8219.9;6399.0;8170.8160153718
12.03.2025;15:40:00;8220.9;8227.2;8205.5;8220.0;4347.0;8171.881855218
12.03.2025;15:50:00;8219.0;8226.6;8214.8;8216.8;3378.0;8172.9370366659
12.03.2025;16:00:00;8216.7;8229.3;8215.1;8217.4;3085.0;8173.9816662992
12.03.2025;16:10:00;8216.5;8222.3;8175.0;8182.2;9042.0;8277.4
12.03.2025;16:20:00;8182.8;8191.6;8178.0;8189.7;3393.0;8275.352
12.03.2025;16:30:00;8191.5;8201.4;8182.9;8201.4;1339.0;8273.34496
12.03.2025;16:40:00;8201.4;8210.5;8190.0;8209.3;2704.0;8271.3780608
12.03.2025;16:50:00;8209.7;8220.0;8204.1;8216.0;2180.0;8269.450499584
12.03.2025;17:00:00;8216.9;8219.9;8200.4;8202.1;961.0;8267.5614895923
12.03.2025;17:10:00;8201.2;8217.1;8200.4;8214.0;686.0;8265.7102598005
12.03.2025;17:20:00;8214.7;8214.7;8202.5;8206.6;1998.0;8263.8960546045
12.03.2025;17:30:00;8206.6;8210.1;8202.8;8206.7;8530.0;8262.1181335124
12.03.2025;17:40:00;8206.2;8215.0;8204.2;8210.9;1003.0;8260.3757708421
12.03.2025;17:50:00;8209.6;8231.5;8206.7;8225.2;5509.0;8258.6682554253
12.03.2025;18:00:00;8228.6;8258.0;8228.6;8258.0;7498.0;8175.0
12.03.2025;18:10:00;8258.3;8266.0;8228.4;8233.7;5867.0;8176.66
12.03.2025;18:20:00;8235.4;8235.8;8218.4;8218.4;3560.0;8177.5534
12.03.2025;18:30:00;8220.0;8229.6;8218.6;8222.5;2787.0;8178.437866
12.03.2025;18:40:00;8223.1;8232.3;8216.0;8222.8;2841.0;8179.31348734
12.03.2025;19:00:00;8223.4;8244.0;8216.8;8241.9;2735.0;8180.1803524666
12.03.2025;19:10:00;8242.9;8251.3;8223.8;8236.4;4236.0;8181.0385489419
12.03.2025;19:20:00;8236.3;8246.8;8229.4;8246.7;1367.0;8181.8881634525
12.03.2025;19:30:00;8247.5;8258.8;8242.0;8245.9;2425.0;8182.729281818
12.03.2025;19:40:00;8245.9;8251.2;8237.8;8248.7;860.0;8183.5619889998
12.03.2025;19:50:00;8248.3;8251.5;8242.9;8251.5;551.0;8184.3863691098
12.03.2025;20:00:00;8251.7;8269.5;8251.7;8258.9;3322.0;8185.2025054187
12.03.2025;20:10:00;8258.9;8267.8;8252.6;8252.6;1596.0;8186.0454803645
12.03.2025;20:20:00;8252.0;8268.7;8246.5;8259.3;1105.0;8186.8800255609
12.03.2025;20:30:00;8259.2;8259.2;8244.5;8245.4;1075.0;8187.7062253053
12.03.2025;20:40:00;8245.4;8256.2;8245.2;8254.2;704.0;8188.5241630522
12.03.2025;20:50:00;8253.2;8264.2;8251.9;8253.2;1510.0;8189.3339214217
12.03.2025;21:00:00;8251.9;8254.3;8245.0;8247.4;675.0;8190.1355822075
12.03.2025;21:10:00;8248.0;8252.2;8245.9;8250.0;343.0;8190.9292263854
12.03.2025;21:20:00;8250.8;8256.9;8250.0;8256.9;537.0;8191.7149341216
12.03.2025;21:30:00;8256.9;8260.6;8254.5;8254.5;175.0;8192.4927847803
12.03.2025;21:40:00;8254.2;8257.0;8251.2;8253.3;118.0;8193.2628569325
12.03.2025;21:50:00;8252.9;8280.0;8250.9;8272.2;2947.0;8194.0252283632
12.03.2025;22:00:00;8269.8;8288.7;8260.4;8261.0;10254.0;8194.8849760796
12.03.2025;22:10:00;8261.2;8270.9;8261.2;8267.5;889.0;8195.8231263188
12.03.2025;22:20:00;8268.2;8271.1;8261.9;8261.9;199.0;8196.7518950556
12.03.2025;22:30:00;8262.1;8265.2;8260.0;8263.0;407.0;8197.671376105
12.03.2025;22:40:00;8263.0;8263.0;8255.2;8257.7;429.0;8198.581662344
12.03.2025;22:50:00;8256.3;8259.6;8255.3;8259.5;108.0;8199.4828457205
12.03.2025;23:00:00;8259.2;8259.8;8255.3;8255.8;650.0;8200.3750172633
12.03.2025;23:10:00;8257.2;8259.0;8256.0;8258.0;341.0;8201.2582670907
12.03.2025;23:20:00;8256.9;8259.0;8256.8;8258.9;287.0;8202.1326844198
12.03.2025;23:30:00;8259.0;8263.0;8257.8;8263.0;427.0;8202.9983575756
12.03.2025;23:40:00;8261.1;8279.5;8261.1;8264.7;1846.0;8203.8553739998
13.03.2025;08:50:00;8270.0;8270.0;8270.0;8270.0;36.0;8204.7038202598
13.03.2025;09:00:00;8275.0;8292.1;8268.5;8286.7;4224.0;8205.5437820572
13.03.2025;09:10:00;8285.0;8299.4;8280.0;8296.0;4023.0;8206.4093442367
13.03.2025;09:20:00;8295.7;8299.9;8291.0;8293.2;3184.0;8207.3392507943
13.03.2025;09:30:00;8291.8;8298.0;8290.4;8296.1;1657.0;8208.2648582864
13.03.2025;09:40:00;8296.1;8297.9;8294.9;8296.9;867.0;8209.1812097035
13.03.2025;09:50:00;8297.0;8308.1;8296.9;8301.3;3951.0;8210.0883976065
13.03.2025;10:00:00;8300.9;8308.1;8281.1;8281.1;10511.0;8211.0685136304
13.03.2025;10:10:00;8281.1;8288.7;8270.6;8273.0;5326.0;8212.0388284941
13.03.2025;10:20:00;8273.8;8279.4;8270.6;8277.7;3678.0;8212.9994402092
13.03.2025;10:30:00;8278.5;8285.5;8275.9;8283.8;6652.0;8213.9504458071
13.03.2025;10:40:00;8281.3;8288.3;8281.2;8284.9;4104.0;8214.891941349
13.03.2025;10:50:00;8283.8;8286.4;8278.6;8279.7;7351.0;8215.8240219355
13.03.2025;11:00:00;8278.6;8279.9;8260.2;8264.7;5457.0;8216.7467817162
13.03.2025;11:10:00;8265.0;8269.0;8252.2;8252.3;4739.0;8217.660313899
13.03.2025;11:20:00;8252.2;8252.3;8229.1;8245.5;15294.0;8218.56471076
13.03.2025;11:30:00;8242.1;8251.5;8236.6;8248.7;8951.0;8219.4600636524
13.03.2025;11:40:00;8249.5;8249.9;8240.6;8246.4;3757.0;8220.3464630159
13.03.2025;11:50:00;8244.1;8250.5;8237.0;8240.8;4281.0;8221.2239983857
13.03.2025;12:00:00;8240.0;8245.0;8239.4;8240.0;1651.0;8222.0927584019
13.03.2025;12:10:00;8240.0;8241.2;8232.7;8239.0;2980.0;8222.9528308178
13.03.2025;12:20:00;8240.2;8240.8;8235.0;8240.6;942.0;8223.8043025097
13.03.2025;12:30:00;8238.7;8239.4;8232.7;8239.3;1409.0;8224.6472594846
13.03.2025;12:40:00;8239.3;8239.9;8226.0;8228.9;16229.0;8225.4817868897
13.03.2025;12:50:00;8229.0;8236.4;8224.3;8236.4;6127.0;8308.1
13.03.2025;13:00:00;8233.8;8233.8;8214.5;8220.3;19876.0;8306.424
13.03.2025;13:10:00;8220.8;8226.8;8207.0;8215.0;4490.0;8305.50476
13.03.2025;13:20:00;8213.2;8213.4;8205.3;8206.7;3780.0;8304.5197124
13.03.2025;13:30:00;8206.1;8220.0;8206.1;8208.4;2955.0;8303.527515276
13.03.2025;13:40:00;8208.3;8215.1;8208.3;8210.0;2664.0;8302.5452401232
13.03.2025;13:50:00;8210.0;8229.8;8210.0;8217.9;2637.0;8301.572787722
13.03.2025;14:00:00;8217.2;8242.4;8210.0;8242.0;5565.0;8300.6100598448
13.03.2025;14:10:00;8242.0;8255.6;8229.1;8244.6;10024.0;8299.6569592463
13.03.2025;14:20:00;8245.8;8248.5;8233.2;8235.0;7582.0;8298.7133896539
13.03.2025;14:30:00;8234.3;8254.6;8233.7;8245.6;1448.0;8297.7792557573
13.03.2025;14:40:00;8248.9;8251.6;8239.3;8244.0;2150.0;8296.8544631998
13.03.2025;14:50:00;8243.4;8246.0;8225.8;8246.0;1685.0;8295.9389185678
13.03.2025;15:00:00;8246.9;8261.0;8237.5;8237.5;5365.0;8295.0325293821
13.03.2025;15:10:00;8237.3;8239.9;8225.3;8237.4;1199.0;8294.1352040883
13.03.2025;15:20:00;8235.5;8235.5;8220.0;8227.5;4102.0;8293.2468520474
13.03.2025;15:30:00;8227.7;8245.0;8227.7;8242.6;2416.0;8292.3673835269
13.03.2025;15:40:00;8243.4;8254.9;8237.8;8237.8;930.0;8291.4967096916
13.03.2025;15:50:00;8239.9;8246.2;8234.1;8237.0;1635.0;8290.6347425947
13.03.2025;16:00:00;8235.0;8246.8;8227.9;8239.3;1634.0;8289.7813951688
13.03.2025;16:10:00;8237.6;8243.0;8229.7;8236.4;1652.0;8288.9365812171
13.03.2025;16:20:00;8236.3;8239.6;8227.1;8239.6;825.0;8288.1002154049
13.03.2025;16:30:00;8239.5;8243.0;8237.1;8239.5;1243.0;8287.2722132509
13.03.2025;16:40:00;8240.7;8252.7;8238.6;8252.3;1680.0;8286.4524911184
13.03.2025;16:50:00;8250.8;8277.8;8250.6;8268.2;13594.0;8285.6409662072
13.03.2025;17:00:00;8268.2;8284.7;8268.2;8284.5;4543.0;8284.8375565451
13.03.2025;17:10:00;8283.0;8293.4;8275.8;8291.8;7733.0;8205.3
13.03.2025;17:20:00;8292.6;8298.0;8269.9;8275.3;7721.0;8207.062
13.03.2025;17:30:00;8273.0;8295.5;8273.0;8293.0;4737.0;8207.97138
13.03.2025;17:40:00;8293.2;8299.0;8279.3;8296.3;9569.0;8208.8716662
13.03.2025;17:50:00;8297.2;8308.2;8281.3;8284.2;25327.0;8209.772949538
13.03.2025;18:00:00;8283.5;8300.2;8280.0;8291.7;8060.0;8210.7572200426
13.03.2025;18:10:00;8293.7;8308.0;8293.7;8303.5;3928.0;8211.7316478422
13.03.2025;18:20:00;8303.5;8305.9;8285.2;8288.1;6964.0;8212.6963313638
13.03.2025;18:30:00;8287.8;8300.1;8287.8;8300.0;3137.0;8213.6513680501
13.03.2025;18:40:00;8300.1;8303.4;8268.3;8270.0;11241.0;8214.5968543696
13.03.2025;19:00:00;8289.7;8289.7;8207.0;8270.7;20956.0;8308.2
13.03.2025;19:10:00;8266.2;8270.9;8222.5;8239.6;10101.0;8306.176
13.03.2025;19:20:00;8238.9;8259.9;8200.0;8225.3;6614.0;8304.19248
13.03.2025;19:30:00;8222.0;8267.3;8219.1;8267.3;3825.0;8303.1505552
13.03.2025;19:40:00;8266.4;8278.3;8240.8;8251.4;8955.0;8302.119049648
13.03.2025;19:50:00;8253.6;8265.9;8253.0;8259.8;1891.0;8301.0978591515
13.03.2025;20:00:00;8257.0;8257.0;8233.4;8235.4;2051.0;8300.08688056
13.03.2025;20:10:00;8235.0;8251.2;8230.0;8233.6;2091.0;8299.0860117544
13.03.2025;20:20:00;8234.2;8259.2;8234.2;8250.3;1918.0;8298.0951516369
13.03.2025;20:30:00;8250.6;8259.8;8242.6;8243.1;2294.0;8297.1142001205
13.03.2025;20:40:00;8240.9;8262.0;8233.5;8252.7;1246.0;8296.1430581193
13.03.2025;20:50:00;8255.0;8262.0;8242.6;8259.5;1219.0;8295.1816275381
13.03.2025;21:00:00;8259.8;8265.0;8253.1;8265.0;2210.0;8294.2298112627
13.03.2025;21:10:00;8264.2;8265.0;8247.7;8259.6;671.0;8293.2875131501
13.03.2025;21:20:00;8259.0;8259.0;8251.4;8257.2;265.0;8292.3546380186
13.03.2025;21:30:00;8257.3;8261.0;8252.0;8261.0;1192.0;8291.4310916384
13.03.2025;21:40:00;8256.8;8264.5;8255.8;8261.1;227.0;8290.516780722
13.03.2025;21:50:00;8260.2;8265.0;8252.4;8261.3;519.0;8289.6116129148
13.03.2025;22:00:00;8259.8;8260.2;8251.4;8259.8;789.0;8288.7154967856
13.03.2025;22:10:00;8260.1;8261.6;8257.2;8259.3;84.0;8287.8283418178
13.03.2025;22:20:00;8260.0;8264.6;8259.3;8264.1;486.0;8286.9500583996
13.03.2025;22:30:00;8263.6;8266.8;8263.6;8265.8;1603.0;8286.0805578156
13.03.2025;22:40:00;8266.1;8275.0;8264.2;8274.0;1315.0;8285.2197522375
13.03.2025;22:50:00;8271.7;8275.3;8266.1;8268.5;909.0;8284.3675547151
13.03.2025;23:00:00;8269.3;8269.3;8261.3;8266.7;497.0;8283.5238791679
13.03.2025;23:10:00;8267.1;8267.2;8256.6;8260.6;1748.0;8282.6886403763
13.03.2025;23:20:00;8263.8;8267.9;8260.9;8267.9;268.0;8281.8617539725
13.03.2025;23:30:00;8269.4;8275.0;8266.1;8275.0;792.0;8281.0431364328
13.03.2025;23:40:00;8275.0;8276.9;8271.8;8276.9;1345.0;8280.2327050684
14.03.2025;08:50:00;8278.4;8278.4;8278.4;8278.4;21.0;8279.4303780178
14.03.2025;09:00:00;8279.0;8284.2;8252.6;8278.5;8592.0;8200.0
14.03.2025;09:10:00;8279.0;8298.8;8277.0;8295.0;3494.0;8201.684
14.03.2025;09:20:00;8294.9;8294.9;8277.6;8289.4;1529.0;8202.65516
14.03.2025;09:30:00;8290.0;8294.8;8285.3;8294.8;1056.0;8203.6166084
14.03.2025;09:40:00;8294.8;8300.0;8294.3;8299.0;1843.0;8204.568442316
14.03.2025;09:50:00;8298.0;8300.0;8293.7;8300.0;1521.0;8205.5227578928
14.03.2025;10:00:00;8300.0;8313.6;8296.1;8310.1;10755.0;8206.4675303139
14.03.2025;10:10:00;8310.7;8324.9;8307.7;8322.4;10042.0;8207.5388550108
14.03.2025;10:20:00;8321.2;8322.6;8301.0;8311.8;5902.0;8208.7124664607
14.03.2025;10:30:00;8313.2;8315.2;8307.1;8310.0;2413.0;8209.8743417961
14.03.2025;10:40:00;8309.8;8327.7;8308.4;8327.7;4626.0;8211.0245983781
14.03.2025;10:50:00;8327.7;8329.0;8321.0;8324.2;1745.0;8212.1913523943
14.03.2025;11:00:00;8324.9;8330.0;8317.0;8327.2;4470.0;8213.3594388704
14.03.2025;11:10:00;8328.2;8336.0;8324.4;8333.3;2294.0;8214.5258444817
14.03.2025;11:20:00;8335.2;8342.0;8333.0;8341.1;3111.0;8215.7405860369
14.03.2025;11:30:00;8340.0;8342.1;8331.3;8333.1;2011.0;8217.0031801765
14.03.2025;11:40:00;8333.1;8333.4;8330.4;8332.7;1296.0;8218.2541483747
14.03.2025;11:50:00;8332.8;8343.2;8332.0;8340.1;1814.0;8219.492606891
14.03.2025;12:00:00;8342.0;8342.6;8320.2;8324.6;2358.0;8220.7296808221
14.03.2025;12:10:00;8323.6;8335.9;8321.7;8332.2;1149.0;8221.9543840138
14.03.2025;12:20:00;8330.9;8333.0;8326.6;8330.5;764.0;8223.1668401737
14.03.2025;12:30:00;8329.4;8334.6;8318.3;8334.6;3254.0;8224.367171772
14.03.2025;12:40:00;8333.9;8346.0;8332.1;8340.8;3484.0;8225.5555000542
14.03.2025;12:50:00;8339.2;8342.1;8323.0;8323.0;5660.0;8226.7599450537
14.03.2025;13:00:00;8322.8;8324.8;8300.0;8309.5;8631.0;8227.9523456032
14.03.2025;13:10:00;8309.0;8332.9;8305.9;8331.7;3511.0;8229.1328221471
14.03.2025;13:20:00;8330.9;8332.9;8322.6;8325.0;1523.0;8230.3014939257
14.03.2025;13:30:00;8323.0;8323.0;8297.1;8297.9;12463.0;8231.4584789864
14.03.2025;13:40:00;8297.3;8308.7;8293.6;8295.9;8464.0;8232.6038941965
14.03.2025;13:50:00;8295.9;8303.9;8295.1;8303.9;1183.0;8233.7378552546
14.03.2025;14:00:00;8302.4;8313.8;8302.0;8310.9;2728.0;8234.860476702
14.03.2025;14:10:00;8311.0;8325.5;8310.9;8324.0;4182.0;8235.971871935
14.03.2025;14:20:00;8324.2;8324.2;8310.1;8315.6;2117.0;8237.0721532157
14.03.2025;14:30:00;8317.2;8317.2;8296.5;8307.8;3449.0;8238.1614316835
14.03.2025;14:40:00;8308.2;8315.8;8305.1;8308.4;1106.0;8239.2398173667
14.03.2025;14:50:00;8309.9;8317.0;8302.7;8302.7;626.0;8240.307419193
14.03.2025;15:00:00;8302.7;8320.0;8302.4;8315.6;458.0;8241.3643450011
14.03.2025;15:10:00;8317.6;8322.0;8311.9;8315.4;2055.0;8242.4107015511
14.03.2025;15:20:00;8314.7;8315.6;8307.4;8313.0;1662.0;8243.4465945356
14.03.2025;15:30:00;8313.0;8318.7;8303.2;8305.8;4464.0;8244.4721285902
14.03.2025;15:40:00;8308.1;8315.2;8297.4;8299.4;2724.0;8245.4874073043
14.03.2025;15:50:00;8299.4;8304.2;8296.0;8296.0;3885.0;8246.4925332313
14.03.2025;16:00:00;8296.0;8298.8;8266.7;8267.1;12904.0;8247.4876078989
14.03.2025;16:10:00;8268.0;8284.1;8266.7;8275.0;5865.0;8248.4727318199
14.03.2025;16:20:00;8276.0;8285.0;8269.7;8279.7;3795.0;8249.4480045017
14.03.2025;16:30:00;8279.6;8285.3;8260.9;8271.4;4641.0;8250.4135244567
14.03.2025;16:40:00;8271.4;8292.1;8267.5;8292.1;4871.0;8251.3693892122
14.03.2025;16:50:00;8290.8;8297.5;8282.2;8286.1;3174.0;8252.31569532
14.03.2025;17:00:00;8285.1;8289.6;8274.3;8282.6;5053.0;8253.2525383668
14.03.2025;17:10:00;8284.9;8294.4;8280.5;8290.7;1785.0;8254.1800129832
14.03.2025;17:20:00;8291.0;8301.2;8284.5;8286.2;2883.0;8255.0982128533
14.03.2025;17:30:00;8288.3;8299.0;8281.0;8290.1;2596.0;8256.0072307248
14.03.2025;17:40:00;8290.8;8291.8;8268.3;8281.5;3807.0;8256.9071584176
14.03.2025;17:50:00;8280.9;8288.8;8271.2;8278.2;1420.0;8257.7980868334
14.03.2025;18:00:00;8277.8;8291.6;8273.1;8289.7;1505.0;8258.6801059651
14.03.2025;18:10:00;8292.0;8293.7;8273.0;8275.0;1696.0;8259.5533049054
14.03.2025;18:20:00;8274.4;8277.5;8267.1;8269.9;2115.0;8260.4177718563
14.03.2025;18:30:00;8269.5;8272.4;8263.3;8265.6;3979.0;8261.2735941378
14.03.2025;18:40:00;8265.6;8282.1;8265.0;8275.9;1293.0;8262.1208581964
14.03.2025;19:00:00;8284.0;8294.6;8284.0;8286.9;2232.0;8262.9596496144
14.03.2025;19:10:00;8288.6;8295.0;8285.1;8293.5;512.0;8263.7900531183
14.03.2025;19:20:00;8295.0;8298.6;8280.0;8280.0;1729.0;8264.6121525871
14.03.2025;19:30:00;8280.6;8285.7;8277.7;8282.3;481.0;8265.4260310612
14.03.2025;19:40:00;8285.1;8285.7;8284.9;8285.6;438.0;8266.2317707506
14.03.2025;19:50:00;8285.4;8290.1;8283.5;8289.2;700.0;8267.0294530431
14.03.2025;20:00:00;8289.2;8289.8;8283.8;8289.3;1324.0;8267.8191585127
14.03.2025;20:10:00;8289.3;8289.8;8287.0;8288.3;1224.0;8268.6009669276
14.03.2025;20:20:00;8289.3;8289.7;8282.4;8288.1;599.0;8269.3749572583
14.03.2025;20:30:00;8287.9;8288.1;8281.4;8283.0;411.0;8270.1412076857
14.03.2025;20:40:00;8282.3;8282.3;8275.0;8275.0;1462.0;8270.8997956089
14.03.2025;20:50:00;8275.3;8285.2;8275.3;8278.7;1169.0;8271.6507976528
14.03.2025;21:00:00;8278.6;8281.0;8278.0;8278.5;170.0;8272.3942896762
14.03.2025;21:10:00;8279.8;8280.8;8279.5;8280.8;38.0;8273.1303467795
14.03.2025;21:20:00;8280.8;8284.0;8278.0;8280.0;1300.0;8273.8590433117
14.03.2025;21:30:00;8279.4;8280.0;8275.4;8275.4;245.0;8274.5804528786
14.03.2025;21:40:00;8276.9;8276.9;8267.1;8273.4;1414.0;8346.0
14.03.2025;21:50:00;8273.1;8273.1;8270.0;8271.2;283.0;8344.422
14.03.2025;22:00:00;8271.0;8272.8;8270.0;8272.7;579.0;8342.87556
14.03.2025;22:10:00;8271.2;8273.2;8270.3;8271.8;152.0;8341.3600488
14.03.2025;22:20:00;8271.8;8276.5;8271.6;8276.5;1302.0;8339.874847824
14.03.2025;22:30:00;8275.0;8281.3;8275.0;8281.3;1387.0;8338.4193508675
14.03.2025;22:40:00;8281.0;8281.4;8276.6;8276.7;450.0;8336.9929638502
14.03.2025;22:50:00;8277.6;8281.5;8277.6;8281.5;232.0;8335.5951045732
14.03.2025;23:00:00;8280.3;8280.3;8278.1;8278.8;100.0;8334.2252024817
14.03.2025;23:10:00;8278.5;8278.8;8277.6;8278.4;126.0;8332.8826984321
14.03.2025;23:20:00;8278.8;8278.8;8271.6;8272.0;362.0;8331.5670444634
14.03.2025;23:30:00;8272.9;8280.3;8270.0;8280.3;820.0;8330.2777035742
14.03.2025;23:40:00;8281.4;8293.8;8279.0;8293.8;1075.0;8329.0141495027
17.03.2025;08:50:00;8278.0;8278.0;8278.0;8278.0;60.0;8327.7758665126
17.03.2025;09:00:00;8285.0;8289.9;8275.4;8279.2;2787.0;8326.5623491824
17.03.2025;09:10:00;8277.2;8277.2;8268.3;8271.1;2135.0;8325.3731021987
17.03.2025;09:20:00;8272.6;8277.8;8271.2;8277.8;593.0;8324.2076401547
17.03.2025;09:30:00;8278.0;8278.0;8268.3;8270.9;857.0;8323.0654873517
17.03.2025;09:40:00;8270.9;8271.0;8268.1;8268.2;487.0;8321.9461776046
17.03.2025;09:50:00;8268.4;8273.5;8268.4;8272.0;611.0;8320.8492540525
17.03.2025;10:00:00;8271.8;8274.8;8242.7;8244.0;14032.0;8319.7742689715
17.03.2025;10:10:00;8244.6;8255.9;8242.7;8247.3;3973.0;8319.0035262818
17.03.2025;10:20:00;8247.4;8258.0;8240.0;8243.3;2926.0;8318.2404910189
17.03.2025;10:30:00;8243.4;8251.2;8239.3;8248.3;3033.0;8317.4580861088
17.03.2025;10:40:00;8248.8;8250.1;8235.3;8235.3;3910.0;8316.6765052477
17.03.2025;10:50:00;8235.4;8237.3;8224.0;8224.1;6852.0;8315.8627401952
17.03.2025;11:00:00;8224.1;8227.1;8215.0;8223.1;7807.0;8314.9441127932
17.03.2025;11:10:00;8223.5;8225.9;8201.0;8202.5;9205.0;8313.9446716653
17.03.2025;11:20:00;8202.1;8210.1;8182.8;8183.7;7482.0;8312.8152249487
17.03.2025;11:30:00;8183.7;8183.7;8153.6;8163.5;14646.0;8311.5150726992
17.03.2025;11:40:00;8163.8;8167.7;8155.0;8165.0;11382.0;8309.9359219722
17.03.2025;11:50:00;8165.0;8180.0;8159.5;8172.4;6404.0;8308.3725627525
17.03.2025;12:00:00;8172.4;8174.5;8160.7;8172.8;5493.0;8306.8248371249
17.03.2025;12:10:00;8175.0;8187.9;8168.3;8186.3;5471.0;8305.2925887537
17.03.2025;12:20:00;8188.4;8196.4;8178.7;8190.0;6508.0;8303.7756628661
17.03.2025;12:30:00;8190.0;8196.1;8185.6;8189.8;3689.0;8302.2739062375
17.03.2025;12:40:00;8190.6;8194.3;8178.3;8192.0;3269.0;8300.7871671751
17.03.2025;12:50:00;8194.0;8194.2;8190.4;8192.7;2299.0;8299.3152955034
17.03.2025;13:00:00;8193.3;8198.8;8191.9;8194.5;1960.0;8297.8581425483
17.03.2025;13:10:00;8194.5;8197.1;8185.8;8185.8;3004.0;8296.4155611228
17.03.2025;13:20:00;8185.9;8186.2;8171.4;8181.1;2103.0;8294.9874055116
17.03.2025;13:30:00;8180.8;8181.1;8175.0;8175.7;996.0;8293.5735314565
17.03.2025;13:40:00;8176.5;8184.2;8175.7;8181.1;7487.0;8292.1737961419
17.03.2025;13:50:00;8178.9;8185.0;8163.3;8170.8;2977.0;8290.7880581805
17.03.2025;14:00:00;8171.0;8177.6;8170.7;8171.9;1354.0;8289.4161775987
17.03.2025;14:10:00;8171.3;8184.0;8171.3;8177.6;2220.0;8288.0580158227
17.03.2025;14:20:00;8178.6;8179.3;8172.5;8176.8;1577.0;8286.7134356645
17.03.2025;14:30:00;8177.3;8180.4;8174.5;8178.6;824.0;8285.3823013078
17.03.2025;14:40:00;8178.0;8190.0;8174.4;8188.4;1332.0;8284.0644782948
17.03.2025;14:50:00;8190.0;8197.5;8178.8;8187.0;5893.0;8282.7598335118
17.03.2025;15:00:00;8184.3;8184.3;8172.6;8173.8;2100.0;8281.4682351767
17.03.2025;15:10:00;8174.7;8180.7;8170.0;8176.5;2491.0;8280.1895528249
17.03.2025;15:20:00;8176.3;8181.1;8162.7;8176.2;4657.0;8278.9236572967
17.03.2025;15:30:00;8176.2;8179.0;8171.3;8175.9;3600.0;8277.6704207237
17.03.2025;15:40:00;8175.5;8180.0;8154.0;8160.4;3340.0;8276.4297165165
17.03.2025;15:50:00;8160.6;8169.4;8157.1;8164.4;1551.0;8275.2014193513
17.03.2025;16:00:00;8164.6;8176.9;8164.6;8174.1;2410.0;8273.9854051578
17.03.2025;16:10:00;8173.3;8177.5;8164.3;8164.4;1657.0;8272.7815511062
17.03.2025;16:20:00;8165.4;8169.6;8152.2;8152.2;3156.0;8271.5897355952
17.03.2025;16:30:00;8152.2;8152.3;8128.0;8136.8;9743.0;8270.3958382392
17.03.2025;16:40:00;8135.9;8151.7;8134.2;8145.0;2541.0;8268.9718798568
17.03.2025;16:50:00;8145.2;8153.0;8140.1;8140.1;3324.0;8267.5621610583
17.03.2025;17:00:00;8140.0;8140.7;8128.0;8130.4;4595.0;8266.1665394477
17.03.2025;17:10:00;8131.2;8151.4;8123.4;8148.6;7019.0;8264.7848740532
17.03.2025;17:20:00;8147.9;8157.0;8137.1;8153.7;3002.0;8263.3710253127
17.03.2025;17:30:00;8153.7;8160.0;8148.8;8158.7;3913.0;8261.9713150595
17.03.2025;17:40:00;8160.0;8160.5;8130.0;8143.4;4519.0;8260.5856019089
17.03.2025;17:50:00;8145.5;8154.1;8144.7;8151.3;1476.0;8259.2137458898
17.03.2025;18:00:00;8149.2;8152.7;8120.0;8123.0;9972.0;8257.8556084309
17.03.2025;18:10:00;8122.0;8129.2;8120.0;8120.3;3137.0;8256.4770523466
17.03.2025;18:20:00;8120.2;8123.1;8113.3;8116.3;6211.0;8255.1122818232
17.03.2025;18:30:00;8117.0;8118.1;8102.9;8105.5;8998.0;8253.6941590049
17.03.2025;18:40:00;8103.9;8114.0;8100.0;8100.1;4506.0;8252.1862174149
17.03.2025;19:00:00;8100.1;8123.5;8100.0;8123.0;1534.0;8250.6643552407
17.03.2025;19:10:00;8123.0;8123.5;8108.2;8114.1;4549.0;8249.1577116883
17.03.2025;19:20:00;8114.6;8120.5;8105.0;8105.4;2745.0;8247.6661345715
17.03.2025;19:30:00;8105.0;8110.2;8100.0;8100.0;2962.0;8246.1894732257
17.03.2025;19:40:00;8100.5;8101.2;8084.0;8097.9;4608.0;8244.7275784935
17.03.2025;19:50:00;8098.6;8101.0;8080.0;8085.0;4205.0;8243.1203027085
17.03.2025;20:00:00;8088.1;8109.6;8085.0;8095.9;2165.0;8241.4890996815
17.03.2025;20:10:00;8095.4;8096.9;8055.0;8074.5;7621.0;8239.8742086846
17.03.2025;20:20:00;8074.5;8076.3;8066.1;8070.0;1615.0;8238.0254665978
17.03.2025;20:30:00;8069.6;8074.9;8055.8;8055.8;3342.0;8236.1952119318
17.03.2025;20:40:00;8056.0;8057.3;8053.3;8057.0;3103.0;8234.3832598125
17.03.2025;20:50:00;8056.9;8067.0;8056.9;8064.6;3059.0;8232.5724272144
17.03.2025;21:00:00;8063.5;8063.9;8054.2;8054.2;3240.0;8230.7797029422
17.03.2025;21:10:00;8057.3;8058.9;8053.3;8055.4;3363.0;8229.0049059128
17.03.2025;21:20:00;8055.4;8058.9;8053.9;8058.9;942.0;8227.2478568537
17.03.2025;21:30:00;8058.9;8060.7;8055.5;8060.7;1134.0;8225.5083782851
17.03.2025;21:40:00;8060.7;8065.0;8058.0;8062.6;887.0;8223.7862945023
17.03.2025;21:50:00;8062.3;8066.9;8059.0;8060.7;794.0;8222.0814315573
17.03.2025;22:00:00;8061.0;8062.1;8059.0;8061.7;402.0;8220.3936172417
17.03.2025;22:10:00;8061.7;8073.9;8060.0;8073.7;1512.0;8218.7226810693
17.03.2025;22:20:00;8073.8;8076.3;8059.3;8063.0;1791.0;8217.0684542586
17.03.2025;22:30:00;8065.8;8068.3;8061.0;8061.4;453.0;8215.430769716
17.03.2025;22:40:00;8061.4;8065.5;8060.4;8063.4;1369.0;8213.8094620188
17.03.2025;22:50:00;8068.2;8078.1;8064.7;8076.5;635.0;8212.2043673987
17.03.2025;23:00:00;8076.5;8082.1;8072.0;8072.0;874.0;8210.6153237247
17.03.2025;23:10:00;8073.4;8082.3;8069.3;8082.3;1280.0;8209.0421704874
17.03.2025;23:20:00;8080.2;8081.0;8070.9;8071.1;496.0;8207.4847487825
17.03.2025;23:30:00;8071.0;8077.9;8070.9;8077.9;460.0;8205.9429012947
17.03.2025;23:40:00;8079.0;8094.0;8072.8;8083.3;1605.0;8204.4164722818
18.03.2025;08:50:00;8095.0;8095.0;8095.0;8095.0;183.0;8202.905307559
18.03.2025;09:00:00;8095.0;8134.2;8091.3;8124.0;7664.0;8201.4092544834
18.03.2025;09:10:00;8124.0;8133.4;8110.0;8119.2;4440.0;8199.9281619385
18.03.2025;09:20:00;8117.6;8122.5;8110.8;8122.5;1738.0;8198.4618803191
18.03.2025;09:30:00;8122.4;8133.0;8119.7;8129.1;2156.0;8197.010261516
18.03.2025;09:40:00;8129.1;8138.0;8123.7;8137.9;2014.0;8195.5731589008
18.03.2025;09:50:00;8137.0;8143.8;8135.3;8140.0;1982.0;8194.1504273118
18.03.2025;10:00:00;8137.0;8150.0;8091.3;8106.5;12165.0;8192.7419230387
18.03.2025;10:10:00;8108.0;8122.0;8082.6;8099.4;11403.0;8191.3475038083
18.03.2025;10:20:00;8099.5;8103.0;8031.9;8056.2;17792.0;8189.9670287702
18.03.2025;10:30:00;8057.5;8076.8;8055.0;8072.4;6502.0;8188.3863584825
18.03.2025;10:40:00;8072.0;8072.4;8066.9;8069.1;3638.0;8186.8214948977
18.03.2025;10:50:00;8068.0;8069.1;8048.5;8057.2;6048.0;8185.2722799487
18.03.2025;11:00:00;8053.4;8079.2;8051.7;8059.5;5810.0;8183.7385571492
18.03.2025;11:10:00;8058.6;8070.5;8051.3;8067.3;2256.0;8182.2201715777
18.03.2025;11:20:00;8068.3;8070.1;8053.8;8058.3;4653.0;8180.7169698619
18.03.2025;11:30:00;8058.3;8059.3;8012.1;8022.4;14207.0;8179.2288001633
18.03.2025;11:40:00;8022.5;8027.5;8001.6;8014.4;27106.0;8177.5575121617
18.03.2025;11:50:00;8014.4;8017.5;8000.0;8003.6;12566.0;8175.7979370401
18.03.2025;12:00:00;8004.0;8022.1;8000.0;8001.3;18036.0;8174.0399576697
18.03.2025;12:10:00;8001.2;8019.3;7990.7;8011.1;14965.0;8172.299558093
18.03.2025;12:20:00;8010.0;8012.6;8000.0;8008.3;3979.0;8170.483562512
18.03.2025;12:30:00;8007.3;8038.0;8006.8;8034.5;6263.0;8168.6857268869
18.03.2025;12:40:00;8034.7;8072.9;8034.7;8072.9;10589.0;8166.9058696181
18.03.2025;12:50:00;8072.2;8073.5;8058.0;8066.8;10538.0;8165.1438109219
18.03.2025;13:00:00;8067.0;8113.2;8064.9;8105.0;13506.0;8163.3993728127
18.03.2025;13:10:00;8105.0;8110.0;8065.2;8068.8;5284.0;8161.6723790845
18.03.2025;13:20:00;8069.8;8078.3;8063.0;8068.0;3365.0;8159.9626552937
18.03.2025;13:30:00;8068.8;8087.6;8063.0;8085.7;10839.0;8158.2700287407
18.03.2025;13:40:00;8085.6;8094.6;8066.0;8066.0;6385.0;8156.5943284533
18.03.2025;13:50:00;8066.6;8087.0;8066.6;8084.6;4573.0;8154.9353851688
18.03.2025;14:00:00;8082.0;8093.0;8080.6;8092.6;2131.0;8153.2930313171
18.03.2025;14:10:00;8090.7;8118.5;8090.6;8110.0;4979.0;8151.6671010039
18.03.2025;14:20:00;8110.6;8115.9;8101.4;8110.5;5662.0;8150.0574299939
18.03.2025;14:30:00;8110.5;8116.1;8102.4;8104.2;4015.0;8148.463855694
18.03.2025;14:40:00;8104.8;8109.6;8102.2;8103.4;1420.0;8146.886217137
18.03.2025;14:50:00;8102.7;8113.4;8102.7;8108.9;2103.0;8145.3243549657
18.03.2025;15:00:00;8109.2;8125.4;8107.1;8111.7;4130.0;8143.778111416
18.03.2025;15:10:00;8110.3;8121.3;8109.8;8120.1;1727.0;8142.2473303018
18.03.2025;15:20:00;8120.0;8128.7;8112.2;8124.0;3938.0;8140.7318569988
18.03.2025;15:30:00;8123.6;8150.0;8121.6;8149.9;9522.0;7990.7
18.03.2025;15:40:00;8149.6;8177.6;8149.6;8169.0;13011.0;7993.886
18.03.2025;15:50:00;8167.0;8169.1;8148.7;8154.0;3781.0;7995.72314
18.03.2025;16:00:00;8154.0;8223.4;8153.0;8221.0;13130.0;7997.5419086
18.03.2025;16:10:00;8221.3;8222.4;8171.4;8185.7;13235.0;7999.800489514
18.03.2025;16:20:00;8186.7;8194.4;8183.1;8189.3;6879.0;8002.0364846189
18.03.2025;16:30:00;8188.0;8192.0;8163.6;8164.1;7836.0;8004.2501197727
18.03.2025;16:40:00;8165.9;8221.0;8165.9;8210.7;19154.0;8006.4416185749
18.03.2025;16:50:00;8211.4;8217.6;8200.0;8205.6;7188.0;8008.6112023892
18.03.2025;17:00:00;8203.7;8215.8;8202.1;8203.2;3711.0;8010.7590903653
18.03.2025;17:10:00;8202.5;8202.7;8142.0;8167.1;21634.0;8012.8854994616
18.03.2025;17:20:00;8167.3;8197.7;8148.0;8182.1;7005.0;8014.990644467
18.03.2025;17:30:00;8182.0;8200.0;8169.9;8186.5;5147.0;8017.0747380224
18.03.2025;17:40:00;8187.8;8189.7;8173.1;8179.3;3802.0;8019.1379906421
18.03.2025;17:50:00;8180.8;8193.2;8172.0;8184.7;2887.0;8021.1806107357
18.03.2025;18:00:00;8184.3;8189.0;8172.0;8173.4;2212.0;8023.2028046284
18.03.2025;18:10:00;8172.0;8210.0;8149.7;8189.6;20359.0;8025.2047765821
18.03.2025;18:20:00;8189.6;8200.8;8160.3;8168.3;9555.0;8027.1867288163
18.03.2025;18:30:00;8168.4;8168.5;8155.8;8156.8;4177.0;8029.1488615281
18.03.2025;18:40:00;8159.2;8168.5;8153.6;8153.6;3966.0;8031.0913729128
18.03.2025;19:00:00;8159.0;8168.5;8151.5;8164.8;1177.0;8033.0144591837
18.03.2025;19:10:00;8164.8;8170.0;8133.0;8165.0;6493.0;8034.9183145918
18.03.2025;19:20:00;8165.4;8170.0;8148.3;8166.6;1496.0;8036.8031314459
18.03.2025;19:30:00;8166.8;8166.8;8133.0;8136.0;3776.0;8038.6691001315
18.03.2025;19:40:00;8136.7;8169.0;8133.0;8155.3;8904.0;8040.5164091302
18.03.2025;19:50:00;8154.5;8170.0;8139.0;8153.4;7463.0;8042.3452450389
18.03.2025;20:00:00;8153.9;8162.5;8140.0;8144.6;5263.0;8044.1557925885
18.03.2025;20:10:00;8144.1;8155.8;8130.1;8153.6;9196.0;8045.9482346626
18.03.2025;20:20:00;8153.0;8207.0;8153.0;8154.0;14388.0;8047.722752316
18.03.2025;20:30:00;8157.7;8160.0;8114.2;8132.9;11510.0;8049.4795247928
18.03.2025;20:40:00;8133.1;8176.0;8133.1;8175.7;5968.0;8051.2187295449
18.03.2025;20:50:00;8175.9;8195.0;8165.0;8168.6;10147.0;8052.9405422494
18.03.2025;21:00:00;8170.5;8199.9;8170.5;8189.3;9410.0;8054.6451368269
18.03.2025;21:10:00;8189.4;8199.9;8181.9;8191.5;4086.0;8056.3326854587
18.03.2025;21:20:00;8191.0;8200.0;8187.1;8196.2;3924.0;8058.0033586041
18.03.2025;21:30:00;8195.3;8210.0;8194.7;8209.9;4048.0;8059.657325018
18.03.2025;21:40:00;8208.3;8210.0;8195.7;8197.2;2925.0;8061.2947517678
18.03.2025;21:50:00;8197.9;8207.0;8191.8;8207.0;2672.0;8062.9158042502
18.03.2025;22:00:00;8207.0;8208.2;8194.5;8204.1;2566.0;8064.5206462077
18.03.2025;22:10:00;8204.3;8208.1;8195.4;8205.0;2896.0;8066.1094397456
18.03.2025;22:20:00;8207.0;8209.7;8201.6;8208.9;2867.0;8067.6823453481
18.03.2025;22:30:00;8208.8;8209.0;8201.6;8201.6;1416.0;8069.2395218947
18.03.2025;22:40:00;8201.7;8204.9;8194.2;8194.2;1459.0;8070.7811266757
18.03.2025;22:50:00;8197.3;8204.6;8193.4;8201.2;1867.0;8072.3073154089
18.03.2025;23:00:00;8201.0;8206.0;8193.7;8193.7;1655.0;8073.8182422549
18.03.2025;23:10:00;8193.5;8193.7;8186.1;8189.7;1094.0;8075.3140598323
18.03.2025;23:20:00;8189.0;8209.9;8182.0;8209.9;5155.0;8076.794919234
18.03.2025;23:30:00;8208.3;8209.9;8200.0;8209.8;1354.0;8078.2609700416
18.03.2025;23:40:00;8209.8;8209.9;8207.0;8208.8;1634.0;8079.7123603412
19.03.2025;08:50:00;8220.0;8220.0;8220.0;8220.0;150.0;8081.1492367378
19.03.2025;09:00:00;8220.0;8233.3;8202.8;8202.8;4657.0;8082.5717443704
19.03.2025;09:10:00;8202.9;8202.9;8188.0;8190.0;2379.0;8084.0790269267
19.03.2025;09:20:00;8189.1;8199.3;8184.0;8195.0;1321.0;8085.5712366575
19.03.2025;09:30:00;8196.1;8203.2;8191.8;8200.0;947.0;8087.0485242909
19.03.2025;09:40:00;8200.0;8217.0;8198.0;8211.0;2322.0;8088.511039048
19.03.2025;09:50:00;8212.1;8217.0;8209.6;8212.4;1455.0;8089.9589286575
19.03.2025;10:00:00;8212.0;8237.4;8204.0;8234.0;16815.0;8091.3923393709
19.03.2025;10:10:00;8234.6;8259.0;8231.4;8252.2;16437.0;8092.8524159772
19.03.2025;10:20:00;8252.2;8254.1;8225.8;8246.4;8861.0;8094.5138918174
19.03.2025;10:30:00;8246.7;8252.0;8222.5;8222.7;6572.0;8096.1587528993
19.03.2025;10:40:00;8222.6;8239.7;8210.0;8210.4;8187.0;8097.7871653703
19.03.2025;10:50:00;8212.4;8217.8;8200.4;8208.6;6476.0;8099.3992937166
19.03.2025;11:00:00;8210.1;8212.3;8166.3;8180.1;15167.0;8100.9953007794
19.03.2025;11:10:00;8180.1;8195.1;8170.0;8192.6;6152.0;8102.5753477716
19.03.2025;11:20:00;8192.1;8193.8;8182.4;8187.5;2444.0;8104.1395942939
19.03.2025;11:30:00;8185.7;8187.5;8174.6;8177.5;2509.0;8105.688198351
19.03.2025;11:40:00;8178.4;8180.2;8165.0;8167.4;5071.0;8107.2213163675
19.03.2025;11:50:00;8166.7;8177.0;8165.0;8165.0;2826.0;8108.7391032038
19.03.2025;12:00:00;8165.0;8178.6;8154.0;8173.3;6836.0;8110.2417121717
19.03.2025;12:10:00;8172.9;8193.7;8172.9;8179.4;2686.0;8111.72929505
19.03.2025;12:20:00;8179.2;8182.3;8160.0;8176.2;4679.0;8113.2020020995
19.03.2025;12:30:00;8174.8;8184.2;8174.7;8181.1;1513.0;8114.6599820785
19.03.2025;12:40:00;8183.0;8190.8;8177.8;8186.4;1275.0;8116.1033822577
19.03.2025;12:50:00;8186.4;8201.3;8185.6;8199.1;3055.0;8117.5323484352
19.03.2025;13:00:00;8200.0;8215.5;8196.5;8215.0;3080.0;8118.9470249508
19.03.2025;13:10:00;8214.5;8215.4;8208.2;8213.9;2852.0;8120.3475547013
19.03.2025;13:20:00;8213.9;8231.6;8213.9;8231.6;6093.0;8121.7340791543
19.03.2025;13:30:00;8231.0;8233.5;8221.2;8228.8;3001.0;8123.1067383628
19.03.2025;13:40:00;8228.8;8238.1;8223.3;8231.0;4280.0;8124.4656709791
19.03.2025;13:50:00;8231.0;8236.7;8227.1;8235.4;4444.0;8125.8110142693
19.03.2025;14:00:00;8235.2;8250.9;8235.2;8245.0;8484.0;8127.1429041266
19.03.2025;14:10:00;8246.6;8269.0;8243.6;8259.9;11113.0;8128.4614750854
19.03.2025;14:20:00;8260.1;8266.8;8248.7;8266.8;7221.0;8129.8668603345
19.03.2025;14:30:00;8266.1;8282.0;8262.1;8279.5;11732.0;8131.2581917312
19.03.2025;14:40:00;8280.1;8292.6;8278.5;8288.0;8242.0;8132.7656098139
19.03.2025;14:50:00;8288.0;8290.6;8280.3;8285.0;4537.0;8134.3639537157
19.03.2025;15:00:00;8285.1;8320.4;8285.0;8318.1;13922.0;8135.9463141786
19.03.2025;15:10:00;8320.0;8331.2;8316.5;8316.5;18898.0;8137.7908510368
19.03.2025;15:20:00;8316.7;8317.4;8292.4;8301.6;6837.0;8139.7249425264
19.03.2025;15:30:00;8301.6;8315.1;8285.5;8286.0;9487.0;8141.6396931011
19.03.2025;15:40:00;8286.6;8292.9;8276.7;8282.3;2726.0;8143.5352961701
19.03.2025;15:50:00;8280.0;8298.7;8273.0;8293.1;5503.0;8145.4119432084
19.03.2025;16:00:00;8291.5;8300.0;8272.8;8275.0;5959.0;8147.2698237764
19.03.2025;16:10:00;8277.3;8278.1;8263.7;8278.1;4905.0;8149.1091255386
19.03.2025;16:20:00;8277.0;8279.9;8270.7;8275.6;1940.0;8150.9300342832
19.03.2025;16:30:00;8274.8;8292.7;8271.6;8288.0;8688.0;8152.7327339404
19.03.2025;16:40:00;8287.4;8302.1;8285.4;8293.4;9770.0;8154.517406601
19.03.2025;16:50:00;8294.8;8310.0;8290.7;8305.0;7221.0;8156.284232535
19.03.2025;17:00:00;8304.1;8312.0;8287.4;8297.2;7149.0;8158.0333902096
19.03.2025;17:10:00;8296.9;8301.7;8274.0;8285.0;8002.0;8159.7650563075
19.03.2025;17:20:00;8284.9;8302.6;8283.1;8300.3;6558.0;8161.4794057444
19.03.2025;17:30:00;8300.9;8313.3;8296.6;8298.6;4689.0;8163.176611687
19.03.2025;17:40:00;8297.1;8298.6;8285.2;8285.5;620.0;8164.8568455701
19.03.2025;17:50:00;8285.3;8288.8;8283.5;8288.8;1174.0;8166.5202771144
19.03.2025;18:00:00;8288.6;8297.2;8287.0;8297.2;1208.0;8168.1670743433
19.03.2025;18:10:00;8297.8;8310.0;8296.4;8304.0;2759.0;8169.7974035998
19.03.2025;18:20:00;8306.6;8310.0;8296.4;8299.0;2946.0;8171.4114295638
19.03.2025;18:30:00;8299.9;8305.8;8289.7;8294.0;3044.0;8173.0093152682
19.03.2025;18:40:00;8293.9;8294.0;8259.1;8266.5;7040.0;8174.5912221155
19.03.2025;19:00:00;8272.6;8294.6;8258.8;8278.1;4078.0;8176.1573098944
19.03.2025;19:10:00;8277.8;8304.5;8272.9;8304.3;3008.0;8177.7077367954
19.03.2025;19:20:00;8302.4;8310.1;8298.5;8307.5;3783.0;8179.2426594275
19.03.2025;19:30:00;8306.8;8313.3;8304.5;8304.5;4320.0;8180.7622328332
19.03.2025;19:40:00;8305.2;8321.0;8303.2;8320.5;4399.0;8182.2666105049
19.03.2025;19:50:00;8320.5;8329.3;8318.0;8325.7;6836.0;8183.7559443998
19.03.2025;20:00:00;8322.8;8339.0;8321.0;8327.8;10674.0;8185.2303849558
19.03.2025;20:10:00;8326.0;8330.0;8321.0;8325.0;2104.0;8186.7680811063
19.03.2025;20:20:00;8325.1;8330.1;8323.8;8325.4;1937.0;8188.2904002952
19.03.2025;20:30:00;8326.0;8334.9;8326.0;8334.8;1534.0;8189.7974962922
19.03.2025;20:40:00;8334.8;8335.0;8330.0;8332.1;2656.0;8191.2895213293
19.03.2025;20:50:00;8332.0;8332.1;8323.5;8323.5;1987.0;8192.766626116
19.03.2025;21:00:00;8323.8;8328.8;8321.0;8327.2;2626.0;8194.2289598549
19.03.2025;21:10:00;8327.1;8339.8;8322.4;8339.3;2171.0;8195.6766702563
19.03.2025;21:20:00;8339.2;8340.5;8336.7;8340.5;2328.0;8197.1179035538
19.03.2025;21:30:00;8340.5;8356.8;8339.5;8351.0;5407.0;8198.5517245182
19.03.2025;21:40:00;8352.0;8388.0;8342.1;8374.1;12949.0;8200.134207273
19.03.2025;21:50:00;8372.8;8374.0;8357.7;8358.2;2643.0;8202.0128652003
19.03.2025;22:00:00;8357.9;8427.0;8353.4;8381.3;9201.0;8203.8727365483
19.03.2025;22:10:00;8380.8;8388.7;8368.3;8368.3;3533.0;8206.1040091828
19.03.2025;22:20:00;8368.0;8373.8;8364.0;8366.0;1138.0;8208.312969091
19.03.2025;22:30:00;8366.0;8372.8;8361.0;8368.4;1565.0;8210.4998394001
19.03.2025;22:40:00;8366.5;8369.4;8360.2;8368.7;1574.0;8212.6648410061
19.03.2025;22:50:00;8363.5;8372.9;8358.7;8361.0;1855.0;8214.808192596
19.03.2025;23:00:00;8361.0;8363.6;8357.6;8357.7;468.0;8216.9301106701
19.03.2025;23:10:00;8358.3;8368.2;8358.3;8360.8;388.0;8219.0308095634
19.03.2025;23:20:00;8362.0;8385.0;8362.0;8374.3;1453.0;8221.1105014677
19.03.2025;23:30:00;8372.7;8378.4;8370.0;8370.0;855.0;8223.1693964531
19.03.2025;23:40:00;8373.1;8393.6;8370.0;8388.0;3291.0;8225.2077024885
20.03.2025;08:50:00;8378.0;8378.0;8378.0;8378.0;72.0;8227.2256254636
20.03.2025;09:00:00;8379.9;8415.0;8370.0;8405.0;6199.0;8229.223369209
20.03.2025;09:10:00;8405.1;8415.0;8403.0;8406.2;4421.0;8231.2011355169
20.03.2025;09:20:00;8406.0;8411.6;8401.5;8405.8;3979.0;8233.1591241617
20.03.2025;09:30:00;8405.8;8408.6;8389.1;8407.5;3443.0;8235.0975329201
20.03.2025;09:40:00;8408.0;8416.5;8390.7;8394.8;2257.0;8237.0165575909
20.03.2025;09:50:00;8395.0;8407.0;8394.2;8404.1;979.0;8238.916392015
20.03.2025;10:00:00;8404.0;8404.1;8336.9;8338.7;17560.0;8240.7972280949
20.03.2025;10:10:00;8338.0;8339.3;8331.6;8335.8;14693.0;8242.6592558139
20.03.2025;10:20:00;8335.7;8338.9;8323.4;8325.0;11034.0;8244.5026632558
20.03.2025;10:30:00;8325.1;8328.9;8321.4;8324.2;4858.0;8246.3276366232
20.03.2025;10:40:00;8325.0;8340.0;8323.7;8336.0;5667.0;8248.134360257
20.03.2025;10:50:00;8336.0;8341.0;8335.3;8337.0;5301.0;8249.9230166544
20.03.2025;11:00:00;8339.0;8342.1;8335.0;8335.1;3986.0;8251.6937864879
20.03.2025;11:10:00;8336.1;8359.8;8336.1;8355.1;7477.0;8253.446848623
20.03.2025;11:20:00;8354.1;8359.7;8344.3;8359.7;5455.0;8255.1823801368
20.03.2025;11:30:00;8359.7;8370.9;8356.3;8370.7;4908.0;8256.9005563354
20.03.2025;11:40:00;8370.4;8371.9;8351.7;8352.1;7331.0;8258.601550772
20.03.2025;11:50:00;8352.1;8373.0;8351.0;8370.0;7506.0;8260.2855352643
20.03.2025;12:00:00;8370.0;8378.0;8362.4;8375.0;5364.0;8261.9526799117
20.03.2025;12:10:00;8375.0;8385.0;8372.2;8375.5;11985.0;8263.6031531126
20.03.2025;12:20:00;8375.5;8378.0;8363.4;8378.0;11249.0;8265.2371215814
20.03.2025;12:30:00;8377.5;8380.5;8368.9;8378.2;7182.0;8266.8547503656
20.03.2025;12:40:00;8378.2;8384.8;8366.0;8370.0;3237.0;8268.456202862
20.03.2025;12:50:00;8369.6;8371.3;8362.3;8365.3;1938.0;8270.0416408333
20.03.2025;13:00:00;8365.3;8378.1;8361.5;8369.5;3443.0;8271.611224425
20.03.2025;13:10:00;8368.9;8369.4;8361.0;8362.7;4663.0;8273.1651121808
20.03.2025;13:20:00;8363.1;8363.3;8336.3;8336.9;9676.0;8274.7034610589
20.03.2025;13:30:00;8336.2;8338.9;8320.7;8324.0;14947.0;8276.2264264484
20.03.2025;13:40:00;8325.0;8332.0;8324.6;8332.0;5533.0;8277.7341621839
20.03.2025;13:50:00;8332.0;8354.9;8329.5;8354.9;3275.0;8279.226820562
20.03.2025;14:00:00;8351.6;8365.8;8351.1;8362.1;3536.0;8280.7045523564
20.03.2025;14:10:00;8365.7;8365.8;8352.8;8362.2;5977.0;8282.1675068329
20.03.2025;14:20:00;8362.8;8365.4;8354.2;8355.9;3579.0;8283.6158317645
20.03.2025;14:30:00;8354.9;8358.1;8344.0;8355.8;3029.0;8285.0496734469
20.03.2025;14:40:00;8355.2;8410.0;8355.2;8359.8;12969.0;8286.4691767124
20.03.2025;14:50:00;8359.7;8377.7;8359.7;8377.0;4344.0;8287.8744849453
20.03.2025;15:00:00;8375.4;8375.4;8360.3;8366.7;2021.0;8289.2657400958
20.03.2025;15:10:00;8368.5;8375.0;8363.4;8375.0;2611.0;8290.6430826949
20.03.2025;15:20:00;8374.3;8382.8;8370.1;8382.8;1995.0;8292.0066518679
20.03.2025;15:30:00;8382.8;8383.8;8374.6;8375.0;2687.0;8293.3565853492
20.03.2025;15:40:00;8375.0;8378.3;8370.0;8372.0;2426.0;8294.6930194958
20.03.2025;15:50:00;8371.9;8376.1;8368.0;8376.0;1268.0;8296.0160893008
20.03.2025;16:00:00;8375.9;8379.9;8368.4;8370.7;2163.0;8297.3259284078
20.03.2025;16:10:00;8372.2;8377.0;8366.2;8369.9;1900.0;8298.6226691237
20.03.2025;16:20:00;8370.0;8370.2;8358.0;8363.7;2803.0;8299.9064424325
20.03.2025;16:30:00;8361.8;8370.4;8360.4;8370.4;1817.0;8301.1773780081
20.03.2025;16:40:00;8370.4;8373.5;8365.6;8371.6;1009.0;8302.4356042281
20.03.2025;16:50:00;8372.7;8373.0;8360.1;8360.1;2123.0;8303.6812481858
20.03.2025;17:00:00;8360.1;8368.4;8353.5;8358.9;1423.0;8304.9144357039
20.03.2025;17:10:00;8360.7;8371.0;8356.5;8368.7;882.0;8306.1352913469
20.03.2025;17:20:00;8370.0;8370.0;8346.3;8348.1;2423.0;8307.3439384334
20.03.2025;17:30:00;8347.0;8373.7;8345.7;8371.9;4424.0;8308.5404990491
20.03.2025;17:40:00;8371.9;8373.1;8349.4;8360.0;5259.0;8309.7250940586
20.03.2025;17:50:00;8357.9;8364.3;8345.8;8361.7;2396.0;8310.897843118
20.03.2025;18:00:00;8360.6;8362.7;8348.4;8350.0;2567.0;8312.0588646868
20.03.2025;18:10:00;8350.0;8353.7;8346.9;8349.0;1250.0;8313.20827604
20.03.2025;18:20:00;8348.9;8349.0;8308.3;8335.6;20737.0;8427.0
20.03.2025;18:30:00;8335.5;8351.8;8335.0;8350.7;2724.0;8424.626
20.03.2025;18:40:00;8351.8;8356.7;8347.6;8349.9;1721.0;8422.29948
20.03.2025;19:00:00;8353.0;8380.0;8348.1;8380.0;3978.0;8420.0194904
20.03.2025;19:10:00;8380.0;8395.4;8370.7;8371.2;5111.0;8417.785100592
20.03.2025;19:20:00;8371.2;8378.6;8370.9;8376.7;997.0;8415.5953985802
20.03.2025;19:30:00;8377.6;8387.1;8375.7;8377.5;1629.0;8413.4494906086
20.03.2025;19:40:00;8376.7;8386.0;8376.2;8379.7;1128.0;8411.3465007964
20.03.2025;19:50:00;8379.7;8386.4;8377.2;8386.4;425.0;8409.2855707805
20.03.2025;20:00:00;8384.2;8386.2;8375.2;8380.9;962.0;8407.2658593649
20.03.2025;20:10:00;8382.0;8382.0;8376.6;8381.0;241.0;8405.2865421776
20.03.2025;20:20:00;8381.0;8386.9;8375.2;8375.9;447.0;8403.346811334
20.03.2025;20:30:00;8377.7;8377.7;8372.0;8373.5;570.0;8401.4458751073
20.03.2025;20:40:00;8373.4;8384.7;8372.0;8383.2;1346.0;8399.5829576052
20.03.2025;20:50:00;8383.7;8386.1;8380.3;8382.0;618.0;8397.7572984531
20.03.2025;21:00:00;8383.5;8383.5;8375.9;8377.7;475.0;8395.968152484
20.03.2025;21:10:00;8378.9;8386.7;8378.8;8381.0;612.0;8394.2147894343
20.03.2025;21:20:00;8383.8;8384.0;8382.2;8383.9;506.0;8392.4964936456
20.03.2025;21:30:00;8383.7;8383.7;8381.3;8381.9;474.0;8390.8125637727
20.03.2025;21:40:00;8382.0;8383.7;8381.9;8383.6;622.0;8389.1623124973
20.03.2025;21:50:00;8383.0;8386.9;8382.1;8384.1;1084.0;8387.5450662473
20.03.2025;22:00:00;8384.0;8386.2;8382.3;8382.3;290.0;8308.3
20.03.2025;22:10:00;8382.3;8383.7;8379.0;8382.1;331.0;8309.858
20.03.2025;22:20:00;8382.1;8387.0;8380.9;8386.8;567.0;8311.38484
20.03.2025;22:30:00;8384.1;8384.1;8379.8;8381.2;188.0;8312.1409916
20.03.2025;22:40:00;8381.3;8385.4;8381.3;8384.4;138.0;8312.889581684
20.03.2025;22:50:00;8384.4;8385.0;8380.8;8382.7;592.0;8313.6306858672
20.03.2025;23:00:00;8382.8;8382.8;8380.5;8382.7;51.0;8314.3643790085
20.03.2025;23:10:00;8382.6;8387.3;8382.5;8387.3;740.0;8315.0907352184
20.03.2025;23:20:00;8383.6;8386.7;8383.2;8383.2;336.0;8315.8128278662
20.03.2025;23:30:00;8383.2;8386.9;8383.1;8386.9;61.0;8316.5276995876
20.03.2025;23:40:00;8386.8;8387.6;8385.0;8387.5;555.0;8317.2354225917
21.03.2025;08:50:00;8364.0;8364.0;8364.0;8364.0;219.0;8317.9390683658
21.03.2025;09:00:00;8363.8;8386.0;8347.1;8379.1;3911.0;8318.6356776821
21.03.2025;09:10:00;8378.2;8379.7;8364.1;8376.0;1196.0;8319.3253209053
21.03.2025;09:20:00;8375.9;8376.2;8367.1;8369.7;429.0;8320.0080676962
21.03.2025;09:30:00;8369.8;8384.7;8369.1;8381.0;654.0;8320.6839870193
21.03.2025;09:40:00;8380.9;8381.1;8372.0;8372.0;547.0;8321.3531471491
21.03.2025;09:50:00;8372.4;8384.9;8370.7;8378.8;1488.0;8322.0156156776
21.03.2025;10:00:00;8378.8;8382.1;8357.9;8358.5;20709.0;8322.6714595208
21.03.2025;10:10:00;8357.9;8367.5;8354.2;8357.4;6619.0;8323.3207449256
21.03.2025;10:20:00;8357.2;8359.8;8351.3;8357.1;3856.0;8323.9635374764
21.03.2025;10:30:00;8355.5;8359.4;8350.8;8355.6;1782.0;8324.5999021016
21.03.2025;10:40:00;8353.5;8355.9;8353.1;8353.1;972.0;8325.2299030806
21.03.2025;10:50:00;8353.1;8363.0;8349.5;8355.0;3119.0;8325.8536040498
21.03.2025;11:00:00;8353.9;8365.0;8348.2;8365.0;1865.0;8326.4710680093
21.03.2025;11:10:00;8365.0;8365.2;8348.4;8351.0;2880.0;8327.0823573292
21.03.2025;11:20:00;8352.5;8354.7;8340.2;8340.7;3838.0;8327.6875337559
21.03.2025;11:30:00;8340.8;8347.3;8334.2;8334.5;4115.0;8328.2866584183
21.03.2025;11:40:00;8336.0;8337.6;8332.0;8335.0;3691.0;8328.8797918341
21.03.2025;11:50:00;8335.0;8335.0;8319.7;8320.3;9899.0;8387.6
21.03.2025;12:00:00;8320.5;8320.5;8297.3;8298.5;14740.0;8386.242
21.03.2025;12:10:00;8298.5;8315.3;8296.7;8311.6;8181.0;8385.35258
21.03.2025;12:20:00;8313.8;8329.6;8311.4;8324.6;3320.0;8384.4660542
21.03.2025;12:30:00;8325.6;8325.6;8313.4;8321.2;1464.0;8383.588393658
21.03.2025;12:40:00;8320.7;8329.1;8317.6;8327.0;1261.0;8382.7195097214
21.03.2025;12:50:00;8326.2;8335.5;8324.6;8330.3;2962.0;8381.8593146242
21.03.2025;13:00:00;8330.1;8336.1;8326.3;8329.3;3465.0;8381.007721478
21.03.2025;13:10:00;8329.3;8335.7;8324.6;8334.6;3246.0;8380.1646442632
21.03.2025;13:20:00;8334.5;8344.1;8328.2;8330.1;3720.0;8379.3299978206
21.03.2025;13:30:00;8329.4;8341.8;8321.3;8339.8;4497.0;8378.5036978423
21.03.2025;13:40:00;8339.9;8341.0;8334.7;8335.5;2925.0;8377.6856608639
21.03.2025;13:50:00;8338.2;8345.5;8337.7;8342.0;3322.0;8376.8758042553
21.03.2025;14:00:00;8342.0;8346.9;8335.7;8342.8;2730.0;8376.0740462127
21.03.2025;14:10:00;8343.8;8348.5;8342.2;8344.1;3701.0;8375.2803057506
21.03.2025;14:20:00;8343.8;8343.8;8334.0;8334.0;1913.0;8374.4945026931
21.03.2025;14:30:00;8334.0;8350.3;8330.6;8346.6;4253.0;8373.7165576662
21.03.2025;14:40:00;8346.7;8350.4;8334.2;8338.5;4195.0;8372.9463920895
21.03.2025;14:50:00;8335.1;8344.9;8325.0;8339.2;2749.0;8372.1839281686
21.03.2025;15:00:00;8337.1;8338.5;8321.3;8332.4;4130.0;8371.4290888869
21.03.2025;15:10:00;8335.4;8345.2;8329.1;8340.2;2074.0;8370.6817979981
21.03.2025;15:20:00;8340.0;8342.3;8333.5;8334.6;1507.0;8369.9419800181
21.03.2025;15:30:00;8335.3;8344.9;8334.7;8337.9;1024.0;8369.2095602179
21.03.2025;15:40:00;8337.9;8351.6;8337.9;8347.6;2504.0;8368.4844646157
21.03.2025;15:50:00;8349.9;8351.9;8330.4;8340.9;2536.0;8367.7666199696
21.03.2025;16:00:00;8342.3;8343.2;8314.0;8314.0;4758.0;8367.0559537699
21.03.2025;16:10:00;8314.5;8331.4;8310.0;8315.8;8243.0;8366.3523942322
21.03.2025;16:20:00;8315.7;8315.7;8300.0;8302.7;4951.0;8365.6558702898
21.03.2025;16:30:00;8301.1;8303.1;8272.7;8283.5;18362.0;8364.9663115869
21.03.2025;16:40:00;8282.9;8303.1;8275.4;8288.3;8767.0;8364.0436484711
21.03.2025;16:50:00;8290.3;8309.7;8288.1;8288.4;7801.0;8363.1302119864
21.03.2025;17:00:00;8289.6;8289.6;8269.7;8269.7;7596.0;8362.2259098665
21.03.2025;17:10:00;8269.7;8288.6;8269.7;8283.7;5279.0;8361.3006507678
21.03.2025;17:20:00;8284.9;8296.5;8280.9;8294.9;4519.0;8360.3846442602
21.03.2025;17:30:00;8294.9;8295.4;8288.0;8289.0;1845.0;8359.4777978176
21.03.2025;17:40:00;8288.0;8292.6;8283.9;8286.2;2478.0;8358.5800198394
21.03.2025;17:50:00;8286.7;8297.4;8283.1;8290.2;2021.0;8357.691219641
21.03.2025;18:00:00;8289.5;8300.3;8286.6;8291.5;3092.0;8356.8113074446
21.03.2025;18:10:00;8293.3;8296.2;8280.6;8280.7;4430.0;8355.9401943701
21.03.2025;18:20:00;8280.8;8287.6;8280.1;8282.7;1751.0;8355.0777924264
21.03.2025;18:30:00;8283.4;8294.1;8280.4;8289.3;3201.0;8354.2240145022
21.03.2025;18:40:00;8290.6;8290.6;8285.6;8285.6;3218.0;8353.3787743571
21.03.2025;19:00:00;8288.9;8295.0;8280.3;8290.0;1437.0;8352.5419866136
21.03.2025;19:10:00;8290.0;8309.8;8289.9;8296.2;3084.0;8351.7135667474
21.03.2025;19:20:00;8295.0;8312.1;8295.0;8307.4;1664.0;8350.89343108
21.03.2025;19:30:00;8306.1;8306.1;8295.0;8297.8;521.0;8350.0814967692
21.03.2025;19:40:00;8296.9;8301.0;8294.8;8294.8;529.0;8349.2776818015
21.03.2025;19:50:00;8294.0;8298.6;8290.8;8298.2;191.0;8348.4819049835
21.03.2025;20:00:00;8298.1;8305.9;8297.6;8303.6;954.0;8347.6940859336
21.03.2025;20:10:00;8305.0;8308.7;8302.4;8306.0;879.0;8346.9141450743
21.03.2025;20:20:00;8306.1;8306.1;8299.0;8301.1;378.0;8346.1420036235
21.03.2025;20:30:00;8303.6;8303.6;8297.8;8297.8;227.0;8345.3775835873
21.03.2025;20:40:00;8298.1;8298.8;8294.9;8295.0;594.0;8344.6208077514
21.03.2025;20:50:00;8296.0;8298.5;8295.0;8297.4;110.0;8343.8715996739
21.03.2025;21:00:00;8297.1;8298.0;8297.0;8297.8;172.0;8343.1298836772
21.03.2025;21:10:00;8298.9;8299.0;8297.6;8298.6;70.0;8342.3955848404
21.03.2025;21:20:00;8299.0;8308.3;8299.0;8308.0;982.0;8341.668628992
21.03.2025;21:30:00;8308.0;8309.7;8305.9;8308.0;908.0;8340.9489427021
21.03.2025;21:40:00;8308.0;8309.0;8305.5;8309.0;535.0;8340.2364532751
21.03.2025;21:50:00;8309.0;8309.0;8302.7;8304.0;372.0;8339.5310887423
21.03.2025;22:00:00;8304.0;8308.5;8294.9;8308.5;1046.0;8338.8327778549
21.03.2025;22:10:00;8309.0;8309.7;8307.8;8309.6;402.0;8338.1414500763
21.03.2025;22:20:00;8309.0;8318.5;8308.9;8313.8;774.0;8337.4570355756
21.03.2025;22:30:00;8316.0;8317.0;8311.0;8311.1;386.0;8336.7794652198
21.03.2025;22:40:00;8313.1;8313.3;8308.0;8311.1;721.0;8336.1086705676
21.03.2025;22:50:00;8311.0;8311.3;8307.8;8311.3;885.0;8335.4445838619
21.03.2025;23:00:00;8311.3;8311.4;8310.5;8311.4;284.0;8334.7871380233
21.03.2025;23:10:00;8311.4;8312.1;8309.7;8312.1;783.0;8334.1362666431
21.03.2025;23:20:00;8312.1;8315.7;8312.0;8315.7;587.0;8333.4919039767
21.03.2025;23:30:00;8315.9;8316.9;8310.9;8313.8;649.0;8332.8539849369
21.03.2025;23:40:00;8313.8;8325.0;8313.8;8317.1;2069.0;8332.2224450875
24.03.2025;08:50:00;8317.0;8317.0;8317.0;8317.0;34.0;8331.5972206366
24.03.2025;09:00:00;8317.0;8324.5;8293.8;8295.0;4436.0;8330.9782484303
24.03.2025;09:10:00;8295.0;8295.1;8276.6;8288.0;3634.0;8330.365465946
24.03.2025;09:20:00;8287.9;8292.6;8282.5;8289.6;1705.0;8329.7588112865
24.03.2025;09:30:00;8287.5;8295.1;8278.0;8281.7;3639.0;8329.1582231737
24.03.2025;09:40:00;8281.5;8285.9;8276.9;8280.0;953.0;8328.5636409419
24.03.2025;09:50:00;8280.1;8284.0;8279.5;8284.0;759.0;8327.9750045325
24.03.2025;10:00:00;8283.9;8299.3;8251.9;8251.9;12430.0;8327.3922544872
24.03.2025;10:10:00;8251.9;8263.5;8251.8;8257.4;4046.0;8326.6373319423
24.03.2025;10:20:00;8259.2;8272.0;8259.2;8266.0;3595.0;8325.8889586229
24.03.2025;10:30:00;8265.5;8270.0;8250.0;8260.4;9042.0;8325.1480690367
24.03.2025;10:40:00;8261.5;8268.4;8259.4;8265.9;2029.0;8324.3965883463
24.03.2025;10:50:00;8265.9;8266.1;8241.0;8241.0;7969.0;8323.6526224628
24.03.2025;11:00:00;8241.0;8243.2;8227.6;8234.6;11346.0;8322.8260962382
24.03.2025;11:10:00;8234.4;8234.4;8215.0;8221.2;7562.0;8321.8738352758
24.03.2025;11:20:00;8219.3;8224.5;8218.9;8222.8;2154.0;8320.8050969231
24.03.2025;11:30:00;8222.7;8231.4;8216.2;8228.5;3918.0;8319.7470459538
24.03.2025;11:40:00;8228.5;8229.4;8225.4;8226.2;1961.0;8318.6995754943
24.03.2025;11:50:00;8226.2;8254.0;8226.2;8251.3;3786.0;8317.6625797393
24.03.2025;12:00:00;8251.0;8258.4;8236.4;8239.3;7346.0;8316.635953942
24.03.2025;12:10:00;8240.4;8256.1;8240.4;8252.7;5052.0;8315.6195944025
24.03.2025;12:20:00;8252.7;8263.6;8249.4;8250.9;4566.0;8314.6133984585
24.03.2025;12:30:00;8251.0;8266.6;8249.5;8254.5;5029.0;8313.6172644739
24.03.2025;12:40:00;8254.6;8269.4;8254.6;8265.1;1940.0;8312.6310918292
24.03.2025;12:50:00;8265.1;8299.5;8259.3;8296.9;15725.0;8311.6547809109
24.03.2025;13:00:00;8295.3;8306.2;8288.9;8291.0;7508.0;8310.6882331018
24.03.2025;13:10:00;8291.0;8302.3;8291.0;8302.3;2795.0;8309.7313507708
24.03.2025;13:20:00;8299.8;8309.6;8293.9;8308.2;4750.0;8215.0
24.03.2025;13:30:00;8308.0;8324.9;8301.8;8310.1;10212.0;8216.892
24.03.2025;13:40:00;8312.1;8315.4;8301.7;8315.0;2289.0;8217.97208
24.03.2025;13:50:00;8315.0;8319.7;8307.0;8307.1;1781.0;8219.0413592
24.03.2025;14:00:00;8311.0;8327.7;8311.0;8327.6;3152.0;8220.099945608
24.03.2025;14:10:00;8325.7;8327.7;8310.4;8314.7;4917.0;8221.1759461519
24.03.2025;14:20:00;8314.6;8340.0;8307.0;8307.0;7733.0;8222.2411866904
24.03.2025;14:30:00;8307.5;8307.9;8291.2;8295.9;7815.0;8223.4187748235
24.03.2025;14:40:00;8296.7;8299.1;8294.0;8296.3;1422.0;8224.5845870753
24.03.2025;14:50:00;8296.4;8305.3;8290.8;8291.3;3717.0;8225.7387412045
24.03.2025;15:00:00;8293.0;8307.6;8292.9;8300.0;6552.0;8226.8813537925
24.03.2025;15:10:00;8300.0;8303.6;8295.0;8300.1;1667.0;8228.0125402545
24.03.2025;15:20:00;8301.3;8308.0;8301.3;8306.0;919.0;8229.132414852
24.03.2025;15:30:00;8306.7;8316.6;8300.0;8313.6;2688.0;8230.2410907035
24.03.2025;15:40:00;8315.0;8328.2;8307.3;8309.8;2437.0;8231.3386797964
24.03.2025;15:50:00;8312.8;8312.8;8290.4;8295.4;3767.0;8232.4252929985
24.03.2025;16:00:00;8297.7;8313.8;8295.2;8303.6;2071.0;8233.5010400685
24.03.2025;16:10:00;8303.6;8308.8;8299.3;8299.4;1200.0;8234.5660296678
24.03.2025;16:20:00;8298.1;8298.1;8277.8;8286.5;3617.0;8235.6203693711
24.03.2025;16:30:00;8284.7;8302.4;8283.0;8296.1;2248.0;8236.6641656774
24.03.2025;16:40:00;8297.0;8300.2;8287.1;8293.7;1494.0;8237.6975240206
24.03.2025;16:50:00;8292.1;8305.1;8289.6;8290.9;3575.0;8238.7205487804
24.03.2025;17:00:00;8289.8;8289.8;8276.2;8279.4;3754.0;8239.7333432926
24.03.2025;17:10:00;8277.3;8308.0;8277.3;8308.0;2957.0;8240.7360098597
24.03.2025;17:20:00;8307.1;8315.0;8292.5;8296.5;3634.0;8241.7286497611
24.03.2025;17:30:00;8296.5;8302.6;8284.8;8299.7;3169.0;8242.7113632635
24.03.2025;17:40:00;8300.0;8320.0;8291.8;8309.1;3362.0;8243.6842496309
24.03.2025;17:50:00;8311.9;8316.6;8294.0;8295.8;1754.0;8244.6474071346
24.03.2025;18:00:00;8297.0;8298.5;8277.5;8290.2;2956.0;8245.6009330632
24.03.2025;18:10:00;8287.9;8303.0;8287.3;8303.0;961.0;8246.5449237326
24.03.2025;18:20:00;8301.6;8309.8;8297.7;8298.3;1810.0;8247.4794744953
24.03.2025;18:30:00;8297.4;8309.3;8295.1;8303.2;3015.0;8248.4046797503
24.03.2025;18:40:00;8303.8;8307.1;8295.0;8300.0;707.0;8249.3206329528
24.03.2025;19:00:00;8293.7;8305.0;8292.5;8303.0;1212.0;8250.2274266233
24.03.2025;19:10:00;8303.0;8309.9;8288.1;8294.7;1486.0;8251.125152357
24.03.2025;19:20:00;8297.2;8300.0;8291.0;8297.5;450.0;8252.0139008335
24.03.2025;19:30:00;8295.3;8297.2;8291.0;8297.2;718.0;8252.8937618251
24.03.2025;19:40:00;8297.1;8297.1;8291.0;8294.1;314.0;8253.7648242069
24.03.2025;19:50:00;8298.4;8301.4;8291.6;8292.8;395.0;8254.6271759648
24.03.2025;20:00:00;8293.6;8293.6;8291.0;8292.3;1525.0;8255.4809042052
24.03.2025;20:10:00;8292.3;8294.5;8291.1;8291.1;341.0;8256.3260951631
24.03.2025;20:20:00;8291.1;8295.5;8283.6;8295.5;1551.0;8257.1628342115
24.03.2025;20:30:00;8297.0;8305.1;8294.9;8301.7;2313.0;8257.9912058694
24.03.2025;20:40:00;8301.1;8305.7;8301.0;8301.9;732.0;8258.8112938107
24.03.2025;20:50:00;8304.1;8304.1;8294.8;8296.4;1484.0;8259.6231808726
24.03.2025;21:00:00;8296.0;8298.5;8289.6;8289.6;835.0;8260.4269490638
24.03.2025;21:10:00;8289.3;8336.0;8285.2;8326.0;4700.0;8261.2226795732
24.03.2025;21:20:00;8330.0;8338.9;8316.0;8320.6;2832.0;8262.0104527775
24.03.2025;21:30:00;8324.4;8337.2;8324.4;8333.6;3122.0;8262.7903482497
24.03.2025;21:40:00;8331.8;8337.7;8304.9;8322.2;1110.0;8263.5624447672
24.03.2025;21:50:00;8322.2;8324.8;8310.0;8313.2;1419.0;8264.3268203195
24.03.2025;22:00:00;8310.2;8324.2;8308.4;8320.1;1423.0;8265.0835521163
24.03.2025;22:10:00;8322.4;8322.4;8312.0;8322.3;525.0;8265.8327165952
24.03.2025;22:20:00;8321.0;8321.9;8318.8;8318.8;802.0;8266.5743894292
24.03.2025;22:30:00;8318.9;8324.0;8316.5;8317.6;1538.0;8267.3086455349
24.03.2025;22:40:00;8316.0;8323.5;8312.6;8315.3;77.0;8268.0355590796
24.03.2025;22:50:00;8312.1;8319.1;8310.0;8310.0;634.0;8268.7552034888
24.03.2025;23:00:00;8310.0;8310.0;8303.2;8305.3;2120.0;8269.4676514539
24.03.2025;23:10:00;8309.5;8312.8;8308.0;8311.4;1239.0;8270.1729749394
24.03.2025;23:20:00;8312.8;8322.5;8308.0;8322.5;358.0;8270.87124519
24.03.2025;23:30:00;8322.5;8322.5;8314.0;8315.4;149.0;8271.5625327381
24.03.2025;23:40:00;8315.9;8324.9;8313.2;8324.9;705.0;8272.2469074107
25.03.2025;08:50:00;8325.0;8325.0;8325.0;8325.0;10.0;8272.9244383366
25.03.2025;09:00:00;8325.0;8335.0;8284.9;8311.1;4801.0;8273.5951939532
25.03.2025;09:10:00;8306.1;8311.8;8293.6;8311.5;1101.0;8274.2592420137
25.03.2025;09:20:00;8308.6;8310.0;8301.7;8307.6;643.0;8274.9166495935
25.03.2025;09:30:00;8307.3;8313.9;8305.8;8313.9;717.0;8275.5674830976
25.03.2025;09:40:00;8313.9;8330.0;8306.6;8324.1;1944.0;8276.2118082666
25.03.2025;09:50:00;8325.7;8333.3;8310.6;8333.3;1199.0;8276.849690184
25.03.2025;10:00:00;8330.9;8338.0;8283.3;8288.7;5688.0;8277.4811932821
25.03.2025;10:10:00;8288.0;8288.5;8276.2;8276.3;5755.0;8340.0
25.03.2025;10:20:00;8276.4;8280.6;8266.5;8267.4;6968.0;8338.724
25.03.2025;10:30:00;8266.7;8269.3;8258.3;8267.4;6593.0;8338.00176
25.03.2025;10:40:00;8267.4;8271.1;8266.0;8270.9;3249.0;8337.2047424
25.03.2025;10:50:00;8270.1;8281.6;8266.0;8266.0;6977.0;8336.415694976
25.03.2025;11:00:00;8266.1;8270.1;8256.7;8265.7;4235.0;8335.6345380262
25.03.2025;11:10:00;8265.0;8286.1;8261.4;8281.9;7891.0;8334.845192646
25.03.2025;11:20:00;8279.4;8283.8;8269.1;8279.9;3810.0;8334.0637407195
25.03.2025;11:30:00;8281.5;8282.0;8272.8;8274.4;5109.0;8333.2901033123
25.03.2025;11:40:00;8275.4;8279.1;8268.0;8268.0;2215.0;8332.5242022792
25.03.2025;11:50:00;8268.3;8271.9;8265.4;8268.0;1331.0;8331.7659602564
25.03.2025;12:00:00;8266.8;8277.0;8262.2;8271.0;1436.0;8331.0153006538
25.03.2025;12:10:00;8275.6;8275.6;8257.5;8266.7;2472.0;8330.2721476473
25.03.2025;12:20:00;8266.9;8275.4;8265.0;8274.4;3995.0;8329.5364261708
25.03.2025;12:30:00;8274.6;8277.6;8267.6;8271.2;3519.0;8328.8080619091
25.03.2025;12:40:00;8271.2;8279.0;8269.1;8278.8;2322.0;8328.08698129
25.03.2025;12:50:00;8279.0;8283.2;8273.3;8282.9;1446.0;8327.3731114771
25.03.2025;13:00:00;8282.9;8282.9;8269.0;8280.0;2962.0;8326.6663803624
25.03.2025;13:10:00;8279.9;8283.8;8269.6;8272.3;1932.0;8325.9667165587
25.03.2025;13:20:00;8271.0;8273.6;8268.2;8270.0;1165.0;8325.2740493932
25.03.2025;13:30:00;8271.3;8275.0;8267.9;8271.0;1320.0;8324.5883088992
25.03.2025;13:40:00;8271.1;8271.6;8265.6;8269.2;2799.0;8323.9094258102
25.03.2025;13:50:00;8271.5;8274.3;8267.0;8269.4;772.0;8323.2373315521
25.03.2025;14:00:00;8273.2;8273.2;8261.3;8263.7;426.0;8322.5719582366
25.03.2025;14:10:00;8261.2;8271.1;8246.6;8249.1;8629.0;8321.9132386542
25.03.2025;14:20:00;8247.6;8258.2;8242.2;8258.0;3298.0;8321.1601062677
25.03.2025;14:30:00;8258.0;8272.0;8253.0;8272.0;3017.0;8320.370505205
25.03.2025;14:40:00;8272.1;8272.2;8251.4;8253.3;2192.0;8319.588800153
25.03.2025;14:50:00;8253.3;8253.3;8242.0;8246.3;4360.0;8318.8149121514
25.03.2025;15:00:00;8246.3;8246.3;8230.2;8234.2;4316.0;8318.0467630299
25.03.2025;15:10:00;8235.7;8245.3;8235.0;8238.9;1416.0;8317.1682953996
25.03.2025;15:20:00;8240.0;8254.4;8236.8;8253.5;5170.0;8316.2986124456
25.03.2025;15:30:00;8253.6;8274.4;8253.6;8267.0;3627.0;8315.4376263212
25.03.2025;15:40:00;8268.9;8273.0;8264.9;8267.6;1021.0;8314.585250058
25.03.2025;15:50:00;8267.0;8275.0;8267.0;8271.2;1411.0;8313.7413975574
25.03.2025;16:00:00;8274.3;8278.0;8268.9;8275.2;5025.0;8312.9059835818
25.03.2025;16:10:00;8275.3;8298.2;8272.7;8277.5;10970.0;8312.078923746
25.03.2025;16:20:00;8281.7;8283.8;8270.9;8277.3;4017.0;8311.2601345085
25.03.2025;16:30:00;8278.4;8292.7;8276.3;8287.6;2151.0;8310.4495331634
25.03.2025;16:40:00;8291.8;8301.0;8287.8;8297.0;4473.0;8309.6470378318
25.03.2025;16:50:00;8295.6;8299.6;8286.7;8286.8;1897.0;8308.8525674535
25.03.2025;17:00:00;8288.6;8300.0;8287.3;8287.4;3050.0;8308.066041779
25.03.2025;17:10:00;8287.9;8287.9;8265.4;8268.7;5156.0;8307.2873813612
25.03.2025;17:20:00;8269.1;8269.1;8256.0;8256.7;6063.0;8306.5165075476
25.03.2025;17:30:00;8256.0;8258.5;8240.7;8258.4;6872.0;8305.7533424721
25.03.2025;17:40:00;8258.4;8265.3;8242.3;8242.3;4980.0;8304.9978090474
25.03.2025;17:50:00;8242.3;8242.4;8218.0;8229.9;7309.0;8304.2498309569
25.03.2025;18:00:00;8228.1;8232.1;8210.0;8212.0;5478.0;8303.3873326473
25.03.2025;18:10:00;8212.0;8212.0;8200.0;8204.4;5540.0;8302.4534593208
25.03.2025;18:20:00;8206.4;8218.4;8201.1;8217.3;6212.0;8301.4289247276
25.03.2025;18:30:00;8217.5;8229.6;8211.0;8218.0;2409.0;8300.4146354804
25.03.2025;18:40:00;8215.1;8224.1;8210.6;8212.0;5321.0;8299.4104891256
25.03.2025;19:20:00;8215.0;8215.0;8200.0;8210.5;6950.0;8298.4163842343
25.03.2025;19:30:00;8210.4;8227.6;8202.9;8225.4;4394.0;8297.432220392
25.03.2025;19:40:00;8225.8;8236.9;8225.5;8229.3;2798.0;8296.457898188
25.03.2025;19:50:00;8229.0;8232.2;8218.6;8218.6;951.0;8295.4933192062
25.03.2025;20:00:00;8218.8;8226.7;8213.2;8226.7;1317.0;8294.5383860141
25.03.2025;20:10:00;8222.2;8232.7;8221.6;8231.5;1111.0;8293.593002154
25.03.2025;20:20:00;8232.3;8239.8;8223.4;8225.0;1526.0;8292.6570721324
25.03.2025;20:30:00;8226.4;8238.6;8226.4;8233.0;848.0;8291.7305014111
25.03.2025;20:40:00;8230.5;8230.6;8219.0;8219.0;1694.0;8290.813196397
25.03.2025;20:50:00;8218.9;8236.9;8216.0;8231.7;2619.0;8289.905064433
25.03.2025;21:00:00;8233.3;8233.3;8222.2;8222.8;1761.0;8289.0060137887
25.03.2025;21:10:00;8223.1;8225.0;8217.0;8217.7;459.0;8288.1159536508
25.03.2025;21:20:00;8217.7;8217.7;8200.8;8208.8;920.0;8287.2347941143
25.03.2025;21:30:00;8208.7;8210.7;8203.9;8207.8;757.0;8286.3624461731
25.03.2025;21:40:00;8210.7;8211.0;8204.0;8206.6;499.0;8285.4988217114
25.03.2025;21:50:00;8208.4;8208.5;8200.3;8202.0;1212.0;8284.6438334943
25.03.2025;22:00:00;8202.7;8205.6;8202.0;8203.1;546.0;8283.7973951594
25.03.2025;22:10:00;8204.3;8205.1;8191.0;8204.9;4692.0;8282.9594212078
25.03.2025;22:20:00;8204.9;8211.0;8204.9;8209.4;498.0;8282.0398269957
25.03.2025;22:30:00;8206.8;8211.8;8205.3;8211.0;120.0;8281.1294287257
25.03.2025;22:40:00;8211.8;8220.8;8210.1;8215.3;797.0;8280.2281344385
25.03.2025;22:50:00;8215.1;8219.9;8210.6;8216.7;151.0;8279.3358530941
25.03.2025;23:00:00;8215.2;8215.2;8202.5;8205.6;726.0;8278.4524945631
25.03.2025;23:10:00;8207.8;8207.8;8204.7;8206.2;34.0;8277.5779696175
25.03.2025;23:20:00;8206.2;8209.4;8204.7;8206.8;363.0;8276.7121899213
25.03.2025;23:30:00;8209.5;8218.8;8209.5;8216.4;392.0;8275.8550680221
25.03.2025;23:40:00;8218.5;8225.0;8200.6;8200.6;900.0;8275.0065173419
26.03.2025;08:50:00;8200.4;8200.4;8200.4;8200.4;228.0;8274.1664521685
26.03.2025;09:00:00;8218.8;8238.2;8214.1;8226.3;4185.0;8273.3347876468
26.03.2025;09:10:00;8228.3;8239.2;8224.9;8239.0;3076.0;8272.5114397703
26.03.2025;09:20:00;8236.9;8245.8;8234.3;8241.3;1264.0;8271.6963253726
26.03.2025;09:30:00;8241.2;8244.0;8227.8;8232.0;1645.0;8270.8893621189
26.03.2025;09:40:00;8231.4;8232.4;8224.6;8226.9;819.0;8270.0904684977
26.03.2025;09:50:00;8227.0;8230.2;8219.4;8219.6;1061.0;8269.2995638127
26.03.2025;10:00:00;8224.6;8257.0;8211.5;8252.0;6066.0;8268.5165681746
26.03.2025;10:10:00;8254.4;8267.9;8249.8;8250.2;4914.0;8191.0
26.03.2025;10:20:00;8253.2;8261.1;8240.6;8258.1;1626.0;8192.538
26.03.2025;10:30:00;8258.1;8261.1;8245.2;8248.7;1038.0;8194.04524
26.03.2025;10:40:00;8248.2;8280.0;8242.1;8271.4;3920.0;8195.5223352
26.03.2025;10:50:00;8272.1;8275.7;8262.7;8264.9;1865.0;8196.367111848
26.03.2025;11:00:00;8264.9;8269.8;8256.8;8259.2;2218.0;8197.2034407295
26.03.2025;11:10:00;8260.0;8268.8;8255.7;8261.0;3173.0;8198.0314063222
26.03.2025;11:20:00;8259.9;8263.1;8255.4;8259.5;1544.0;8198.851092259
26.03.2025;11:30:00;8261.6;8263.0;8252.0;8254.1;2117.0;8199.6625813364
26.03.2025;11:40:00;8254.8;8259.2;8236.6;8243.4;4183.0;8200.4659555231
26.03.2025;11:50:00;8244.7;8247.0;8226.6;8242.4;4622.0;8201.2612959678
26.03.2025;12:00:00;8242.4;8253.8;8239.0;8253.8;1989.0;8202.0486830081
26.03.2025;12:10:00;8251.8;8253.0;8240.8;8246.5;1711.0;8202.8281961781
26.03.2025;12:20:00;8245.0;8245.0;8237.2;8237.8;1421.0;8203.5999142163
26.03.2025;12:30:00;8237.7;8240.9;8233.2;8234.5;4088.0;8204.3639150741
26.03.2025;12:40:00;8236.6;8237.4;8232.2;8235.0;1421.0;8205.1202759234
26.03.2025;12:50:00;8234.0;8242.4;8229.4;8238.9;3097.0;8205.8690731641
26.03.2025;13:00:00;8242.3;8243.2;8234.2;8236.5;1074.0;8206.6103824325
26.03.2025;13:10:00;8236.8;8254.2;8233.9;8242.7;1505.0;8207.3442786082
26.03.2025;13:20:00;8245.8;8254.1;8242.3;8251.3;683.0;8208.0708358221
26.03.2025;13:30:00;8249.6;8252.2;8245.1;8249.0;247.0;8208.7901274639
26.03.2025;13:40:00;8249.0;8253.3;8242.8;8247.8;1246.0;8209.5022261892
26.03.2025;13:50:00;8246.6;8256.8;8246.5;8254.0;2568.0;8210.2072039273
26.03.2025;14:00:00;8255.6;8258.4;8253.4;8257.3;5986.0;8210.9051318881
26.03.2025;14:10:00;8258.2;8258.2;8246.0;8248.7;1229.0;8211.5960805692
26.03.2025;14:20:00;8248.0;8248.7;8237.4;8247.6;2457.0;8212.2801197635
26.03.2025;14:30:00;8247.6;8256.2;8236.0;8241.8;3771.0;8212.9573185659
26.03.2025;14:40:00;8237.1;8245.2;8226.8;8226.8;3950.0;8213.6277453802
26.03.2025;14:50:00;8226.6;8234.4;8216.7;8218.8;5382.0;8214.2914679264
26.03.2025;15:00:00;8218.4;8221.5;8211.5;8216.4;4676.0;8280.0
26.03.2025;15:10:00;8216.4;8230.0;8214.3;8219.6;4205.0;8278.63
26.03.2025;15:20:00;8217.6;8218.8;8200.5;8206.5;7229.0;8277.2874
26.03.2025;15:30:00;8202.4;8212.3;8201.1;8206.4;6587.0;8276.519526
26.03.2025;15:40:00;8206.8;8219.0;8206.2;8210.4;5101.0;8275.75933074
26.03.2025;15:50:00;8207.6;8225.9;8207.0;8217.8;5768.0;8275.0067374326
26.03.2025;16:00:00;8211.7;8212.6;8192.0;8193.7;6702.0;8274.2616700583
26.03.2025;16:10:00;8193.9;8198.0;8191.6;8192.4;2779.0;8273.4390533577
26.03.2025;16:20:00;8192.0;8198.2;8184.7;8186.5;8217.0;8272.6206628241
26.03.2025;16:30:00;8186.5;8204.1;8181.4;8201.8;4675.0;8271.7414561959
26.03.2025;16:40:00;8200.2;8204.8;8184.0;8189.5;3586.0;8270.8380416339
26.03.2025;16:50:00;8185.2;8190.7;8182.2;8185.1;2812.0;8269.9436612176
26.03.2025;17:00:00;8185.1;8205.2;8185.1;8200.0;2985.0;8269.0582246054
26.03.2025;17:10:00;8196.3;8198.8;8189.8;8189.9;1226.0;8268.1816423593
26.03.2025;17:20:00;8189.4;8189.5;8182.5;8188.5;4593.0;8267.3138259358
26.03.2025;17:30:00;8187.2;8213.7;8187.2;8202.4;2920.0;8266.4546876764
26.03.2025;17:40:00;8201.2;8203.7;8195.5;8196.0;4553.0;8265.6041407996
26.03.2025;17:50:00;8197.6;8201.5;8185.4;8189.4;4426.0;8264.7620993916
26.03.2025;18:00:00;8188.9;8192.0;8180.1;8180.6;9957.0;8263.9284783977
26.03.2025;18:10:00;8180.5;8189.9;8175.0;8182.5;7403.0;8263.0901936137
26.03.2025;18:20:00;8182.8;8191.9;8180.3;8189.5;1271.0;8262.2092916776
26.03.2025;18:30:00;8189.4;8195.0;8186.3;8189.2;957.0;8261.3371987608
26.03.2025;18:40:00;8188.6;8188.6;8171.0;8172.8;3130.0;8260.4738267732
26.03.2025;19:00:00;8174.6;8184.0;8160.0;8184.0;5838.0;8259.5790885055
26.03.2025;19:10:00;8184.0;8188.2;8178.1;8186.2;2212.0;8258.5832976204
26.03.2025;19:20:00;8186.3;8197.0;8185.9;8196.8;968.0;8257.5974646442
26.03.2025;19:30:00;8196.8;8198.1;8176.0;8178.0;1171.0;8256.6214899978
26.03.2025;19:40:00;8176.0;8187.5;8175.0;8187.5;961.0;8255.6552750978
26.03.2025;19:50:00;8188.0;8189.3;8178.0;8179.4;654.0;8254.6987223468
26.03.2025;20:00:00;8177.4;8184.0;8176.0;8184.0;1723.0;8253.7517351234
26.03.2025;20:10:00;8184.4;8195.2;8184.4;8191.8;1820.0;8252.8142177721
26.03.2025;20:20:00;8190.7;8193.4;8188.1;8190.7;495.0;8251.8860755944
26.03.2025;20:30:00;8190.5;8190.6;8186.5;8189.9;548.0;8250.9672148385
26.03.2025;20:40:00;8190.5;8192.6;8187.8;8189.3;444.0;8250.0575426901
26.03.2025;20:50:00;8189.1;8190.0;8187.5;8187.6;205.0;8249.1569672632
26.03.2025;21:00:00;8187.1;8195.0;8186.8;8195.0;1404.0;8248.2653975905
26.03.2025;21:10:00;8194.0;8197.3;8194.0;8195.4;364.0;8247.3827436146
26.03.2025;21:20:00;8196.3;8203.6;8196.3;8200.0;2375.0;8246.5089161785
26.03.2025;21:30:00;8200.8;8203.6;8196.1;8200.0;514.0;8245.6438270167
26.03.2025;21:40:00;8200.0;8201.0;8197.6;8201.0;326.0;8244.7873887465
26.03.2025;21:50:00;8200.3;8202.2;8198.0;8200.0;144.0;8243.9395148591
26.03.2025;22:00:00;8198.1;8201.8;8197.9;8200.0;2302.0;8243.1001197105
26.03.2025;22:10:00;8200.0;8202.5;8196.9;8200.1;863.0;8242.2691185134
26.03.2025;22:20:00;8199.7;8203.0;8199.7;8200.9;79.0;8241.4464273282
26.03.2025;22:30:00;8201.8;8203.2;8200.1;8202.5;381.0;8240.631963055
26.03.2025;22:40:00;8200.7;8207.0;8200.7;8207.0;210.0;8239.8256434244
26.03.2025;22:50:00;8205.5;8212.0;8201.9;8212.0;566.0;8239.0273869902
26.03.2025;23:00:00;8211.4;8225.5;8211.4;8215.0;2858.0;8238.2371131203
26.03.2025;23:10:00;8214.5;8215.0;8212.0;8212.0;168.0;8237.4547419891
26.03.2025;23:20:00;8211.8;8213.2;8207.9;8212.2;181.0;8236.6801945692
26.03.2025;23:30:00;8212.0;8212.0;8205.7;8208.8;142.0;8235.9133926235
26.03.2025;23:40:00;8210.4;8218.7;8206.5;8208.7;672.0;8235.1542586972
27.03.2025;08:50:00;8226.8;8226.8;8226.8;8226.8;85.0;8234.4027161103
27.03.2025;09:00:00;8227.0;8250.0;8225.1;8227.2;10699.0;8160.0
27.03.2025;09:10:00;8228.6;8249.5;8228.6;8249.5;2491.0;8161.8
27.03.2025;09:20:00;8247.7;8247.7;8236.9;8237.5;1490.0;8163.564
27.03.2025;09:30:00;8237.5;8243.6;8235.8;8242.0;1319.0;8165.29272
27.03.2025;09:40:00;8240.1;8242.0;8234.0;8241.0;647.0;8166.9868656
27.03.2025;09:50:00;8240.8;8241.5;8235.8;8236.6;448.0;8168.647128288
27.03.2025;10:00:00;8235.2;8235.2;8207.8;8222.2;13668.0;8170.2741857222
27.03.2025;10:10:00;8221.6;8222.9;8207.7;8210.0;7948.0;8171.8687020078
27.03.2025;10:20:00;8210.0;8214.7;8208.2;8210.4;3415.0;8173.4313279676
27.03.2025;10:30:00;8208.2;8209.9;8200.0;8207.0;8707.0;8174.9627014083
27.03.2025;10:40:00;8207.1;8208.5;8195.6;8200.9;16797.0;8176.4634473801
27.03.2025;10:50:00;8201.2;8222.6;8199.0;8218.5;5418.0;8177.9341784325
27.03.2025;11:00:00;8219.9;8222.6;8211.5;8211.5;4039.0;8179.3754948639
27.03.2025;11:10:00;8211.8;8216.5;8209.0;8209.0;1626.0;8180.7879849666
27.03.2025;11:20:00;8208.4;8209.7;8205.8;8207.0;2224.0;8182.1722252673
27.03.2025;11:30:00;8207.0;8216.5;8205.0;8209.4;4647.0;8183.5287807619
27.03.2025;11:40:00;8213.4;8227.8;8211.6;8225.2;15474.0;8184.8582051467
27.03.2025;11:50:00;8226.9;8237.0;8217.9;8218.6;5465.0;8186.1610410437
27.03.2025;12:00:00;8218.5;8221.5;8207.3;8209.4;5026.0;8187.4378202229
27.03.2025;12:10:00;8210.6;8216.7;8192.4;8197.2;6515.0;8188.6890638184
27.03.2025;12:20:00;8196.0;8204.3;8192.5;8203.5;7828.0;8189.915282542
27.03.2025;12:30:00;8203.8;8205.8;8198.9;8198.9;3844.0;8191.1169768912
27.03.2025;12:40:00;8198.9;8200.5;8195.0;8199.9;796.0;8192.2946373534
27.03.2025;12:50:00;8200.0;8210.9;8200.0;8209.7;1306.0;8193.4487446063
27.03.2025;13:00:00;8209.2;8226.8;8209.2;8226.3;3594.0;8194.5797697142
27.03.2025;13:10:00;8226.4;8229.7;8221.7;8228.8;2779.0;8195.6881743199
27.03.2025;13:20:00;8229.1;8229.1;8218.1;8220.0;1564.0;8196.7744108335
27.03.2025;13:30:00;8221.5;8225.9;8213.1;8218.2;2073.0;8197.8389226168
27.03.2025;13:40:00;8217.0;8219.5;8207.6;8208.3;904.0;8198.8821441645
27.03.2025;13:50:00;8210.8;8210.8;8194.5;8197.0;4213.0;8250.0
27.03.2025;14:00:00;8198.0;8203.0;8190.0;8191.2;6216.0;8248.89
27.03.2025;14:10:00;8193.1;8193.1;8177.1;8179.4;12195.0;8248.3011
27.03.2025;14:20:00;8179.8;8186.1;8177.1;8179.6;6535.0;8247.589089
27.03.2025;14:30:00;8181.2;8197.6;8179.8;8194.5;2931.0;8246.88419811
27.03.2025;14:40:00;8193.0;8209.0;8187.0;8209.0;4251.0;8246.1863561289
27.03.2025;14:50:00;8209.0;8220.0;8209.0;8216.8;5447.0;8245.4954925676
27.03.2025;15:00:00;8218.6;8219.9;8206.2;8214.2;4246.0;8244.8115376419
27.03.2025;15:10:00;8217.9;8218.1;8208.1;8208.1;2097.0;8244.1344222655
27.03.2025;15:20:00;8211.8;8214.0;8208.1;8210.4;795.0;8243.4640780429
27.03.2025;15:30:00;8213.7;8213.7;8208.1;8208.1;960.0;8242.8004372624
27.03.2025;15:40:00;8208.1;8217.5;8208.1;8217.0;2189.0;8242.1434328898
27.03.2025;15:50:00;8216.9;8219.8;8211.4;8217.9;1466.0;8241.4929985609
27.03.2025;16:00:00;8218.8;8219.3;8210.7;8210.7;1281.0;8240.8490685753
27.03.2025;16:10:00;8210.8;8211.1;8197.3;8201.3;3243.0;8240.2115778895
27.03.2025;16:20:00;8200.3;8212.0;8199.0;8209.4;1338.0;8239.5804621107
27.03.2025;16:30:00;8210.9;8211.1;8187.0;8191.2;12520.0;8238.9556574895
27.03.2025;16:40:00;8190.0;8195.2;8178.2;8188.1;6495.0;8238.3371009147
27.03.2025;16:50:00;8186.8;8195.1;8182.0;8195.0;1229.0;8237.7247299055
27.03.2025;17:00:00;8193.4;8202.0;8193.2;8196.1;1566.0;8237.1184826065
27.03.2025;17:10:00;8196.0;8199.9;8192.6;8196.8;808.0;8236.5182977804
27.03.2025;17:20:00;8196.8;8199.9;8188.8;8196.8;248.0;8235.9241148026
27.03.2025;17:30:00;8194.8;8198.7;8169.0;8178.8;8363.0;8235.3358736546
27.03.2025;17:40:00;8178.9;8188.9;8169.6;8176.4;5643.0;8234.672514918
27.03.2025;17:50:00;8175.9;8187.2;8169.0;8170.0;6662.0;8234.0157897688
27.03.2025;18:00:00;8170.0;8186.8;8169.0;8181.6;3180.0;8233.3656318711
27.03.2025;18:10:00;8181.6;8189.2;8168.8;8178.2;6829.0;8232.7219755524
27.03.2025;18:20:00;8182.1;8186.2;8177.1;8177.1;2716.0;8232.0827557969
27.03.2025;18:30:00;8177.1;8182.3;8171.1;8180.8;4769.0;8231.4499282389
27.03.2025;18:40:00;8180.8;8186.0;8178.9;8182.9;6513.0;8230.8234289566
27.03.2025;19:00:00;8180.0;8189.4;8178.4;8189.3;614.0;8230.203194667
27.03.2025;19:10:00;8189.0;8191.8;8185.3;8188.1;1356.0;8229.5891627203
27.03.2025;19:20:00;8189.9;8197.0;8189.5;8195.5;2171.0;8228.9812710931
27.03.2025;19:30:00;8194.4;8206.0;8194.3;8199.1;3233.0;8228.3794583822
27.03.2025;19:40:00;8199.1;8203.6;8185.0;8186.8;2889.0;8227.7836637984
27.03.2025;19:50:00;8189.2;8197.1;8185.1;8190.1;1317.0;8227.1938271604
27.03.2025;20:00:00;8189.7;8195.5;8189.6;8193.9;1216.0;8226.6098888888
27.03.2025;20:10:00;8194.3;8194.3;8186.9;8191.1;942.0;8226.0317899999
27.03.2025;20:20:00;8191.1;8191.2;8175.1;8180.9;1194.0;8225.4594720999
27.03.2025;20:30:00;8181.7;8188.9;8177.7;8187.7;1726.0;8224.8928773789
27.03.2025;20:40:00;8185.3;8187.5;8185.3;8187.5;260.0;8224.3319486051
27.03.2025;20:50:00;8187.1;8191.4;8187.1;8191.1;323.0;8223.776629119
27.03.2025;21:00:00;8191.1;8196.5;8190.4;8195.0;685.0;8223.2268628279
27.03.2025;21:10:00;8194.5;8196.8;8190.1;8196.8;522.0;8222.6825941996
27.03.2025;21:20:00;8196.8;8204.8;8196.5;8203.2;1210.0;8222.1437682576
27.03.2025;21:30:00;8203.0;8212.0;8202.1;8210.2;2093.0;8221.610330575
27.03.2025;21:40:00;8212.1;8215.0;8205.2;8205.2;1391.0;8221.0822272693
27.03.2025;21:50:00;8203.7;8208.5;8203.6;8204.0;131.0;8220.5594049966
27.03.2025;22:00:00;8204.2;8214.5;8204.2;8214.5;854.0;8220.0418109466
27.03.2025;22:10:00;8214.5;8215.0;8211.3;8214.3;405.0;8219.5293928371
27.03.2025;22:20:00;8214.5;8214.5;8206.7;8211.0;2437.0;8219.0220989088
27.03.2025;22:30:00;8211.0;8215.9;8211.0;8215.0;1056.0;8218.5198779197
27.03.2025;22:40:00;8215.0;8217.4;8213.8;8216.9;695.0;8218.0226791405
27.03.2025;22:50:00;8216.5;8217.5;8215.0;8217.5;337.0;8217.5304523491
27.03.2025;23:00:00;8217.4;8218.5;8205.2;8212.2;1524.0;8168.8
27.03.2025;23:10:00;8209.9;8212.3;8200.3;8201.8;940.0;8169.794
27.03.2025;23:20:00;8201.2;8215.1;8195.6;8209.8;2048.0;8170.76812
27.03.2025;23:30:00;8210.7;8217.4;8210.0;8214.1;1221.0;8171.7227576
27.03.2025;23:40:00;8215.1;8216.0;8202.1;8202.1;646.0;8172.658302448
28.03.2025;08:50:00;8236.6;8236.6;8236.6;8236.6;1351.0;8173.575136399
28.03.2025;09:00:00;8237.2;8248.9;8236.2;8239.5;10698.0;8174.205385035
28.03.2025;09:10:00;8239.8;8240.4;8234.0;8234.4;3628.0;8174.9523311847
28.03.2025;09:20:00;8234.5;8236.5;8230.3;8234.6;1548.0;8175.6918078729
28.03.2025;09:30:00;8234.6;8243.9;8234.6;8240.1;1683.0;8176.4238897941
28.03.2025;09:40:00;8240.8;8247.7;8240.8;8246.9;3406.0;8177.1486508962
28.03.2025;09:50:00;8246.7;8247.7;8244.0;8247.1;1352.0;8177.8661643872
28.03.2025;10:00:00;8246.9;8254.2;8236.0;8245.0;13798.0;8178.5765027433
28.03.2025;10:10:00;8244.7;8258.4;8242.6;8252.4;7521.0;8179.3327377159
28.03.2025;10:20:00;8252.1;8254.4;8248.1;8249.7;4151.0;8180.1234103388
28.03.2025;10:30:00;8249.7;8254.9;8242.8;8244.1;8089.0;8180.9061762354
28.03.2025;10:40:00;8244.1;8248.9;8242.4;8246.6;5099.0;8181.681114473
28.03.2025;10:50:00;8245.2;8251.4;8242.7;8250.2;4588.0;8182.4483033283
28.03.2025;11:00:00;8250.2;8253.0;8243.9;8246.8;3727.0;8183.207820295
28.03.2025;11:10:00;8246.2;8246.4;8234.2;8234.9;2242.0;8183.9597420921
28.03.2025;11:20:00;8234.5;8244.7;8215.1;8223.2;10321.0;8184.7041446711
28.03.2025;11:30:00;8223.2;8243.8;8215.2;8240.5;6148.0;8185.4411032244
28.03.2025;11:40:00;8241.0;8246.2;8238.2;8243.4;3013.0;8186.1706921922
28.03.2025;11:50:00;8243.5;8248.1;8239.5;8245.4;2747.0;8186.8929852703
28.03.2025;12:00:00;8247.9;8250.0;8244.4;8247.6;1667.0;8187.6080554176
28.03.2025;12:10:00;8247.2;8257.9;8244.0;8254.9;5075.0;8188.3159748634
28.03.2025;12:20:00;8254.9;8256.0;8242.8;8251.6;5201.0;8189.0168151147
28.03.2025;12:30:00;8253.5;8258.4;8251.0;8258.4;3847.0;8189.7106469636
28.03.2025;12:40:00;8258.4;8258.4;8246.0;8249.8;5234.0;8190.397540494
28.03.2025;12:50:00;8248.1;8251.2;8228.2;8247.1;3580.0;8191.077565089
28.03.2025;13:00:00;8246.8;8253.9;8242.4;8248.5;2270.0;8191.7507894381
28.03.2025;13:10:00;8249.9;8257.2;8249.7;8257.2;1836.0;8192.4172815437
28.03.2025;13:20:00;8257.2;8262.0;8250.4;8262.0;3550.0;8193.0771087283
28.03.2025;13:30:00;8262.0;8269.8;8260.1;8269.8;6979.0;8193.766337641
28.03.2025;13:40:00;8269.8;8273.0;8268.0;8272.9;8286.0;8194.5266742646
28.03.2025;13:50:00;8272.9;8280.0;8261.3;8279.0;6355.0;8195.311407522
28.03.2025;14:00:00;8268.7;8280.0;8268.7;8273.1;2874.0;8196.1582934468
28.03.2025;14:10:00;8273.0;8279.9;8265.5;8268.0;2008.0;8196.9967105123
28.03.2025;14:20:00;8267.0;8270.7;8264.6;8264.6;2298.0;8197.8267434072
28.03.2025;14:30:00;8266.3;8267.5;8258.0;8266.1;2899.0;8198.6484759731
28.03.2025;14:40:00;8267.2;8267.9;8262.8;8265.8;1436.0;8199.4619912134
28.03.2025;14:50:00;8264.2;8265.1;8255.1;8255.5;3188.0;8200.2673713012
28.03.2025;15:00:00;8255.8;8269.5;8253.0;8269.3;4271.0;8201.0646975882
28.03.2025;15:10:00;8269.3;8286.6;8269.2;8284.9;4143.0;8201.8540506123
28.03.2025;15:20:00;8284.3;8284.7;8273.8;8282.9;1489.0;8202.7015101062
28.03.2025;15:30:00;8282.9;8368.7;8282.4;8364.0;24231.0;8203.5404950051
28.03.2025;15:40:00;8364.8;8368.8;8344.0;8366.4;15126.0;8205.1920900551
28.03.2025;15:50:00;8368.6;8398.9;8347.4;8360.1;14408.0;8206.8281691545
28.03.2025;16:00:00;8362.5;8384.8;8362.5;8376.8;8594.0;8208.748887463
28.03.2025;16:10:00;8375.3;8394.0;8361.8;8363.8;9838.0;8210.6503985884
28.03.2025;16:20:00;8363.8;8392.3;8350.2;8392.0;4736.0;8212.5328946025
28.03.2025;16:30:00;8392.3;8405.0;8392.1;8392.2;8607.0;8214.3965656565
28.03.2025;16:40:00;8392.6;8397.1;8375.8;8383.1;4178.0;8216.3025999999
28.03.2025;16:50:00;8383.1;8400.0;8381.2;8393.9;5780.0;8218.1895739999
28.03.2025;17:00:00;8396.0;8401.8;8390.0;8391.3;4240.0;8220.0576782599
28.03.2025;17:10:00;8391.2;8401.4;8381.0;8400.4;4444.0;8221.9071014773
28.03.2025;17:20:00;8401.4;8450.0;8401.4;8423.1;19587.0;8223.7380304625
28.03.2025;17:30:00;8423.3;8450.0;8423.1;8440.8;11803.0;8226.0006501579
28.03.2025;17:40:00;8437.2;8442.0;8415.0;8425.2;8695.0;8228.2406436563
28.03.2025;17:50:00;8425.2;8427.4;8407.8;8411.6;5716.0;8230.4582372198
28.03.2025;18:00:00;8410.8;8435.4;8404.8;8428.0;6834.0;8232.6536548476
28.03.2025;18:10:00;8431.7;8434.6;8420.5;8429.0;1091.0;8234.8271182991
28.03.2025;18:20:00;8431.6;8441.9;8430.2;8434.7;5336.0;8236.9788471161
28.03.2025;18:30:00;8435.2;8444.9;8431.4;8442.5;2891.0;8239.1090586449
28.03.2025;18:40:00;8441.0;8444.0;8425.2;8427.0;4760.0;8241.2179680585
28.03.2025;19:00:00;8429.9;8460.5;8429.9;8455.8;4906.0;8243.3057883779
28.03.2025;19:10:00;8456.2;8456.7;8442.1;8454.7;1910.0;8245.4777304941
28.03.2025;19:20:00;8455.0;8456.2;8445.1;8446.8;961.0;8247.6279531892
28.03.2025;19:30:00;8446.8;8456.7;8446.4;8454.5;1096.0;8249.7566736573
28.03.2025;19:40:00;8451.2;8454.8;8443.0;8446.1;1354.0;8251.8641069207
28.03.2025;19:50:00;8443.3;8450.3;8442.0;8448.8;957.0;8253.9504658515
28.03.2025;20:00:00;8451.0;8457.6;8451.0;8454.2;1848.0;8256.015961193
28.03.2025;20:10:00;8452.5;8453.3;8435.0;8443.2;2579.0;8258.0608015811
28.03.2025;20:20:00;8443.9;8451.8;8441.1;8441.1;1954.0;8260.0851935653
28.03.2025;20:30:00;8440.8;8469.1;8440.8;8466.8;4083.0;8262.0893416296
28.03.2025;20:40:00;8466.8;8466.8;8460.0;8460.0;2175.0;8264.1594482133
28.03.2025;20:50:00;8459.4;8462.7;8451.9;8457.4;842.0;8266.2088537312
28.03.2025;21:00:00;8458.2;8463.8;8454.8;8462.3;783.0;8268.2377651939
28.03.2025;21:10:00;8462.3;8466.9;8460.0;8464.1;1181.0;8270.2463875419
28.03.2025;21:20:00;8464.5;8483.3;8464.0;8476.0;2786.0;8272.2349236665
28.03.2025;21:30:00;8476.8;8484.0;8452.2;8453.9;2686.0;8274.3455744298
28.03.2025;21:40:00;8454.6;8464.6;8453.0;8454.8;1264.0;8276.4421186855
28.03.2025;21:50:00;8455.6;8457.8;8451.1;8453.0;950.0;8278.5176974987
28.03.2025;22:00:00;8453.0;8468.8;8452.1;8468.8;1216.0;8280.5725205237
28.03.2025;22:10:00;8468.8;8469.4;8461.5;8461.6;700.0;8282.6067953185
28.03.2025;22:20:00;8461.5;8461.8;8454.7;8458.6;764.0;8284.6207273653
28.03.2025;22:30:00;8458.0;8458.7;8453.6;8457.9;751.0;8286.6145200916
28.03.2025;22:40:00;8457.9;8459.3;8456.9;8457.5;394.0;8288.5883748907
28.03.2025;22:50:00;8457.5;8457.5;8456.2;8457.5;207.0;8290.5424911418
28.03.2025;23:00:00;8457.5;8471.8;8457.5;8471.8;2139.0;8292.4770662304
28.03.2025;23:10:00;8470.5;8472.0;8459.5;8461.0;1997.0;8294.3922955681
28.03.2025;23:20:00;8460.9;8461.9;8452.4;8461.4;1021.0;8296.2883726124
28.03.2025;23:30:00;8462.5;8474.6;8459.7;8466.1;1193.0;8298.1654888863
28.03.2025;23:40:00;8467.1;8474.1;8467.0;8474.1;634.0;8300.0238339974
31.03.2025;08:50:00;8516.9;8516.9;8516.9;8516.9;1452.0;8301.8635956574
31.03.2025;09:00:00;8510.6;8670.0;8507.4;8591.4;36095.0;8304.0139597009
31.03.2025;09:10:00;8591.4;8606.2;8590.0;8591.5;6815.0;8307.6738201039
31.03.2025;09:20:00;8590.0;8608.3;8577.0;8607.7;5251.0;8311.2970819028
31.03.2025;09:30:00;8608.3;8614.2;8596.2;8596.7;3047.0;8314.8841110838
31.03.2025;09:40:00;8599.0;8599.0;8592.5;8593.4;1279.0;8318.4352699729
31.03.2025;09:50:00;8594.6;8619.5;8594.6;8612.0;3888.0;8321.9509172732
31.03.2025;10:00:00;8614.0;8618.2;8571.8;8591.8;16247.0;8325.4314081005
31.03.2025;10:10:00;8589.9;8611.3;8564.4;8590.0;12154.0;8328.8770940195
31.03.2025;10:20:00;8588.9;8591.7;8576.7;8579.3;7476.0;8332.2883230793
31.03.2025;10:30:00;8578.9;8578.9;8547.1;8554.8;11552.0;8335.6654398485
31.03.2025;10:40:00;8554.8;8560.0;8514.2;8530.0;6086.0;8339.00878545
31.03.2025;10:50:00;8530.0;8539.3;8523.1;8532.3;3561.0;8342.3186975955
31.03.2025;11:00:00;8530.4;8548.0;8530.2;8547.5;4246.0;8345.5955106196
31.03.2025;11:10:00;8545.8;8546.7;8517.1;8528.4;5603.0;8348.8395555134
31.03.2025;11:20:00;8529.4;8545.7;8518.6;8541.0;2601.0;8352.0511599582
31.03.2025;11:30:00;8543.0;8548.1;8534.6;8547.3;1862.0;8355.2306483586
31.03.2025;11:40:00;8547.8;8551.3;8536.8;8536.8;3369.0;8358.3783418751
31.03.2025;11:50:00;8538.9;8540.1;8525.2;8528.8;2935.0;8361.4945584563
31.03.2025;12:00:00;8530.0;8538.9;8525.0;8538.9;4600.0;8364.5796128717
31.03.2025;12:10:00;8536.6;8540.0;8522.0;8530.0;2321.0;8367.633816743
31.03.2025;12:20:00;8531.1;8531.1;8523.2;8527.8;1148.0;8370.6574785756
31.03.2025;12:30:00;8527.8;8537.2;8515.4;8524.4;4508.0;8373.6509037898
31.03.2025;12:40:00;8526.6;8533.3;8525.4;8527.6;2739.0;8376.6143947519
31.03.2025;12:50:00;8527.3;8527.3;8501.9;8508.1;12380.0;8379.5482508044
31.03.2025;13:00:00;8507.2;8509.6;8494.0;8494.4;10636.0;8382.4527682964
31.03.2025;13:10:00;8494.5;8505.0;8486.0;8502.0;7292.0;8385.3282406134
31.03.2025;13:20:00;8501.1;8514.5;8501.1;8511.2;2715.0;8388.1749582073
31.03.2025;13:30:00;8508.9;8512.3;8490.2;8496.6;5203.0;8390.9932086252
31.03.2025;13:40:00;8496.2;8508.7;8486.2;8491.6;5056.0;8393.783276539
31.03.2025;13:50:00;8492.8;8512.1;8492.5;8502.9;3111.0;8396.5454437736
31.03.2025;14:00:00;8507.1;8512.0;8492.4;8502.9;2575.0;8399.2799893358
31.03.2025;14:10:00;8502.5;8505.7;8494.2;8502.3;2796.0;8401.9871894425
31.03.2025;14:20:00;8501.7;8502.9;8492.0;8493.1;1425.0;8404.667317548
31.03.2025;14:30:00;8493.2;8502.4;8489.6;8497.7;3846.0;8407.3206443726
31.03.2025;14:40:00;8498.6;8502.9;8495.0;8495.0;1205.0;8409.9474379288
31.03.2025;14:50:00;8492.1;8495.1;8481.8;8488.0;5124.0;8412.5479635496
31.03.2025;15:00:00;8487.3;8500.0;8480.0;8500.0;4602.0;8415.1224839141
31.03.2025;15:10:00;8500.0;8535.9;8500.0;8535.9;4501.0;8417.6712590749
31.03.2025;15:20:00;8535.5;8547.0;8523.2;8546.2;7249.0;8420.1945464842
31.03.2025;15:30:00;8547.0;8549.4;8520.0;8537.9;2101.0;8422.6926010193
31.03.2025;15:40:00;8539.2;8541.7;8528.1;8530.1;2267.0;8425.1656750091
31.03.2025;15:50:00;8533.0;8539.0;8525.4;8539.0;4594.0;8427.614018259
31.03.2025;16:00:00;8538.9;8538.9;8492.1;8501.9;3773.0;8430.0378780764
31.03.2025;16:10:00;8503.0;8516.1;8498.1;8514.6;2582.0;8432.4374992957
31.03.2025;16:20:00;8514.0;8528.0;8498.7;8510.9;1214.0;8434.8131243027
31.03.2025;16:30:00;8509.6;8509.6;8484.4;8488.7;2311.0;8437.1649930597
31.03.2025;16:40:00;8488.0;8488.0;8475.0;8479.3;3011.0;8439.4933431291
31.03.2025;16:50:00;8481.9;8509.0;8480.4;8509.0;5593.0;8441.7984096978
31.03.2025;17:00:00;8509.0;8515.2;8499.8;8508.6;2764.0;8444.0804256008
31.03.2025;17:10:00;8508.6;8512.0;8501.8;8503.9;1565.0;8446.3396213448
31.03.2025;17:20:00;8505.9;8537.8;8503.9;8535.8;6537.0;8448.5762251314
31.03.2025;17:30:00;8535.1;8549.5;8528.0;8544.0;7037.0;8450.7904628801
31.03.2025;17:40:00;8543.9;8555.0;8539.5;8541.0;4707.0;8452.9825582513
31.03.2025;17:50:00;8542.1;8549.2;8531.5;8536.0;4094.0;8455.1527326688
31.03.2025;18:00:00;8536.0;8553.2;8535.0;8548.5;7999.0;8457.3012053421
31.03.2025;18:10:00;8546.6;8553.9;8541.8;8544.7;6024.0;8459.4281932886
31.03.2025;18:20:00;8547.2;8551.2;8528.3;8528.3;8773.0;8461.5339113558
31.03.2025;18:30:00;8528.2;8535.6;8514.1;8519.8;6288.0;8463.6185722422
31.03.2025;18:40:00;8519.8;8519.8;8510.6;8514.0;2508.0;8465.6823865198
31.03.2025;19:00:00;8515.0;8526.2;8512.9;8522.3;2177.0;8467.7255626546
31.03.2025;19:10:00;8524.2;8534.3;8524.2;8534.3;4360.0;8469.748307028
31.03.2025;19:20:00;8534.3;8542.0;8530.9;8535.9;1342.0;8471.7508239578
31.03.2025;19:30:00;8538.5;8545.0;8536.5;8542.1;780.0;8473.7333157182
31.03.2025;19:40:00;8541.6;8547.4;8540.6;8547.4;870.0;8475.695982561
31.03.2025;19:50:00;8547.4;8548.0;8522.9;8526.6;2242.0;8477.6390227354
31.03.2025;20:00:00;8526.5;8528.6;8525.0;8525.0;544.0;8479.562632508
31.03.2025;20:10:00;8525.0;8534.5;8522.1;8532.7;1847.0;8481.467006183
31.03.2025;20:20:00;8532.7;8538.9;8528.1;8528.1;2523.0;8483.3523361211
31.03.2025;20:30:00;8528.8;8528.8;8522.3;8523.2;1394.0;8485.2188127599
31.03.2025;20:40:00;8523.5;8526.8;8514.5;8522.1;647.0;8487.0666246323
31.03.2025;20:50:00;8522.7;8522.7;8505.0;8508.3;1970.0;8488.895958386
31.03.2025;21:00:00;8507.9;8518.8;8505.0;8518.8;1044.0;8490.7069988021
31.03.2025;21:10:00;8519.0;8525.4;8516.8;8525.4;358.0;8492.4999288141
31.03.2025;21:20:00;8524.1;8527.8;8524.1;8524.3;495.0;8494.274929526
31.03.2025;21:30:00;8524.5;8528.0;8522.6;8524.2;543.0;8496.0321802307
31.03.2025;21:40:00;8525.2;8530.0;8521.6;8524.5;672.0;8497.7718584284
31.03.2025;21:50:00;8526.7;8537.0;8526.7;8528.8;903.0;8499.4941398441
31.03.2025;22:00:00;8531.4;8540.0;8527.0;8536.6;661.0;8501.1991984457
31.03.2025;22:10:00;8537.8;8542.4;8534.9;8539.5;450.0;8502.8872064612
31.03.2025;22:20:00;8540.6;8543.3;8539.1;8543.3;358.0;8504.5583343966
31.03.2025;22:30:00;8543.4;8548.0;8541.4;8544.0;926.0;8506.2127510526
31.03.2025;22:40:00;8545.0;8545.6;8533.5;8536.0;619.0;8507.8506235421
31.03.2025;22:50:00;8537.4;8540.0;8536.6;8540.0;186.0;8509.4721173067
31.03.2025;23:00:00;8542.4;8545.1;8542.0;8543.8;174.0;8511.0773961336
31.03.2025;23:10:00;8542.8;8549.9;8542.0;8545.4;614.0;8512.6666221723
31.03.2025;23:20:00;8549.8;8555.0;8548.5;8555.0;1723.0;8514.2399559506
31.03.2025;23:30:00;8554.3;8559.0;8554.3;8559.0;449.0;8515.7975563911
31.03.2025;23:40:00;8559.0;8565.0;8559.0;8565.0;512.0;8517.3395808272
01.04.2025;08:50:00;8570.0;8570.0;8570.0;8570.0;276.0;8518.8661850189
01.04.2025;09:00:00;8570.0;8580.0;8558.4;8562.9;4257.0;8520.3775231687
01.04.2025;09:10:00;8562.6;8565.6;8561.9;8563.0;1102.0;8521.873747937
01.04.2025;09:20:00;8563.0;8573.5;8563.0;8571.5;959.0;8523.3550104576
01.04.2025;09:30:00;8571.9;8582.1;8568.4;8579.1;1682.0;8524.8214603531
01.04.2025;09:40:00;8579.2;8583.8;8568.2;8570.0;1471.0;8526.2732457495
01.04.2025;09:50:00;8569.4;8582.8;8569.4;8572.7;1291.0;8527.710513292
01.04.2025;10:00:00;8572.7;8580.0;8530.6;8532.2;7021.0;8529.1334081591
01.04.2025;10:10:00;8530.8;8530.8;8507.8;8510.5;9322.0;8670.0
01.04.2025;10:20:00;8509.6;8510.9;8500.0;8500.0;8502.0;8666.756
01.04.2025;10:30:00;8500.5;8509.0;8493.1;8502.5;3308.0;8665.08844
01.04.2025;10:40:00;8502.5;8502.5;8491.8;8493.8;2967.0;8663.3685556
01.04.2025;10:50:00;8493.1;8512.6;8490.3;8510.0;2887.0;8661.652870044
01.04.2025;11:00:00;8505.7;8512.4;8496.7;8502.1;3094.0;8659.9393413436
01.04.2025;11:10:00;8502.9;8514.0;8502.8;8507.4;2604.0;8658.2429479301
01.04.2025;11:20:00;8507.4;8507.4;8491.1;8504.6;8102.0;8656.5635184508
01.04.2025;11:30:00;8504.6;8522.6;8502.2;8515.7;5844.0;8654.9008832663
01.04.2025;11:40:00;8514.5;8516.4;8502.0;8504.6;5254.0;8653.2548744336
01.04.2025;11:50:00;8504.4;8505.6;8493.1;8504.5;7471.0;8651.6253256893
01.04.2025;12:00:00;8505.5;8506.7;8494.8;8500.9;1138.0;8650.0120724324
01.04.2025;12:10:00;8501.6;8508.5;8497.6;8500.1;2767.0;8648.4149517081
01.04.2025;12:20:00;8499.3;8505.6;8499.3;8505.1;816.0;8646.833802191
01.04.2025;12:30:00;8503.1;8512.4;8503.1;8505.2;2152.0;8645.2684641691
01.04.2025;12:40:00;8505.2;8506.8;8501.4;8501.4;541.0;8643.7187795274
01.04.2025;12:50:00;8501.1;8506.8;8500.5;8503.5;1521.0;8642.1845917321
01.04.2025;13:00:00;8503.0;8508.4;8501.0;8506.8;1830.0;8640.6657458148
01.04.2025;13:10:00;8507.6;8511.8;8501.2;8503.1;4797.0;8639.1620883567
01.04.2025;13:20:00;8503.0;8511.4;8502.4;8502.5;2666.0;8637.6734674731
01.04.2025;13:30:00;8502.5;8506.8;8500.5;8503.2;2155.0;8636.1997327984
01.04.2025;13:40:00;8503.3;8503.3;8500.5;8501.9;2235.0;8634.7407354704
01.04.2025;13:50:00;8501.2;8507.2;8495.3;8501.5;4911.0;8633.2963281157
01.04.2025;14:00:00;8504.4;8508.1;8500.2;8507.6;717.0;8631.8663648345
01.04.2025;14:10:00;8505.3;8521.7;8505.3;8513.4;2285.0;8630.4507011862
01.04.2025;14:20:00;8515.6;8515.6;8504.6;8511.8;921.0;8629.0491941743
01.04.2025;14:30:00;8513.6;8524.9;8511.6;8515.0;3523.0;8627.6617022326
01.04.2025;14:40:00;8515.0;8517.8;8511.1;8514.0;826.0;8626.2880852103
01.04.2025;14:50:00;8514.0;8520.8;8510.6;8517.1;1080.0;8624.9282043581
01.04.2025;15:00:00;8517.9;8517.9;8502.0;8512.3;3777.0;8623.5819223146
01.04.2025;15:10:00;8512.8;8513.4;8504.2;8510.6;479.0;8622.2491030914
01.04.2025;15:20:00;8509.1;8516.8;8505.7;8513.6;3588.0;8620.9296120605
01.04.2025;15:30:00;8514.9;8522.6;8510.1;8514.3;3033.0;8619.6233159399
01.04.2025;15:40:00;8513.6;8513.6;8506.6;8511.1;481.0;8618.3300827805
01.04.2025;15:50:00;8512.0;8514.2;8508.8;8511.4;132.0;8617.0497819527
01.04.2025;16:00:00;8509.8;8509.8;8503.1;8509.1;905.0;8615.7822841332
01.04.2025;16:10:00;8510.0;8516.3;8506.6;8513.8;1109.0;8614.5274612918
01.04.2025;16:20:00;8512.2;8512.2;8467.0;8471.4;20217.0;8613.2851866789
01.04.2025;16:30:00;8471.6;8486.7;8466.2;8482.7;7881.0;8611.8223348121
01.04.2025;16:40:00;8483.2;8492.9;8475.2;8492.1;3128.0;8610.366111464
01.04.2025;16:50:00;8491.9;8491.9;8475.1;8476.6;1341.0;8608.9244503494
01.04.2025;17:00:00;8476.7;8481.0;8472.0;8473.9;6550.0;8607.4972058459
01.04.2025;17:10:00;8473.0;8476.4;8457.3;8462.0;19882.0;8606.0842337874
01.04.2025;17:20:00;8462.1;8468.6;8455.0;8459.0;9684.0;8604.5963914495
01.04.2025;17:30:00;8459.1;8463.2;8456.2;8456.2;4026.0;8603.1004275351
01.04.2025;17:40:00;8455.0;8467.9;8454.9;8464.3;3266.0;8601.6194232597
01.04.2025;17:50:00;8464.5;8464.5;8452.4;8452.5;2411.0;8600.1522290271
01.04.2025;18:00:00;8453.9;8463.6;8450.0;8456.5;2417.0;8598.6747067368
01.04.2025;18:10:00;8454.5;8458.0;8441.6;8443.0;5338.0;8597.1879596695
01.04.2025;18:20:00;8443.0;8446.6;8429.1;8429.6;5893.0;8595.6320800728
01.04.2025;18:30:00;8429.6;8438.7;8421.1;8430.3;6570.0;8593.966759272
01.04.2025;18:40:00;8428.4;8440.0;8409.9;8421.1;5633.0;8592.2380916793
01.04.2025;19:00:00;8413.8;8432.0;8400.0;8400.6;4678.0;8590.4147107625
01.04.2025;19:10:00;8400.5;8400.5;8368.3;8369.1;11757.0;8588.5105636549
01.04.2025;19:20:00;8369.3;8400.0;8369.3;8397.8;5633.0;8586.3084580184
01.04.2025;19:30:00;8397.8;8410.7;8396.3;8409.6;2058.0;8584.1283734382
01.04.2025;19:40:00;8407.4;8436.4;8407.4;8428.2;10219.0;8581.9700897038
01.04.2025;19:50:00;8428.4;8430.8;8410.0;8411.4;2829.0;8579.8333888068
01.04.2025;20:00:00;8410.0;8413.9;8405.1;8411.3;1135.0;8577.7180549187
01.04.2025;20:10:00;8411.3;8430.0;8408.9;8429.1;2040.0;8575.6238743695
01.04.2025;20:20:00;8429.0;8435.3;8426.7;8428.7;2099.0;8573.5506356258
01.04.2025;20:30:00;8426.7;8434.5;8424.0;8431.1;1896.0;8571.4981292695
01.04.2025;20:40:00;8432.9;8444.3;8429.4;8437.5;4022.0;8569.4661479768
01.04.2025;20:50:00;8437.1;8445.1;8435.1;8435.1;1472.0;8567.4544864971
01.04.2025;21:00:00;8437.1;8445.6;8435.1;8444.4;1380.0;8565.4629416321
01.04.2025;21:10:00;8443.6;8443.6;8430.1;8430.1;2912.0;8563.4913122158
01.04.2025;21:20:00;8428.2;8429.2;8413.8;8425.8;2492.0;8561.5393990936
01.04.2025;21:30:00;8426.4;8430.2;8418.0;8424.7;614.0;8559.6070051027
01.04.2025;21:40:00;8422.0;8422.5;8413.3;8419.7;776.0;8557.6939350517
01.04.2025;21:50:00;8418.6;8425.4;8418.1;8425.3;311.0;8555.7999957012
01.04.2025;22:00:00;8425.5;8432.6;8424.6;8432.1;374.0;8553.9249957441
01.04.2025;22:10:00;8431.7;8433.3;8425.0;8429.7;1710.0;8552.0687457867
01.04.2025;22:20:00;8429.8;8431.7;8412.0;8420.1;8584.0;8550.2310583288
01.04.2025;22:30:00;8420.7;8429.1;8416.7;8422.9;5432.0;8548.4117477455
01.04.2025;22:40:00;8420.5;8428.8;8417.2;8426.2;1992.0;8546.6106302681
01.04.2025;22:50:00;8426.7;8433.2;8425.3;8432.3;758.0;8544.8275239654
01.04.2025;23:00:00;8432.3;8438.6;8432.1;8438.6;627.0;8543.0622487258
01.04.2025;23:10:00;8439.8;8443.0;8434.4;8443.0;766.0;8541.3146262385
01.04.2025;23:20:00;8443.0;8453.5;8443.0;8452.7;1083.0;8539.5844799761
01.04.2025;23:30:00;8449.5;8460.2;8449.4;8460.2;832.0;8537.8716351764
01.04.2025;23:40:00;8459.2;8462.7;8453.7;8462.7;965.0;8536.1759188246
02.04.2025;08:50:00;8456.4;8456.4;8456.4;8456.4;30.0;8534.4971596363
02.04.2025;09:00:00;8462.7;8475.2;8425.3;8425.5;3408.0;8532.83518804
02.04.2025;09:10:00;8425.0;8442.9;8421.0;8437.2;3571.0;8531.1898361596
02.04.2025;09:20:00;8436.6;8449.0;8436.5;8437.4;1350.0;8529.560937798
02.04.2025;09:30:00;8437.9;8438.2;8434.1;8438.0;1687.0;8527.94832842
02.04.2025;09:40:00;8437.8;8442.2;8435.8;8442.2;1761.0;8526.3518451358
02.04.2025;09:50:00;8443.0;8448.5;8438.7;8439.8;913.0;8524.7713266844
02.04.2025;10:00:00;8439.8;8456.8;8435.8;8440.4;3983.0;8523.2066134176
02.04.2025;10:10:00;8442.6;8471.2;8436.0;8458.6;9360.0;8521.6575472834
02.04.2025;10:20:00;8459.7;8470.4;8444.8;8446.0;1610.0;8520.1239718106
02.04.2025;10:30:00;8445.8;8448.0;8443.0;8447.3;408.0;8518.6057320925
02.04.2025;10:40:00;8447.3;8453.2;8440.7;8451.6;2881.0;8517.1026747716
02.04.2025;10:50:00;8451.6;8456.2;8442.6;8453.7;2657.0;8515.6146480238
02.04.2025;11:00:00;8455.4;8455.4;8444.0;8448.6;5517.0;8514.1415015436
02.04.2025;11:10:00;8448.6;8451.2;8442.9;8442.9;4262.0;8512.6830865282
02.04.2025;11:20:00;8443.0;8472.5;8442.0;8471.5;6622.0;8511.2392556629
02.04.2025;11:30:00;8469.8;8479.6;8465.1;8470.0;5180.0;8509.8098631063
02.04.2025;11:40:00;8470.0;8473.6;8468.0;8469.0;1709.0;8508.3947644752
02.04.2025;11:50:00;8469.0;8473.4;8455.0;8456.2;5299.0;8506.9938168304
02.04.2025;12:00:00;8459.3;8466.0;8453.2;8455.1;1892.0;8505.6068786621
02.04.2025;12:10:00;8455.1;8456.4;8450.5;8451.7;1645.0;8504.2338098755
02.04.2025;12:20:00;8451.4;8456.9;8447.7;8453.1;5854.0;8502.8744717768
02.04.2025;12:30:00;8452.8;8458.4;8443.1;8450.9;3894.0;8501.528727059
02.04.2025;12:40:00;8450.8;8462.0;8446.8;8461.2;8386.0;8500.1964397884
02.04.2025;12:50:00;8461.1;8488.2;8461.1;8478.7;8988.0;8498.8774753905
02.04.2025;13:00:00;8480.8;8482.7;8471.3;8473.1;1307.0;8497.5717006366
02.04.2025;13:10:00;8471.9;8473.9;8471.3;8473.9;876.0;8496.2789836302
02.04.2025;13:20:00;8472.3;8484.5;8471.3;8471.4;6782.0;8494.9991937939
02.04.2025;13:30:00;8471.9;8478.9;8471.3;8475.3;1191.0;8493.732201856
02.04.2025;13:40:00;8472.8;8479.9;8463.8;8468.0;3482.0;8492.4778798374
02.04.2025;13:50:00;8469.8;8472.7;8464.6;8472.0;10570.0;8491.2361010391
02.04.2025;14:00:00;8466.7;8470.3;8462.5;8462.7;1512.0;8490.0067400287
02.04.2025;14:10:00;8462.5;8471.2;8458.7;8465.2;1221.0;8488.7896726284
02.04.2025;14:20:00;8464.9;8469.5;8461.2;8467.1;744.0;8487.5847759021
02.04.2025;14:30:00;8467.7;8469.7;8461.2;8467.0;2021.0;8486.3919281431
02.04.2025;14:40:00;8465.2;8477.3;8459.7;8473.6;4285.0;8485.2110088617
02.04.2025;14:50:00;8473.7;8485.6;8473.0;8480.2;3916.0;8368.3
02.04.2025;15:00:00;8481.2;8482.2;8473.0;8473.0;3713.0;8370.646
02.04.2025;15:10:00;8473.0;8473.2;8450.0;8454.0;7007.0;8372.94508
02.04.2025;15:20:00;8457.3;8462.0;8447.6;8456.7;3240.0;8375.1981784
02.04.2025;15:30:00;8456.6;8464.6;8452.6;8459.0;610.0;8377.406214832
02.04.2025;15:40:00;8459.4;8485.1;8459.2;8474.9;7357.0;8379.5700905354
02.04.2025;15:50:00;8474.9;8492.5;8474.9;8482.4;5186.0;8381.6906887247
02.04.2025;16:00:00;8481.7;8505.4;8480.7;8504.3;3869.0;8382.7987818374
02.04.2025;16:10:00;8503.0;8506.1;8482.7;8492.3;3484.0;8384.024794019
02.04.2025;16:20:00;8493.0;8495.1;8485.6;8494.5;1184.0;8385.2455460788
02.04.2025;16:30:00;8494.5;8505.6;8484.9;8485.4;3528.0;8386.4540906181
02.04.2025;16:40:00;8485.1;8490.0;8470.1;8478.0;3852.0;8387.6505497119
02.04.2025;16:50:00;8476.6;8500.3;8468.9;8493.8;2616.0;8388.8350442148
02.04.2025;17:00:00;8496.3;8498.4;8475.9;8485.7;941.0;8390.0076937726
02.04.2025;17:10:00;8485.9;8491.6;8485.0;8488.5;887.0;8391.1686168349
02.04.2025;17:20:00;8487.9;8496.0;8486.0;8491.2;1597.0;8392.3179306665
02.04.2025;17:30:00;8491.2;8496.6;8485.5;8492.7;3271.0;8393.4557513599
02.04.2025;17:40:00;8491.5;8493.2;8478.9;8488.9;2319.0;8394.5821938463
02.04.2025;17:50:00;8487.4;8487.4;8471.7;8475.2;2583.0;8395.6973719078
02.04.2025;18:00:00;8474.4;8480.3;8469.1;8469.2;2322.0;8396.8013981887
02.04.2025;18:10:00;8469.7;8473.2;8461.6;8468.7;1978.0;8397.8943842068
02.04.2025;18:20:00;8465.8;8468.1;8457.1;8467.8;2174.0;8398.9764403648
02.04.2025;18:30:00;8467.4;8485.9;8466.5;8467.9;2843.0;8400.0476759611
02.04.2025;18:40:00;8468.0;8482.1;8464.7;8480.7;1033.0;8401.1081992015
02.04.2025;19:00:00;8477.2;8500.0;8468.0;8489.6;1627.0;8402.1581172095
02.04.2025;19:10:00;8489.7;8491.7;8484.6;8489.3;1380.0;8403.1975360374
02.04.2025;19:20:00;8490.4;8500.0;8487.1;8493.3;2248.0;8404.226560677
02.04.2025;19:30:00;8493.3;8508.4;8490.0;8499.0;2432.0;8405.2452950703
02.04.2025;19:40:00;8499.0;8500.2;8490.1;8490.1;1226.0;8406.2768421196
02.04.2025;19:50:00;8492.5;8499.8;8486.3;8488.8;1318.0;8407.2980736984
02.04.2025;20:00:00;8487.3;8487.3;8471.8;8476.7;1365.0;8408.3090929614
02.04.2025;20:10:00;8476.6;8479.1;8452.7;8454.8;1725.0;8409.3100020318
02.04.2025;20:20:00;8454.9;8460.4;8445.0;8450.4;2226.0;8410.3009020114
02.04.2025;20:30:00;8449.2;8454.9;8444.0;8449.5;1436.0;8411.2818929913
02.04.2025;20:40:00;8450.8;8461.2;8450.3;8461.2;847.0;8412.2530740614
02.04.2025;20:50:00;8461.3;8474.3;8460.6;8470.0;475.0;8413.2145433208
02.04.2025;21:00:00;8467.3;8478.9;8467.3;8472.6;1330.0;8414.1663978876
02.04.2025;21:10:00;8477.0;8477.2;8470.7;8470.7;375.0;8415.1087339087
02.04.2025;21:20:00;8470.7;8470.7;8462.2;8465.0;397.0;8416.0416465696
02.04.2025;21:30:00;8465.0;8469.1;8463.4;8465.3;121.0;8416.9652301039
02.04.2025;21:40:00;8463.3;8470.8;8462.9;8469.7;333.0;8417.8795778029
02.04.2025;21:50:00;8473.1;8473.1;8470.4;8470.9;90.0;8418.7847820249
02.04.2025;22:00:00;8470.9;8476.8;8462.1;8476.8;415.0;8419.6809342046
02.04.2025;22:10:00;8476.9;8482.6;8470.0;8470.0;1346.0;8420.5681248626
02.04.2025;22:20:00;8471.0;8480.6;8470.1;8480.6;87.0;8421.4464436139
02.04.2025;22:30:00;8476.4;8484.0;8476.4;8484.0;484.0;8422.3159791778
02.04.2025;22:40:00;8484.0;8488.6;8482.4;8488.6;1107.0;8423.176819386
02.04.2025;22:50:00;8486.7;8506.2;8485.1;8503.1;14828.0;8424.0290511922
02.04.2025;23:00:00;8503.0;8506.9;8488.2;8494.2;4325.0;8424.8727606802
02.04.2025;23:10:00;8491.3;8498.5;8444.0;8468.1;3796.0;8425.7080330734
02.04.2025;23:20:00;8480.6;8543.4;8457.2;8527.0;7148.0;8426.5349527427
02.04.2025;23:30:00;8522.9;8541.0;8502.4;8507.0;5138.0;8427.7036032153
02.04.2025;23:40:00;8509.6;8540.0;8502.0;8520.0;2419.0;8428.8605671831
03.04.2025;08:50:00;8498.0;8498.0;8498.0;8498.0;1237.0;8430.0059615113
03.04.2025;09:00:00;8497.8;8497.8;8467.6;8482.6;5538.0;8431.1399018962
03.04.2025;09:10:00;8482.5;8488.6;8466.5;8466.5;4306.0;8432.2625028772
03.04.2025;09:20:00;8467.4;8485.8;8467.4;8480.7;2896.0;8433.3738778485
03.04.2025;09:30:00;8480.7;8494.7;8467.3;8470.6;5117.0;8434.47413907
03.04.2025;09:40:00;8472.1;8476.3;8466.8;8476.3;816.0;8435.5633976793
03.04.2025;09:50:00;8474.8;8484.6;8472.6;8479.8;897.0;8436.6417637025
03.04.2025;10:00:00;8479.0;8494.9;8468.0;8489.3;5306.0;8437.7093460655
03.04.2025;10:10:00;8487.8;8490.4;8480.0;8488.5;1838.0;8438.7662526048
03.04.2025;10:20:00;8488.0;8513.5;8487.3;8504.8;5367.0;8439.8125900787
03.04.2025;10:30:00;8504.0;8513.7;8502.8;8503.7;2648.0;8440.848464178
03.04.2025;10:40:00;8508.9;8509.2;8493.0;8502.8;1235.0;8441.8739795362
03.04.2025;10:50:00;8503.4;8515.5;8502.5;8514.7;1550.0;8442.8892397408
03.04.2025;11:00:00;8515.0;8517.9;8510.8;8517.9;3638.0;8443.8943473434
03.04.2025;11:10:00;8515.6;8517.4;8508.0;8516.3;928.0;8444.88940387
03.04.2025;11:20:00;8516.6;8519.7;8508.0;8519.2;4505.0;8445.8745098313
03.04.2025;11:30:00;8518.9;8525.1;8507.1;8508.6;6168.0;8446.849764733
03.04.2025;11:40:00;8508.0;8514.3;8498.2;8498.2;3897.0;8447.8152670856
03.04.2025;11:50:00;8498.2;8507.2;8494.3;8503.0;3076.0;8448.7711144148
03.04.2025;12:00:00;8502.7;8502.7;8481.1;8481.1;4678.0;8449.7174032706
03.04.2025;12:10:00;8481.1;8481.9;8450.0;8456.0;7780.0;8543.4
03.04.2025;12:20:00;8456.0;8456.0;8441.6;8448.8;8177.0;8541.532
03.04.2025;12:30:00;8451.6;8451.6;8444.0;8444.7;3157.0;8540.53268
03.04.2025;12:40:00;8444.7;8449.5;8396.4;8399.7;35952.0;8539.5433532
03.04.2025;12:50:00;8400.0;8410.4;8388.8;8405.8;7002.0;8538.111919668
03.04.2025;13:00:00;8405.1;8405.7;8381.1;8386.6;19784.0;8536.6188004713
03.04.2025;13:10:00;8386.6;8399.2;8376.2;8380.3;11452.0;8535.0636124666
03.04.2025;13:20:00;8381.7;8392.0;8379.5;8386.2;3778.0;8533.4749763419
03.04.2025;13:30:00;8386.3;8390.2;8377.4;8383.6;5449.0;8531.9022265785
03.04.2025;13:40:00;8385.0;8400.0;8380.8;8385.1;6829.0;8530.3452043127
03.04.2025;13:50:00;8385.1;8385.5;8355.0;8355.0;9065.0;8528.8037522696
03.04.2025;14:00:00;8357.0;8361.4;8306.2;8358.1;15125.0;8527.0657147469
03.04.2025;14:10:00;8357.3;8369.1;8352.5;8352.5;8989.0;8524.8570575994
03.04.2025;14:20:00;8353.6;8375.5;8350.4;8373.6;6551.0;8522.6704870234
03.04.2025;14:30:00;8373.9;8380.3;8355.3;8368.5;5328.0;8520.5057821532
03.04.2025;14:40:00;8368.5;8379.3;8365.6;8375.4;14403.0;8518.3627243317
03.04.2025;14:50:00;8377.0;8389.3;8375.0;8385.2;3164.0;8516.2410970884
03.04.2025;15:00:00;8386.1;8386.4;8377.0;8379.7;4723.0;8514.1406861175
03.04.2025;15:10:00;8380.1;8384.5;8375.7;8378.0;3471.0;8512.0612792563
03.04.2025;15:20:00;8377.9;8377.9;8343.7;8351.9;12939.0;8510.0026664637
03.04.2025;15:30:00;8349.2;8350.0;8325.1;8327.9;16580.0;8507.9646397991
03.04.2025;15:40:00;8329.1;8353.7;8321.4;8348.4;19116.0;8505.9469934011
03.04.2025;15:50:00;8346.0;8353.9;8337.8;8351.4;7301.0;8503.9495234671
03.04.2025;16:00:00;8349.2;8351.3;8320.9;8325.4;8636.0;8501.9720282324
03.04.2025;16:10:00;8324.5;8364.4;8301.2;8355.7;13839.0;8500.0143079501
03.04.2025;16:20:00;8357.7;8357.8;8328.0;8353.4;13759.0;8498.0261648706
03.04.2025;16:30:00;8351.6;8388.4;8344.5;8388.0;16453.0;8496.0579032219
03.04.2025;16:40:00;8388.4;8396.0;8371.1;8378.6;10652.0;8494.1093241897
03.04.2025;16:50:00;8379.0;8386.2;8369.4;8377.1;6654.0;8492.1802309478
03.04.2025;17:00:00;8379.8;8421.5;8379.8;8406.7;14727.0;8490.2704286383
03.04.2025;17:10:00;8404.9;8437.9;8403.8;8416.5;11258.0;8488.3797243519
03.04.2025;17:20:00;8417.4;8434.0;8403.1;8432.6;11236.0;8486.5079271084
03.04.2025;17:30:00;8431.2;8435.6;8401.2;8422.4;4981.0;8484.6548478373
03.04.2025;17:40:00;8423.9;8435.6;8407.0;8432.9;6751.0;8482.8202993589
03.04.2025;17:50:00;8435.6;8458.7;8424.7;8455.6;20936.0;8481.0040963654
03.04.2025;18:00:00;8455.5;8482.7;8447.3;8450.0;19862.0;8301.2
03.04.2025;18:10:00;8450.1;8455.5;8426.9;8432.1;8768.0;8304.83
03.04.2025;18:20:00;8433.6;8447.7;8424.9;8428.2;5703.0;8308.3874
03.04.2025;18:30:00;8429.3;8443.2;8418.2;8438.4;8492.0;8311.873652
03.04.2025;18:40:00;8438.3;8455.1;8427.6;8447.4;3961.0;8315.29017896
03.04.2025;19:00:00;8449.0;8463.9;8446.9;8451.1;4711.0;8318.6383753808
03.04.2025;19:10:00;8452.0;8485.8;8452.0;8483.0;4400.0;8321.9196078732
03.04.2025;19:20:00;8483.6;8488.9;8462.2;8488.9;5217.0;8323.5584117945
03.04.2025;19:30:00;8488.9;8492.4;8481.1;8489.8;1759.0;8325.2118276765
03.04.2025;19:40:00;8489.8;8498.0;8477.9;8478.1;2060.0;8326.8837093997
03.04.2025;19:50:00;8483.2;8483.8;8465.2;8465.2;1229.0;8328.5948723057
03.04.2025;20:00:00;8465.1;8469.8;8458.3;8458.3;3054.0;8330.2889235827
03.04.2025;20:10:00;8458.0;8458.0;8449.2;8451.0;2132.0;8331.9660343469
03.04.2025;20:20:00;8449.5;8464.3;8447.7;8464.1;2061.0;8333.6263740034
03.04.2025;20:30:00;8462.1;8466.9;8461.0;8464.0;334.0;8335.2701102634
03.04.2025;20:40:00;8464.6;8470.6;8464.6;8470.0;812.0;8336.8974091607
03.04.2025;20:50:00;8471.0;8482.2;8469.7;8472.1;2158.0;8338.5084350691
03.04.2025;21:00:00;8474.0;8478.0;8471.9;8474.0;1206.0;8340.1033507184
03.04.2025;21:10:00;8474.0;8478.3;8474.0;8475.3;1677.0;8341.6823172112
03.04.2025;21:20:00;8475.3;8475.3;8457.0;8457.2;1911.0;8343.2454940391
03.04.2025;21:30:00;8460.6;8461.2;8446.1;8448.8;1921.0;8344.7930390987
03.04.2025;21:40:00;8452.0;8458.0;8448.9;8456.0;1084.0;8346.3251087078
03.04.2025;21:50:00;8453.0;8470.5;8453.0;8470.5;1125.0;8347.8418576207
03.04.2025;22:00:00;8470.4;8477.0;8468.2;8470.0;493.0;8349.3434390445
03.04.2025;22:10:00;8467.8;8479.8;8467.8;8477.2;5672.0;8350.830004654
03.04.2025;22:20:00;8477.2;8479.6;8472.3;8474.0;1643.0;8352.3017046075
03.04.2025;22:30:00;8472.4;8473.4;8463.6;8464.7;456.0;8353.7586875614
03.04.2025;22:40:00;8464.0;8469.3;8463.0;8465.5;1535.0;8355.2011006858
03.04.2025;22:50:00;8465.6;8479.6;8465.0;8479.6;821.0;8356.6290896789
03.04.2025;23:00:00;8479.6;8480.0;8471.1;8478.4;1121.0;8358.0427987821
03.04.2025;23:10:00;8478.4;8485.0;8478.4;8479.6;373.0;8359.4423707943
03.04.2025;23:20:00;8482.0;8484.8;8480.2;8482.1;112.0;8360.8279470864
03.04.2025;23:30:00;8483.7;8485.0;8481.8;8481.8;384.0;8362.1996676155
03.04.2025;23:40:00;8482.9;8500.0;8480.5;8485.3;1295.0;8363.5576709394
04.04.2025;08:50:00;8474.9;8474.9;8474.9;8474.9;160.0;8364.92209423
04.04.2025;09:00:00;8474.5;8474.5;8402.5;8425.8;10982.0;8366.2728732877
04.04.2025;09:10:00;8425.9;8427.3;8420.0;8421.8;1694.0;8367.6101445548
04.04.2025;09:20:00;8422.0;8422.4;8418.6;8418.6;1558.0;8368.9340431092
04.04.2025;09:30:00;8418.5;8424.9;8418.3;8424.6;5467.0;8370.2447026782
04.04.2025;09:40:00;8424.0;8425.3;8416.2;8421.1;1819.0;8371.5422556514
04.04.2025;09:50:00;8421.3;8425.5;8419.9;8424.5;1401.0;8372.8268330949
04.04.2025;10:00:00;8424.1;8424.1;8387.0;8403.7;11124.0;8374.0985647639
04.04.2025;10:10:00;8401.9;8406.8;8372.0;8374.5;10729.0;8500.0
04.04.2025;10:20:00;8374.0;8381.5;8360.1;8369.4;18367.0;8497.44
04.04.2025;10:30:00;8369.6;8375.3;8357.1;8369.2;9399.0;8496.0666
04.04.2025;10:40:00;8370.8;8371.6;8355.5;8362.0;8491.0;8494.676934
04.04.2025;10:50:00;8362.0;8374.2;8358.7;8370.4;11939.0;8493.28516466
04.04.2025;11:00:00;8370.4;8385.6;8365.7;8380.4;8040.0;8491.9073130134
04.04.2025;11:10:00;8380.3;8380.5;8360.1;8370.6;6718.0;8490.5432398833
04.04.2025;11:20:00;8371.0;8374.0;8358.1;8363.9;4739.0;8489.1928074844
04.04.2025;11:30:00;8363.9;8379.0;8355.5;8379.0;11597.0;8487.8558794096
04.04.2025;11:40:00;8377.3;8386.0;8365.0;8374.3;7998.0;8486.5323206155
04.04.2025;11:50:00;8374.3;8385.8;8369.4;8383.0;3040.0;8485.2219974093
04.04.2025;12:00:00;8385.6;8415.0;8383.9;8395.6;7569.0;8483.9247774352
04.04.2025;12:10:00;8394.9;8402.9;8387.4;8393.0;2135.0;8482.6405296609
04.04.2025;12:20:00;8391.8;8405.0;8391.8;8402.1;2110.0;8481.3691243643
04.04.2025;12:30:00;8401.7;8403.3;8386.7;8391.3;9175.0;8480.1104331206
04.04.2025;12:40:00;8390.0;8395.7;8370.7;8384.7;3889.0;8478.8643287894
04.04.2025;12:50:00;8384.4;8389.1;8377.9;8384.0;1712.0;8477.6306855015
04.04.2025;13:00:00;8383.2;8403.9;8375.2;8396.1;8072.0;8476.4093786465
04.04.2025;13:10:00;8396.9;8420.2;8396.9;8409.9;6105.0;8475.2002848601
04.04.2025;13:20:00;8410.0;8425.8;8397.0;8424.7;4965.0;8474.0032820115
04.04.2025;13:30:00;8425.8;8461.8;8425.8;8457.0;15747.0;8472.8182491913
04.04.2025;13:40:00;8456.5;8479.0;8456.1;8477.4;14614.0;8355.5
04.04.2025;13:50:00;8477.4;8494.3;8472.2;8492.9;16421.0;8357.97
04.04.2025;14:00:00;8486.5;8590.9;8463.0;8545.1;49203.0;8359.3333
04.04.2025;14:10:00;8544.8;8580.0;8544.6;8577.4;42391.0;8361.648967
04.04.2025;14:20:00;8577.2;8582.8;8542.6;8566.0;61670.0;8363.94147733
04.04.2025;14:30:00;8566.1;8603.7;8566.1;8595.9;21497.0;8366.2110625567
04.04.2025;14:40:00;8597.3;8598.5;8525.0;8566.0;15624.0;8368.5859519311
04.04.2025;14:50:00;8568.0;8575.0;8538.3;8556.9;16727.0;8370.9370924118
04.04.2025;15:00:00;8556.9;8571.1;8541.4;8559.3;17233.0;8373.2647214877
04.04.2025;15:10:00;8558.0;8563.7;8532.7;8563.7;9588.0;8375.5690742728
04.04.2025;15:20:00;8564.1;8575.8;8542.0;8550.7;7871.0;8377.8503835301
04.04.2025;15:30:00;8554.4;8557.8;8498.9;8503.5;21496.0;8380.1088796948
04.04.2025;15:40:00;8501.7;8530.3;8476.7;8506.1;17705.0;8382.3447908979
04.04.2025;15:50:00;8506.1;8513.9;8482.5;8494.8;15555.0;8384.5583429889
04.04.2025;16:00:00;8494.7;8523.6;8486.6;8523.6;9447.0;8386.749759559
04.04.2025;16:10:00;8518.6;8529.3;8510.7;8521.5;8380.0;8388.9192619634
04.04.2025;16:20:00;8520.3;8526.9;8501.5;8509.2;6989.0;8391.0670693438
04.04.2025;16:30:00;8507.4;8516.0;8467.9;8508.7;8980.0;8393.1933986503
04.04.2025;16:40:00;8509.1;8519.6;8484.9;8494.7;7550.0;8395.2984646638
04.04.2025;16:50:00;8493.7;8493.7;8475.7;8482.3;8790.0;8397.3824800172
04.04.2025;17:00:00;8476.6;8478.0;8441.5;8444.6;17505.0;8399.445655217
04.04.2025;17:10:00;8444.8;8466.1;8438.0;8443.1;39216.0;8401.4881986648
04.04.2025;17:20:00;8444.9;8495.5;8440.4;8463.9;19122.0;8403.5103166782
04.04.2025;17:30:00;8464.1;8469.1;8460.0;8462.7;19561.0;8405.5122135114
04.04.2025;17:40:00;8463.6;8481.8;8460.0;8460.2;8160.0;8407.4940913763
04.04.2025;17:50:00;8460.1;8526.0;8460.0;8507.7;10945.0;8409.4561504625
04.04.2025;18:00:00;8507.0;8521.0;8458.0;8480.0;16973.0;8411.3985889579
04.04.2025;18:10:00;8480.0;8518.8;8480.0;8480.0;35880.0;8413.3216030683
04.04.2025;18:20:00;8480.1;8487.0;8458.0;8461.6;32124.0;8415.2253870376
04.04.2025;18:30:00;8461.9;8483.7;8449.5;8456.5;5268.0;8417.1101331673
04.04.2025;18:40:00;8453.7;8458.0;8435.9;8441.7;4737.0;8418.9760318356
04.04.2025;19:00:00;8440.5;8451.1;8437.0;8449.2;3209.0;8420.8232715172
04.04.2025;19:10:00;8448.8;8491.0;8444.0;8486.6;4947.0;8422.6520388021
04.04.2025;19:20:00;8487.7;8493.0;8472.1;8493.0;2282.0;8424.462518414
04.04.2025;19:30:00;8488.5;8500.0;8481.6;8498.5;1839.0;8426.2548932299
04.04.2025;19:40:00;8499.7;8500.0;8492.7;8499.3;1365.0;8428.0293442976
04.04.2025;19:50:00;8498.4;8499.5;8489.0;8492.6;1823.0;8429.7860508546
04.04.2025;20:00:00;8493.5;8498.1;8484.2;8487.0;1431.0;8431.5251903461
04.04.2025;20:10:00;8485.1;8485.1;8464.6;8468.7;2802.0;8433.2469384426
04.04.2025;20:20:00;8468.7;8472.0;8446.4;8447.5;3012.0;8434.9514690582
04.04.2025;20:30:00;8447.5;8475.8;8440.4;8462.9;4302.0;8436.6389543676
04.04.2025;20:40:00;8462.1;8469.6;8450.0;8450.0;1801.0;8438.3095648239
04.04.2025;20:50:00;8450.0;8456.9;8438.5;8454.2;2737.0;8603.7
04.04.2025;21:00:00;8456.8;8458.3;8420.3;8420.3;5565.0;8600.396
04.04.2025;21:10:00;8420.3;8430.0;8413.3;8429.0;5430.0;8598.59504
04.04.2025;21:20:00;8430.1;8444.4;8425.0;8427.4;4214.0;8596.7420896
04.04.2025;21:30:00;8432.8;8443.0;8432.8;8442.2;3384.0;8594.907668704
04.04.2025;21:40:00;8442.2;8442.8;8440.0;8440.5;2579.0;8593.091592017
04.04.2025;21:50:00;8442.0;8449.0;8440.0;8445.3;1748.0;8591.2936760968
04.04.2025;22:00:00;8446.7;8450.8;8441.2;8441.2;572.0;8589.5137393358
04.04.2025;22:10:00;8441.7;8459.5;8439.8;8455.5;8063.0;8587.7516019425
04.04.2025;22:20:00;8454.7;8469.1;8445.9;8454.7;1709.0;8586.007085923
04.04.2025;22:30:00;8456.0;8462.7;8452.2;8453.9;1218.0;8584.2800150638
04.04.2025;22:40:00;8454.4;8474.9;8450.4;8471.0;1105.0;8582.5702149132
04.04.2025;22:50:00;8471.6;8473.1;8465.6;8467.0;900.0;8580.877512764
04.04.2025;23:00:00;8467.7;8472.0;8463.0;8463.7;1649.0;8579.2017376364
04.04.2025;23:10:00;8467.3;8490.0;8460.0;8487.8;1428.0;8577.54272026
04.04.2025;23:20:00;8485.7;8488.9;8481.0;8484.2;668.0;8575.9002930574
04.04.2025;23:30:00;8482.6;8482.6;8464.0;8467.8;659.0;8574.2742901269
04.04.2025;23:40:00;8468.0;8472.4;8448.5;8461.0;1768.0;8572.6645472256
07.04.2025;08:50:00;8481.0;8481.0;8481.0;8481.0;24.0;8571.0709017533
07.04.2025;09:00:00;8481.0;8591.1;8481.0;8552.0;68926.0;8413.3
07.04.2025;09:10:00;8551.9;8564.9;8531.0;8531.0;8143.0;8416.856
07.04.2025;09:20:00;8530.9;8535.3;8507.7;8508.1;4882.0;8420.34088
07.04.2025;09:30:00;8509.4;8558.6;8509.4;8551.4;6851.0;8423.7560624
07.04.2025;09:40:00;8548.5;8552.3;8538.2;8544.6;2743.0;8427.102941152
07.04.2025;09:50:00;8544.2;8560.0;8530.1;8559.0;4945.0;8430.382882329
07.04.2025;10:00:00;8558.8;8559.1;8487.9;8491.8;19231.0;8433.5972246824
07.04.2025;10:10:00;8490.3;8490.3;8451.8;8456.3;15167.0;8436.7472801887
07.04.2025;10:20:00;8456.4;8493.1;8455.6;8477.4;10611.0;8439.834334585
07.04.2025;10:30:00;8475.1;8496.1;8467.2;8469.5;4410.0;8442.8596478933
07.04.2025;10:40:00;8468.0;8502.6;8468.0;8498.8;5341.0;8445.8244549354
07.04.2025;10:50:00;8497.5;8504.5;8475.7;8486.1;5941.0;8448.7299658367
07.04.2025;11:00:00;8486.1;8503.7;8484.0;8497.9;4485.0;8451.57736652
07.04.2025;11:10:00;8497.7;8520.0;8497.7;8509.8;4358.0;8454.3678191896
07.04.2025;11:20:00;8509.0;8514.0;8493.1;8500.0;2054.0;8457.1024628058
07.04.2025;11:30:00;8499.9;8513.3;8499.4;8510.9;5249.0;8459.7824135496
07.04.2025;11:40:00;8511.3;8520.0;8507.2;8514.0;4561.0;8462.4087652787
07.04.2025;11:50:00;8514.0;8527.3;8510.1;8513.2;8663.0;8464.9825899731
07.04.2025;12:00:00;8514.0;8530.0;8512.7;8521.5;5901.0;8467.5049381736
07.04.2025;12:10:00;8520.7;8524.5;8496.4;8497.1;2237.0;8469.9768394101
07.04.2025;12:20:00;8495.8;8518.2;8490.0;8502.1;8985.0;8472.3993026219
07.04.2025;12:30:00;8502.1;8510.5;8493.0;8497.1;21423.0;8474.7733165695
07.04.2025;12:40:00;8496.6;8501.7;8492.2;8492.4;4385.0;8477.0998502381
07.04.2025;12:50:00;8493.1;8497.9;8475.0;8483.0;5054.0;8591.1
07.04.2025;13:00:00;8481.6;8498.7;8480.0;8489.8;2566.0;8588.778
07.04.2025;13:10:00;8491.4;8492.6;8477.4;8485.0;1499.0;8586.50244
07.04.2025;13:20:00;8484.2;8486.5;8468.6;8468.6;2301.0;8584.2723912
07.04.2025;13:30:00;8468.8;8482.5;8456.4;8482.5;7942.0;8583.115667288
07.04.2025;13:40:00;8481.9;8495.0;8466.1;8471.0;5187.0;8581.8485106151
07.04.2025;13:50:00;8470.8;8482.5;8469.5;8472.9;2886.0;8580.594025509
07.04.2025;14:00:00;8471.0;8490.2;8471.0;8488.2;820.0;8579.3520852539
07.04.2025;14:10:00;8489.2;8495.0;8480.0;8493.6;2589.0;8578.1225644013
07.04.2025;14:20:00;8495.0;8500.9;8487.9;8488.8;2875.0;8576.9053387573
07.04.2025;14:30:00;8488.7;8496.6;8478.7;8485.1;2673.0;8575.7002853698
07.04.2025;14:40:00;8481.3;8492.0;8476.3;8479.0;2527.0;8574.5072825161
07.04.2025;14:50:00;8479.0;8480.6;8461.2;8462.6;2243.0;8573.3262096909
07.04.2025;15:00:00;8462.3;8470.6;8455.1;8470.6;4068.0;8572.156947594
07.04.2025;15:10:00;8470.9;8483.9;8467.0;8482.2;3197.0;8570.986378118
07.04.2025;15:20:00;8482.2;8486.3;8473.3;8477.5;1919.0;8569.8275143369
07.04.2025;15:30:00;8475.1;8483.8;8451.2;8462.1;3175.0;8568.6802391935
07.04.2025;15:40:00;8459.0;8485.9;8458.3;8483.6;1940.0;8567.5054368016
07.04.2025;15:50:00;8482.0;8486.2;8474.3;8481.9;1219.0;8566.3423824335
07.04.2025;16:00:00;8483.3;8489.4;8472.7;8485.0;1283.0;8565.1909586092
07.04.2025;16:10:00;8482.0;8482.0;8458.3;8465.4;2440.0;8564.0510490231
07.04.2025;16:20:00;8467.1;8481.2;8465.0;8468.9;8368.0;8562.9225385329
07.04.2025;16:30:00;8465.1;8468.7;8413.4;8419.5;17560.0;8561.8053131476
07.04.2025;16:40:00;8419.4;8433.4;8386.0;8402.3;15894.0;8560.3212600161
07.04.2025;16:50:00;8400.8;8433.8;8392.0;8426.3;8443.0;8558.5780474159
07.04.2025;17:00:00;8425.8;8433.1;8413.0;8417.9;2352.0;8556.8522669418
07.04.2025;17:10:00;8417.8;8442.8;8372.3;8404.1;10924.0;8555.1437442723
07.04.2025;17:20:00;8402.3;8414.8;8373.4;8381.8;8740.0;8553.3153068296
07.04.2025;17:30:00;8384.6;8408.8;8367.0;8367.0;8884.0;8551.5051537613
07.04.2025;17:40:00;8368.2;8397.2;8362.0;8382.3;9195.0;8549.6601022237
07.04.2025;17:50:00;8388.0;8404.9;8365.0;8384.7;3495.0;8547.7835012015
07.04.2025;18:00:00;8387.2;8393.1;8351.0;8351.0;7016.0;8545.9256661895
07.04.2025;18:10:00;8350.8;8373.3;8330.0;8373.2;9993.0;8543.9764095276
07.04.2025;18:20:00;8367.1;8368.2;8338.4;8344.7;2928.0;8541.8366454323
07.04.2025;18:30:00;8347.6;8353.8;8325.2;8330.3;4393.0;8539.718278978
07.04.2025;18:40:00;8330.0;8333.3;8322.9;8326.2;5284.0;8537.5730961882
07.04.2025;19:00:00;8329.7;8337.6;8311.2;8320.4;6828.0;8535.4263652263
07.04.2025;19:10:00;8319.0;8369.7;8310.0;8349.2;14762.0;8533.184101574
07.04.2025;19:20:00;8353.1;8358.8;8325.0;8335.1;3665.0;8530.9522605583
07.04.2025;19:30:00;8332.2;8367.7;8332.2;8353.0;3999.0;8528.7427379527
07.04.2025;19:40:00;8350.0;8353.2;8327.2;8329.6;913.0;8526.5553105732
07.04.2025;19:50:00;8329.4;8335.0;8308.0;8308.1;4739.0;8524.3897574675
07.04.2025;20:00:00;8308.3;8319.5;8288.7;8290.0;9105.0;8522.2258598928
07.04.2025;20:10:00;8289.2;8298.5;8272.6;8295.4;15210.0;8519.8906012939
07.04.2025;20:20:00;8290.2;8307.1;8284.1;8284.2;3057.0;8517.4176952809
07.04.2025;20:30:00;8282.7;8300.7;8265.9;8300.7;8069.0;8514.9695183281
07.04.2025;20:40:00;8294.6;8306.8;8294.6;8295.9;2097.0;8512.4788231448
07.04.2025;20:50:00;8302.0;8319.1;8299.1;8314.5;2378.0;8510.0130349134
07.04.2025;21:00:00;8316.3;8317.5;8310.0;8310.3;2128.0;8507.5719045642
07.04.2025;21:10:00;8316.1;8325.2;8310.4;8320.0;1845.0;8505.1551855186
07.04.2025;21:20:00;8320.0;8330.8;8313.5;8313.5;1600.0;8502.7626336634
07.04.2025;21:30:00;8315.4;8330.7;8313.0;8329.7;838.0;8500.3940073268
07.04.2025;21:40:00;8330.0;8331.2;8314.2;8317.7;804.0;8498.0490672535
07.04.2025;21:50:00;8317.2;8317.2;8300.0;8301.7;2098.0;8495.727576581
07.04.2025;22:00:00;8301.7;8310.8;8300.2;8307.7;1946.0;8493.4293008152
07.04.2025;22:10:00;8306.8;8313.0;8304.1;8313.0;349.0;8491.154007807
07.04.2025;22:20:00;8312.8;8327.2;8309.1;8322.6;841.0;8488.9014677289
07.04.2025;22:30:00;8325.2;8340.6;8322.4;8337.4;2450.0;8486.6714530517
07.04.2025;22:40:00;8337.4;8337.9;8329.2;8329.2;389.0;8484.4637385211
07.04.2025;22:50:00;8328.5;8333.2;8326.4;8328.1;143.0;8482.2781011359
07.04.2025;23:00:00;8328.0;8331.7;8316.1;8331.5;326.0;8480.1143201246
07.04.2025;23:10:00;8330.1;8333.7;8329.4;8329.4;346.0;8477.9721769233
07.04.2025;23:20:00;8328.0;8338.3;8328.0;8332.5;1266.0;8475.8514551541
07.04.2025;23:30:00;8330.1;8337.3;8326.0;8329.9;799.0;8473.7519406026
07.04.2025;23:40:00;8329.4;8339.4;8307.9;8327.2;2020.0;8471.6734211965
08.04.2025;08:50:00;8350.9;8350.9;8350.9;8350.9;160.0;8469.6156869846
08.04.2025;09:00:00;8351.2;8400.0;8351.2;8393.9;11795.0;8467.5785301147
08.04.2025;09:10:00;8398.7;8400.0;8393.7;8399.3;4274.0;8465.5617448136
08.04.2025;09:20:00;8400.0;8415.0;8400.0;8408.8;3008.0;8463.5651273654
08.04.2025;09:30:00;8408.9;8410.0;8398.8;8405.1;5157.0;8461.5884760918
08.04.2025;09:40:00;8405.4;8406.1;8375.6;8380.8;5920.0;8459.6315913309
08.04.2025;09:50:00;8380.6;8409.4;8375.1;8398.2;7579.0;8457.6942754176
08.04.2025;10:00:00;8394.4;8397.2;8328.4;8375.7;14334.0;8455.7763326634
08.04.2025;10:10:00;8373.9;8378.8;8352.8;8358.5;2613.0;8453.8775693367
08.04.2025;10:20:00;8358.5;8373.5;8355.3;8369.8;2725.0;8451.9977936434
08.04.2025;10:30:00;8367.6;8379.0;8361.5;8368.6;2819.0;8450.1368157069
08.04.2025;10:40:00;8366.8;8377.1;8366.1;8369.2;2628.0;8448.2944475499
08.04.2025;10:50:00;8367.1;8369.3;8353.3;8359.4;2293.0;8446.4705030744
08.04.2025;11:00:00;8357.8;8363.2;8335.0;8359.0;5438.0;8444.6647980436
08.04.2025;11:10:00;8358.8;8370.0;8356.8;8367.2;8976.0;8442.8771500632
08.04.2025;11:20:00;8368.8;8376.6;8352.1;8370.7;7109.0;8441.1073785626
08.04.2025;11:30:00;8371.4;8371.4;8346.7;8360.4;2081.0;8439.3553047769
08.04.2025;11:40:00;8360.4;8364.7;8355.0;8358.1;1669.0;8437.6207517292
08.04.2025;11:50:00;8356.5;8368.0;8354.8;8367.1;8906.0;8435.9035442119
08.04.2025;12:00:00;8365.2;8375.5;8363.2;8375.4;14284.0;8434.2035087698
08.04.2025;12:10:00;8375.1;8376.5;8360.7;8363.0;4633.0;8432.5204736821
08.04.2025;12:20:00;8362.0;8365.4;8346.2;8348.3;2849.0;8430.8542689452
08.04.2025;12:30:00;8347.9;8368.1;8347.7;8355.2;3608.0;8429.2047262558
08.04.2025;12:40:00;8352.8;8361.2;8351.7;8355.3;1203.0;8427.5716789932
08.04.2025;12:50:00;8354.0;8364.8;8351.9;8361.8;1980.0;8425.9549622033
08.04.2025;13:00:00;8363.9;8375.2;8357.3;8358.4;3162.0;8424.3544125813
08.04.2025;13:10:00;8360.8;8364.9;8352.6;8362.1;1360.0;8422.7698684555
08.04.2025;13:20:00;8359.0;8372.9;8358.2;8372.9;1932.0;8421.2011697709
08.04.2025;13:30:00;8372.8;8377.2;8369.8;8371.7;9321.0;8419.6481580732
08.04.2025;13:40:00;8372.5;8374.3;8359.3;8368.8;2846.0;8418.1106764925
08.04.2025;13:50:00;8368.5;8373.0;8362.9;8373.0;1583.0;8416.5885697275
08.04.2025;14:00:00;8374.3;8378.4;8364.5;8366.4;1551.0;8415.0816840303
08.04.2025;14:10:00;8368.3;8370.2;8356.3;8361.8;1788.0;8413.58986719
08.04.2025;14:20:00;8363.6;8369.8;8361.8;8364.5;955.0;8412.1129685181
08.04.2025;14:30:00;8367.8;8369.8;8358.5;8359.8;1096.0;8410.6508388329
08.04.2025;14:40:00;8359.7;8363.9;8351.0;8352.9;5021.0;8409.2033304445
08.04.2025;14:50:00;8353.2;8369.0;8346.5;8365.0;5644.0;8407.7702971401
08.04.2025;15:00:00;8365.0;8367.9;8350.8;8367.5;2595.0;8406.3515941687
08.04.2025;15:10:00;8368.9;8385.0;8366.9;8374.2;12090.0;8404.947078227
08.04.2025;15:20:00;8372.8;8374.4;8359.0;8374.4;4728.0;8403.5566074447
08.04.2025;15:30:00;8374.4;8383.7;8362.2;8380.4;3518.0;8402.1800413703
08.04.2025;15:40:00;8379.3;8379.3;8370.1;8374.6;2781.0;8400.8172409566
08.04.2025;15:50:00;8378.0;8383.3;8360.6;8365.2;1155.0;8399.468068547
08.04.2025;16:00:00;8365.4;8377.9;8357.2;8375.9;1119.0;8398.1323878616
08.04.2025;16:10:00;8373.5;8400.0;8369.7;8396.9;4270.0;8265.9
08.04.2025;16:20:00;8396.9;8397.0;8373.4;8379.0;3226.0;8268.582
08.04.2025;16:30:00;8375.9;8384.1;8371.1;8374.9;1436.0;8271.21036
08.04.2025;16:40:00;8375.2;8388.8;8373.4;8382.9;819.0;8273.7861528
08.04.2025;16:50:00;8384.0;8398.0;8376.2;8396.3;6358.0;8276.310429744
08.04.2025;17:00:00;8398.0;8411.5;8387.0;8398.5;7402.0;8278.7842211491
08.04.2025;17:10:00;8401.4;8403.7;8391.2;8393.9;3163.0;8280.1113789376
08.04.2025;17:20:00;8391.7;8401.3;8379.6;8383.3;1378.0;8281.4252651483
08.04.2025;17:30:00;8388.7;8400.0;8385.2;8395.2;4011.0;8282.7260124968
08.04.2025;17:40:00;8395.8;8400.0;8390.4;8399.2;2902.0;8284.0137523718
08.04.2025;17:50:00;8397.9;8397.9;8383.4;8385.7;1715.0;8285.2886148481
08.04.2025;18:00:00;8385.7;8388.1;8368.0;8372.2;5646.0;8286.5507286996
08.04.2025;18:10:00;8372.5;8386.0;8365.0;8384.1;4361.0;8287.8002214126
08.04.2025;18:20:00;8383.8;8383.8;8367.4;8371.6;3627.0;8289.0372191985
08.04.2025;18:30:00;8370.9;8381.3;8366.8;8375.1;5676.0;8290.2618470065
08.04.2025;18:40:00;8372.1;8372.9;8359.3;8359.3;2504.0;8291.4742285364
08.04.2025;19:00:00;8360.0;8390.0;8343.2;8357.0;4889.0;8292.6744862511
08.04.2025;19:10:00;8356.0;8363.1;8342.0;8344.9;2700.0;8293.8627413886
08.04.2025;19:20:00;8344.0;8358.0;8343.0;8348.2;2834.0;8295.0391139747
08.04.2025;19:30:00;8350.3;8356.0;8341.8;8345.8;1151.0;8296.2037228349
08.04.2025;19:40:00;8345.8;8368.6;8341.7;8350.0;6167.0;8297.3566856066
08.04.2025;19:50:00;8350.7;8358.0;8342.5;8357.2;1012.0;8298.4981187505
08.04.2025;20:00:00;8358.0;8360.9;8341.0;8349.2;2852.0;8299.628137563
08.04.2025;20:10:00;8349.2;8350.3;8325.6;8336.4;3952.0;8300.7468561874
08.04.2025;20:20:00;8337.3;8340.0;8326.8;8327.0;475.0;8301.8543876255
08.04.2025;20:30:00;8326.3;8336.9;8315.6;8331.8;3357.0;8302.9508437492
08.04.2025;20:40:00;8331.3;8350.9;8328.6;8350.9;1071.0;8304.0363353118
08.04.2025;20:50:00;8350.8;8356.5;8347.7;8349.3;1049.0;8305.1109719586
08.04.2025;21:00:00;8350.3;8350.3;8339.1;8339.1;1284.0;8306.174862239
08.04.2025;21:10:00;8336.7;8340.4;8326.7;8332.8;545.0;8307.2281136167
08.04.2025;21:20:00;8334.1;8342.0;8334.1;8337.5;1330.0;8308.2708324805
08.04.2025;21:30:00;8337.3;8357.6;8337.3;8357.6;1018.0;8309.3031241557
08.04.2025;21:40:00;8357.4;8357.4;8347.6;8349.0;448.0;8310.3250929141
08.04.2025;21:50:00;8350.6;8355.9;8344.0;8352.1;401.0;8311.336841985
08.04.2025;22:00:00;8354.0;8356.1;8347.4;8347.7;602.0;8312.3384735651
08.04.2025;22:10:00;8345.6;8345.6;8331.0;8331.0;894.0;8313.3300888295
08.04.2025;22:20:00;8330.7;8347.8;8330.5;8347.8;809.0;8314.3117879412
08.04.2025;22:30:00;8347.4;8364.1;8347.4;8359.0;3131.0;8315.2836700618
08.04.2025;22:40:00;8359.0;8379.1;8358.1;8378.0;2900.0;8316.2458333612
08.04.2025;22:50:00;8377.9;8392.0;8376.6;8392.0;3544.0;8317.1983750276
08.04.2025;23:00:00;8390.1;8395.7;8380.1;8384.2;1212.0;8318.1413912773
08.04.2025;23:10:00;8384.4;8393.1;8373.8;8385.2;1969.0;8319.0749773645
08.04.2025;23:20:00;8388.4;8392.1;8387.0;8392.1;1139.0;8319.9992275909
08.04.2025;23:30:00;8393.0;8404.2;8389.4;8402.1;2496.0;8320.914235315
08.04.2025;23:40:00;8402.3;8412.7;8402.0;8407.0;1837.0;8321.8200929618
10.07.2025;14:20:00;8284.0;8286.0;8277.4;8277.4;1702.0;8412.7
10.07.2025;14:30:00;8275.9;8276.6;8270.5;8272.5;988.0;8412.7
10.07.2025;14:40:00;8272.8;8272.8;8265.6;8269.8;1883.0;8411.278
10.07.2025;14:50:00;8267.9;8270.2;8262.8;8264.7;1696.0;8409.82122
10.07.2025;15:00:00;8264.8;8274.9;8262.4;8269.9;3740.0;8408.3510078
10.07.2025;15:10:00;8268.4;8275.0;8267.7;8274.0;1205.0;8406.891497722
10.07.2025;15:20:00;8275.0;8278.1;8272.0;8276.5;1726.0;8405.4465827448
10.07.2025;15:30:00;8276.1;8279.1;8270.2;8277.3;1325.0;8404.0161169173
10.07.2025;15:40:00;8278.3;8278.4;8270.8;8274.3;504.0;8402.5999557482
10.07.2025;15:50:00;8270.0;8274.3;8267.2;8271.2;1258.0;8401.1979561907
10.07.2025;16:00:00;8271.9;8279.8;8269.6;8271.4;1301.0;8399.8099766288
10.07.2025;16:10:00;8273.5;8279.3;8271.0;8273.6;1075.0;8398.4358768625
10.07.2025;16:20:00;8273.0;8273.0;8267.2;8270.0;606.0;8397.0755180939
10.07.2025;16:30:00;8267.4;8272.3;8267.1;8271.0;810.0;8395.7287629129
10.07.2025;16:40:00;8268.3;8270.5;8258.2;8263.4;3708.0;8394.3954752838
10.07.2025;16:50:00;8262.9;8262.9;8255.1;8255.6;2540.0;8393.0335205309
10.07.2025;17:00:00;8255.9;8263.5;8251.2;8262.2;5960.0;8391.6541853256
10.07.2025;17:10:00;8263.0;8267.0;8257.1;8261.7;2450.0;8390.2496434724
10.07.2025;17:20:00;8265.6;8265.6;8251.7;8251.7;1228.0;8388.8591470377
10.07.2025;17:30:00;8252.9;8256.6;8252.1;8253.5;352.0;8387.4825555673
10.07.2025;17:40:00;8255.0;8260.3;8254.2;8257.2;3764.0;8386.1197300116
10.07.2025;17:50:00;8257.2;8259.5;8252.0;8252.5;1356.0;8384.7705327115
10.07.2025;18:00:00;8252.0;8258.7;8252.0;8257.3;1408.0;8383.4348273844
10.07.2025;18:10:00;8257.5;8260.9;8256.5;8257.7;751.0;8382.1124791105
10.07.2025;18:20:00;8259.0;8261.7;8258.9;8261.1;299.0;8380.8033543194
10.07.2025;18:30:00;8261.9;8262.5;8255.3;8255.3;674.0;8379.5073207762
10.07.2025;18:40:00;8255.3;8256.4;8253.0;8253.0;662.0;8378.2242475685
10.07.2025;19:00:00;8259.9;8265.4;8252.8;8262.9;1882.0;8376.9540050928
10.07.2025;19:10:00;8262.9;8263.8;8251.2;8254.0;1152.0;8375.6964650419
10.07.2025;19:20:00;8254.3;8254.3;8228.2;8243.0;4889.0;8374.4515003914
10.07.2025;19:30:00;8243.0;8243.0;8215.0;8216.5;4325.0;8372.9889853875
10.07.2025;19:40:00;8216.5;8228.9;8205.0;8228.9;3593.0;8371.4090955337
10.07.2025;19:50:00;8222.4;8225.8;8219.5;8222.8;2051.0;8369.7450045783
10.07.2025;20:00:00;8222.8;8233.4;8222.8;8233.4;1448.0;8368.0975545325
10.07.2025;20:10:00;8233.0;8238.5;8232.0;8236.6;664.0;8366.4665789872
10.07.2025;20:20:00;8237.4;8239.7;8237.4;8238.9;306.0;8364.8519131973
10.07.2025;20:30:00;8238.3;8239.0;8235.4;8235.4;286.0;8363.2533940654
10.07.2025;20:40:00;8237.2;8238.5;8235.2;8237.4;293.0;8361.6708601247
10.07.2025;20:50:00;8237.3;8237.3;8232.0;8233.0;560.0;8360.1041515235
10.07.2025;21:00:00;8232.0;8235.1;8231.8;8234.2;288.0;8358.5531100082
10.07.2025;21:10:00;8233.6;8241.7;8232.9;8236.3;955.0;8357.0175789081
10.07.2025;21:20:00;8236.8;8238.7;8235.1;8236.0;481.0;8355.4974031191
10.07.2025;21:30:00;8234.5;8234.5;8232.3;8232.3;173.0;8353.9924290879
10.07.2025;21:40:00;8232.0;8236.0;8231.8;8236.0;134.0;8352.502504797
10.07.2025;21:50:00;8236.0;8251.9;8236.0;8248.2;588.0;8351.027479749
10.07.2025;22:00:00;8247.8;8249.2;8236.2;8249.2;1366.0;8349.5672049515
10.07.2025;22:10:00;8249.2;8249.2;8247.9;8247.9;179.0;8348.121532902
10.07.2025;22:20:00;8247.8;8249.0;8246.2;8247.6;68.0;8346.690317573
10.07.2025;22:30:00;8246.2;8246.3;8245.0;8245.0;47.0;8345.2734143973
10.07.2025;22:40:00;8244.3;8244.3;8240.9;8244.0;26.0;8343.8706802533
10.07.2025;22:50:00;8245.0;8246.2;8244.2;8244.2;91.0;8342.4819734508
10.07.2025;23:00:00;8246.2;8246.3;8242.3;8242.3;45.0;8341.1071537163
10.07.2025;23:10:00;8242.1;8242.4;8239.1;8239.1;237.0;8339.7460821791
10.07.2025;23:20:00;8240.5;8240.5;8236.4;8237.1;297.0;8338.3986213573
10.07.2025;23:30:00;8236.8;8240.2;8236.8;8237.0;157.0;8337.0646351437
10.07.2025;23:40:00;8240.6;8244.8;8237.0;8244.8;252.0;8335.7439887923
11.07.2025;08:50:00;8258.0;8258.0;8258.0;8258.0;239.0;8334.4365489044
11.07.2025;09:00:00;8258.0;8284.9;8258.0;8275.2;2908.0;8333.1421834153
11.07.2025;09:10:00;8275.5;8294.0;8275.4;8287.9;3714.0;8331.8607615812
11.07.2025;09:20:00;8287.9;8293.3;8287.1;8289.8;1945.0;8330.5921539654
11.07.2025;09:30:00;8291.9;8293.6;8277.9;8283.8;1166.0;8329.3362324257
11.07.2025;09:40:00;8283.8;8287.0;8278.5;8279.0;2099.0;8328.0928701014
11.07.2025;09:50:00;8279.0;8288.0;8273.9;8279.1;845.0;8326.8619414004
11.07.2025;10:00:00;8280.4;8288.9;8274.4;8280.0;6481.0;8325.6433219864
11.07.2025;10:10:00;8280.0;8281.0;8276.2;8281.0;9768.0;8324.4368887666
11.07.2025;10:20:00;8281.0;8288.0;8281.0;8287.9;9272.0;8323.2425198789
11.07.2025;10:30:00;8288.0;8291.4;8282.1;8291.4;8530.0;8322.0600946801
11.07.2025;10:40:00;8291.4;8295.3;8288.4;8295.3;12821.0;8320.8894937333
11.07.2025;10:50:00;8295.6;8300.0;8294.1;8298.8;4104.0;8319.730598796
11.07.2025;11:00:00;8298.9;8304.7;8297.4;8297.7;5884.0;8318.583292808
11.07.2025;11:10:00;8297.6;8304.4;8294.9;8304.4;3667.0;8317.4474598799
11.07.2025;11:20:00;8302.5;8304.9;8290.3;8295.1;3082.0;8316.3229852811
11.07.2025;11:30:00;8293.2;8293.2;8283.1;8290.9;2892.0;8315.2097554283
11.07.2025;11:40:00;8290.9;8291.0;8285.0;8288.7;3127.0;8314.107657874
11.07.2025;11:50:00;8288.7;8289.1;8279.0;8280.0;2241.0;8313.0165812953
11.07.2025;12:00:00;8279.0;8285.4;8278.0;8282.1;2931.0;8311.9364154823
11.07.2025;12:10:00;8283.9;8284.4;8276.1;8277.8;1005.0;8310.8670513275
11.07.2025;12:20:00;8281.1;8284.3;8277.7;8279.7;1612.0;8309.8083808142
11.07.2025;12:30:00;8280.6;8286.1;8278.2;8280.3;1077.0;8308.7602970061
11.07.2025;12:40:00;8281.7;8283.4;8275.9;8278.0;2459.0;8307.722694036
11.07.2025;12:50:00;8278.0;8284.9;8278.0;8284.9;1213.0;8306.6954670957
11.07.2025;13:00:00;8285.7;8291.7;8282.7;8291.6;1940.0;8305.6785124247
11.07.2025;13:10:00;8291.6;8294.9;8291.1;8292.0;765.0;8304.6717273005
11.07.2025;13:20:00;8292.0;8298.4;8290.3;8298.1;1931.0;8303.6750100275
11.07.2025;13:30:00;8297.2;8299.3;8295.1;8299.0;1843.0;8302.6882599272
11.07.2025;13:40:00;8297.7;8301.4;8296.3;8296.3;3351.0;8301.7113773279
11.07.2025;13:50:00;8298.4;8300.4;8295.8;8296.0;1296.0;8301.4
11.07.2025;14:00:00;8296.0;8296.0;8289.4;8295.7;925.0;8301.4
11.07.2025;14:10:00;8294.8;8301.5;8294.0;8295.0;3509.0;8205.0
11.07.2025;14:20:00;8294.4;8297.6;8290.0;8295.9;943.0;8206.93
11.07.2025;14:30:00;8295.9;8304.0;8295.8;8300.7;5687.0;8208.8214
11.07.2025;14:40:00;8302.2;8306.0;8299.7;8306.0;2906.0;8209.773186
11.07.2025;14:50:00;8305.8;8306.0;8301.5;8304.0;2178.0;8210.73545414
11.07.2025;15:00:00;8304.0;8306.0;8303.0;8305.8;1972.0;8211.6880995986
11.07.2025;15:10:00;8305.5;8306.0;8298.6;8301.1;1578.0;8212.6312186026
11.07.2025;15:20:00;8301.5;8304.8;8299.1;8301.8;2638.0;8213.5649064166
11.07.2025;15:30:00;8303.9;8329.8;8303.9;8315.3;10868.0;8214.4892573524
11.07.2025;15:40:00;8315.4;8326.8;8315.4;8325.3;2157.0;8215.6423647789
11.07.2025;15:50:00;8323.8;8326.7;8318.5;8320.6;3894.0;8216.7839411311
11.07.2025;16:00:00;8320.4;8326.2;8317.8;8325.2;5039.0;8217.9141017198
11.07.2025;16:10:00;8325.2;8325.2;8322.1;8323.7;864.0;8219.0329607026
11.07.2025;16:20:00;8323.7;8323.8;8312.5;8320.1;2714.0;8220.1406310956
11.07.2025;16:30:00;8319.2;8329.0;8314.9;8325.3;6731.0;8221.2372247846
11.07.2025;16:40:00;8328.8;8334.9;8317.1;8334.0;5205.0;8222.3228525368
11.07.2025;16:50:00;8334.0;8341.0;8332.9;8340.2;5189.0;8223.4486240114
11.07.2025;17:00:00;8341.0;8366.4;8341.0;8364.0;15617.0;8224.6241377713
11.07.2025;17:10:00;8364.0;8381.5;8364.0;8367.1;12687.0;8226.0418963936
11.07.2025;17:20:00;8368.8;8387.2;8368.1;8382.0;6696.0;8227.5964774296
11.07.2025;17:30:00;8382.5;8406.0;8382.3;8401.4;5933.0;8229.1925126553
11.07.2025;17:40:00;8401.0;8407.0;8399.8;8406.0;4392.0;8230.9605875288
11.07.2025;17:50:00;8406.0;8410.5;8401.3;8409.9;7379.0;8232.7209816535
11.07.2025;18:00:00;8409.8;8414.9;8407.3;8410.9;6494.0;8234.498771837
11.07.2025;18:10:00;8408.1;8410.6;8402.5;8410.6;8330.0;8236.3027841186
11.07.2025;18:20:00;8410.9;8421.9;8404.9;8415.7;17775.0;8238.0887562774
11.07.2025;18:30:00;8413.9;8424.0;8406.2;8406.2;6690.0;8239.9268687146
11.07.2025;18:40:00;8407.4;8413.3;8393.4;8397.0;4888.0;8241.7676000275
11.07.2025;19:00:00;8400.0;8416.5;8393.0;8416.5;4618.0;8243.5899240272
11.07.2025;19:10:00;8414.4;8422.0;8401.1;8403.8;3274.0;8245.3940247869
11.07.2025;19:20:00;8405.1;8408.2;8398.2;8403.5;1821.0;8247.1800845391
11.07.2025;19:30:00;8404.6;8420.1;8404.5;8418.4;1545.0;8248.9482836937
11.07.2025;19:40:00;8419.0;8420.0;8409.3;8414.9;1067.0;8250.6988008567
11.07.2025;19:50:00;8414.9;8414.9;8411.4;8412.5;1454.0;8252.4318128482
11.07.2025;20:00:00;8412.5;8413.1;8408.0;8409.0;586.0;8254.1474947197
11.07.2025;20:10:00;8406.8;8406.8;8392.9;8401.7;1249.0;8255.8460197725
11.07.2025;20:20:00;8401.7;8403.9;8399.5;8399.5;821.0;8257.5275595748
11.07.2025;20:30:00;8399.5;8402.9;8397.7;8401.7;193.0;8259.192283979
11.07.2025;20:40:00;8402.9;8407.6;8402.9;8407.4;659.0;8260.8403611392
11.07.2025;20:50:00;8407.9;8408.6;8405.5;8408.6;597.0;8262.4719575278
11.07.2025;21:00:00;8408.4;8414.0;8408.4;8413.0;237.0;8264.0872379526
11.07.2025;21:10:00;8410.1;8413.0;8410.1;8410.6;209.0;8265.686365573
11.07.2025;21:20:00;8411.3;8413.8;8407.5;8407.5;85.0;8267.2695019173
11.07.2025;21:30:00;8408.4;8413.8;8407.2;8413.6;349.0;8268.8368068981
11.07.2025;21:40:00;8413.4;8418.6;8412.1;8418.6;579.0;8270.3884388292
11.07.2025;21:50:00;8419.0;8421.5;8419.0;8421.5;1023.0;8271.9245544409
11.07.2025;22:00:00;8421.5;8431.2;8421.4;8429.6;4185.0;8273.4453088965
11.07.2025;22:10:00;8427.8;8428.2;8425.9;8425.9;1169.0;8275.0228558075
11.07.2025;22:20:00;8425.9;8426.0;8424.3;8425.3;332.0;8276.5846272494
11.07.2025;22:30:00;8426.0;8426.1;8421.5;8426.1;820.0;8278.1307809769
11.07.2025;22:40:00;8422.2;8426.0;8422.2;8426.0;137.0;8279.6614731672
11.07.2025;22:50:00;8423.3;8425.5;8422.6;8422.6;291.0;8281.1768584355
11.07.2025;23:00:00;8424.1;8424.8;8419.5;8421.4;316.0;8282.6770898511
11.07.2025;23:10:00;8421.4;8425.5;8421.2;8423.5;386.0;8284.1623189526
11.07.2025;23:20:00;8424.8;8426.0;8418.3;8418.3;290.0;8285.6326957631
11.07.2025;23:30:00;8418.3;8418.3;8412.0;8414.7;235.0;8287.0883688055
11.07.2025;23:40:00;8415.7;8430.0;8412.5;8430.0;2211.0;8288.5294851174
14.07.2025;08:50:00;8435.0;8435.0;8435.0;8435.0;105.0;8289.9561902662
14.07.2025;09:00:00;8435.5;8443.0;8395.3;8401.7;5273.0;8291.4066283636
14.07.2025;09:10:00;8400.8;8423.7;8397.9;8415.6;1916.0;8292.9225620799
14.07.2025;09:20:00;8415.9;8415.9;8400.0;8403.4;978.0;8294.4233364591
14.07.2025;09:30:00;8403.0;8410.3;8403.0;8409.7;787.0;8295.9091030945
14.07.2025;09:40:00;8411.2;8428.5;8411.0;8423.3;1529.0;8297.3800120636
14.07.2025;09:50:00;8424.8;8430.5;8416.5;8427.7;2783.0;8298.836211943
14.07.2025;10:00:00;8427.2;8429.1;8415.0;8419.0;3645.0;8300.2778498235
14.07.2025;10:10:00;8418.9;8421.0;8405.3;8411.0;3873.0;8301.7050713253
14.07.2025;10:20:00;8411.3;8411.5;8406.6;8410.4;3859.0;8303.118020612
14.07.2025;10:30:00;8411.2;8418.1;8406.0;8409.4;2757.0;8304.5168404059
14.07.2025;10:40:00;8406.8;8409.3;8404.2;8409.1;2091.0;8305.9016720019
14.07.2025;10:50:00;8407.4;8410.3;8397.2;8398.1;6177.0;8307.2726552818
14.07.2025;11:00:00;8399.9;8401.5;8398.5;8401.2;4527.0;8308.629928729
14.07.2025;11:10:00;8400.9;8402.9;8397.8;8397.9;3863.0;8309.9736294417
14.07.2025;11:20:00;8397.9;8397.9;8375.1;8382.1;6476.0;8311.3038931473
14.07.2025;11:30:00;8382.4;8387.9;8380.8;8386.9;1677.0;8312.6208542158
14.07.2025;11:40:00;8386.9;8388.6;8383.5;8386.8;3560.0;8313.9246456737
14.07.2025;11:50:00;8386.5;8388.7;8384.0;8384.3;1634.0;8315.215399217
14.07.2025;12:00:00;8383.3;8384.5;8378.0;8382.5;2404.0;8316.4932452248
14.07.2025;12:10:00;8384.8;8392.5;8381.5;8392.5;3358.0;8317.7583127725
14.07.2025;12:20:00;8392.5;8393.9;8384.4;8386.9;3384.0;8319.0107296448
14.07.2025;12:30:00;8384.7;8384.7;8374.2;8380.4;2547.0;8320.2506223484
14.07.2025;12:40:00;8380.5;8383.3;8378.7;8382.7;1496.0;8321.4781161249
14.07.2025;12:50:00;8381.4;8383.7;8381.3;8383.3;472.0;8322.6933349636
14.07.2025;13:00:00;8383.3;8392.2;8383.3;8387.1;3272.0;8323.896401614
14.07.2025;13:10:00;8388.9;8401.5;8388.3;8393.1;3841.0;8325.0874375979
14.07.2025;13:20:00;8396.2;8398.7;8387.7;8391.3;918.0;8326.2665632219
14.07.2025;13:30:00;8390.2;8399.9;8385.9;8399.5;1751.0;8327.4338975897
14.07.2025;13:40:00;8398.1;8401.0;8394.1;8394.1;506.0;8328.5895586138
14.07.2025;13:50:00;8393.7;8400.3;8392.8;8397.1;1276.0;8329.7336630276
14.07.2025;14:00:00;8396.2;8398.3;8393.5;8394.8;4065.0;8330.8663263973
14.07.2025;14:10:00;8394.5;8397.8;8381.6;8381.6;5384.0;8331.9876631334
14.07.2025;14:20:00;8382.3;8386.6;8370.8;8371.7;6551.0;8333.097786502
14.07.2025;14:30:00;8372.3;8385.9;8371.0;8382.2;1692.0;8334.196808637
14.07.2025;14:40:00;8381.2;8394.9;8379.9;8386.8;1282.0;8335.2848405507
14.07.2025;14:50:00;8386.7;8390.1;8378.7;8378.7;726.0;8336.3619921451
14.07.2025;15:00:00;8378.7;8385.5;8376.3;8379.4;1127.0;8337.4283722237
14.07.2025;15:10:00;8377.7;8377.7;8368.2;8372.4;1725.0;8338.4840885015
14.07.2025;15:20:00;8372.2;8372.2;8365.1;8369.1;3878.0;8339.5292476164
14.07.2025;15:30:00;8368.5;8369.9;8364.2;8367.2;7565.0;8340.5639551403
14.07.2025;15:40:00;8367.5;8370.4;8357.9;8357.9;9168.0;8341.5883155889
14.07.2025;15:50:00;8358.4;8360.0;8351.1;8352.0;3412.0;8342.602432433
14.07.2025;16:00:00;8352.3;8360.0;8346.2;8358.4;6697.0;8343.6064081087
14.07.2025;16:10:00;8357.2;8385.2;8356.5;8380.0;7713.0;8344.6003440276
14.07.2025;16:20:00;8380.1;8382.5;8375.0;8375.0;6375.0;8345.5843405873
14.07.2025;16:30:00;8377.2;8385.0;8376.7;8384.1;6221.0;8346.5584971814
14.07.2025;16:40:00;8385.0;8390.1;8376.3;8381.4;3946.0;8347.5229122096
14.07.2025;16:50:00;8378.4;8380.7;8362.3;8363.0;978.0;8348.4776830875
14.07.2025;17:00:00;8362.9;8367.9;8355.0;8367.4;1602.0;8349.4229062566
14.07.2025;17:10:00;8368.0;8369.4;8350.0;8350.1;6625.0;8443.0
14.07.2025;17:20:00;8350.4;8352.0;8334.1;8351.0;8383.0;8441.14
14.07.2025;17:30:00;8350.8;8354.7;8342.0;8342.0;2078.0;8440.0696
14.07.2025;17:40:00;8341.4;8349.2;8340.0;8349.0;3117.0;8439.009904
14.07.2025;17:50:00;8349.1;8351.7;8343.5;8349.6;914.0;8437.96080496
14.07.2025;18:00:00;8351.5;8358.6;8349.8;8358.4;1389.0;8436.9221969104
14.07.2025;18:10:00;8358.5;8364.7;8350.6;8359.1;2526.0;8435.8939749413
14.07.2025;18:20:00;8356.8;8356.8;8345.0;8347.3;4288.0;8434.8760351919
14.07.2025;18:30:00;8345.0;8350.3;8341.9;8348.0;3022.0;8433.86827484
14.07.2025;18:40:00;8348.0;8348.0;8340.2;8341.8;2224.0;8432.8705920916
14.07.2025;19:00:00;8341.0;8434.8;8333.0;8348.1;3526.0;8334.1
14.07.2025;19:10:00;8347.3;8352.9;8344.4;8351.1;1000.0;8333.0
14.07.2025;19:20:00;8350.0;8350.1;8343.0;8349.4;868.0;8333.0
14.07.2025;19:30:00;8347.4;8349.4;8337.1;8342.4;659.0;8335.036
14.07.2025;19:40:00;8341.3;8341.4;8323.8;8326.5;2826.0;8434.8
14.07.2025;19:50:00;8326.7;8333.7;8325.0;8333.7;1509.0;8432.58
14.07.2025;20:00:00;8332.9;8336.0;8327.2;8334.6;1363.0;8430.4044
14.07.2025;20:10:00;8334.6;8334.7;8328.2;8332.7;2397.0;8428.272312
14.07.2025;20:20:00;8331.0;8341.9;8331.0;8341.2;773.0;8426.18286576
14.07.2025;20:30:00;8341.0;8355.8;8341.0;8347.7;2672.0;8424.1352084448
14.07.2025;20:40:00;8347.5;8348.4;8342.6;8344.5;587.0;8422.1285042759
14.07.2025;20:50:00;8344.5;8344.6;8342.2;8343.4;122.0;8420.1619341904
14.07.2025;21:00:00;8344.5;8344.7;8336.9;8338.7;268.0;8418.2346955066
14.07.2025;21:10:00;8338.0;8338.7;8335.3;8338.7;697.0;8416.3460015964
14.07.2025;21:20:00;8338.8;8339.5;8338.1;8338.1;114.0;8414.4950815645
14.07.2025;21:30:00;8338.1;8340.4;8338.1;8340.4;125.0;8412.6811799332
14.07.2025;21:40:00;8340.4;8344.4;8340.4;8343.7;246.0;8410.9035563346
14.07.2025;21:50:00;8343.1;8343.1;8336.0;8336.0;400.0;8409.1614852079
14.07.2025;22:00:00;8338.0;8339.3;8334.6;8339.2;90.0;8407.4542555037
14.07.2025;22:10:00;8336.7;8336.7;8333.4;8333.4;28.0;8405.7811703936
14.07.2025;22:20:00;8336.4;8337.2;8331.2;8331.5;913.0;8404.1415469858
14.07.2025;22:30:00;8331.5;8336.4;8331.5;8336.4;315.0;8402.534716046
14.07.2025;22:40:00;8335.9;8336.2;8331.5;8331.5;62.0;8400.9600217251
14.07.2025;22:50:00;8333.4;8334.1;8332.1;8332.1;189.0;8399.4168212906
14.07.2025;23:00:00;8332.2;8332.9;8331.4;8332.5;473.0;8397.9044848648
14.07.2025;23:10:00;8332.5;8333.0;8332.5;8333.0;54.0;8396.4223951675
14.07.2025;23:20:00;8334.0;8334.5;8331.4;8331.4;329.0;8394.9699472642
14.07.2025;23:30:00;8332.8;8334.5;8331.5;8334.5;159.0;8393.5465483189
14.07.2025;23:40:00;8332.9;8334.5;8328.0;8334.5;625.0;8392.1516173525
15.07.2025;08:50:00;8372.0;8372.0;8372.0;8372.0;254.0;8390.7845850055
15.07.2025;09:00:00;8372.0;8391.6;8361.0;8367.0;1946.0;8323.8
15.07.2025;09:10:00;8367.0;8378.5;8367.0;8369.0;968.0;8325.156
15.07.2025;09:20:00;8369.9;8369.9;8354.1;8359.1;958.0;8326.48488
15.07.2025;09:30:00;8359.0;8368.4;8354.9;8368.4;184.0;8327.7871824
15.07.2025;09:40:00;8368.4;8373.2;8366.2;8369.5;598.0;8329.063438752
15.07.2025;09:50:00;8369.8;8372.4;8360.6;8360.6;334.0;8330.314169977
15.07.2025;10:00:00;8360.0;8360.0;8347.0;8357.6;2300.0;8331.5398865774
15.07.2025;10:10:00;8357.9;8365.1;8356.3;8362.0;6919.0;8332.7410888459
15.07.2025;10:20:00;8363.1;8364.7;8357.7;8361.4;8105.0;8333.918267069
15.07.2025;10:30:00;8363.0;8369.0;8360.4;8367.0;2786.0;8335.0719017276
15.07.2025;10:40:00;8367.0;8373.5;8366.5;8372.0;4159.0;8336.202463693
15.07.2025;10:50:00;8372.0;8372.0;8360.6;8366.6;11470.0;8337.3104144192
15.07.2025;11:00:00;8363.5;8366.5;8356.5;8364.5;5126.0;8338.3962061308
15.07.2025;11:10:00;8364.4;8372.5;8361.1;8363.3;2228.0;8339.4602820082
15.07.2025;11:20:00;8362.3;8362.3;8347.6;8351.0;3327.0;8340.503076368
15.07.2025;11:30:00;8350.1;8351.9;8347.8;8351.2;5423.0;8341.5250148406
15.07.2025;11:40:00;8351.2;8351.5;8348.6;8350.5;8399.0;8342.5265145438
15.07.2025;11:50:00;8350.5;8353.7;8345.0;8349.3;9427.0;8343.507984253
15.07.2025;12:00:00;8347.8;8349.4;8336.0;8344.4;4114.0;8391.6
15.07.2025;12:10:00;8344.4;8346.1;8334.0;8338.9;2860.0;8390.488
15.07.2025;12:20:00;8336.7;8351.8;8336.5;8340.8;4617.0;8389.92312
15.07.2025;12:30:00;8340.4;8341.3;8335.0;8340.5;1172.0;8389.3638888
15.07.2025;12:40:00;8341.9;8343.0;8337.6;8339.4;238.0;8388.810249912
15.07.2025;12:50:00;8341.1;8344.1;8338.5;8342.0;936.0;8388.2621474129
15.07.2025;13:00:00;8342.1;8344.2;8337.4;8337.4;1627.0;8387.7195259388
15.07.2025;13:10:00;8337.3;8341.1;8336.6;8338.2;870.0;8387.1823306794
15.07.2025;13:20:00;8339.4;8345.7;8339.4;8342.8;1490.0;8386.6505073726
15.07.2025;13:30:00;8342.8;8342.8;8337.4;8340.7;738.0;8386.1240022988
15.07.2025;13:40:00;8338.5;8340.7;8336.1;8336.1;1268.0;8385.6027622759
15.07.2025;13:50:00;8337.9;8337.9;8336.0;8336.0;888.0;8385.0867346531
15.07.2025;14:00:00;8337.0;8339.0;8335.0;8335.0;1340.0;8384.5758673066
15.07.2025;14:10:00;8335.1;8342.8;8335.1;8338.0;2715.0;8384.0701086335
15.07.2025;14:20:00;8338.2;8340.9;8338.2;8340.4;299.0;8383.5694075472
15.07.2025;14:30:00;8338.3;8340.4;8337.7;8337.8;630.0;8383.0737134717
15.07.2025;14:40:00;8338.2;8339.7;8327.8;8336.0;2041.0;8382.582976337
15.07.2025;14:50:00;8336.0;8340.3;8332.5;8332.7;805.0;8382.0351465736
15.07.2025;15:00:00;8333.1;8333.7;8325.8;8332.5;1201.0;8381.4927951079
15.07.2025;15:10:00;8333.1;8334.3;8326.0;8328.4;1063.0;8380.9358671568
15.07.2025;15:20:00;8328.4;8340.6;8323.1;8329.0;1156.0;8380.3845084852
15.07.2025;15:30:00;8329.3;8340.9;8314.7;8322.2;5290.0;8379.8116634004
15.07.2025;15:40:00;8318.5;8327.7;8313.1;8326.1;1637.0;8379.1605467664
15.07.2025;15:50:00;8326.3;8328.7;8322.0;8322.1;1574.0;8378.4999412987
15.07.2025;16:00:00;8322.7;8327.3;8319.3;8322.5;9896.0;8377.8459418857
15.07.2025;16:10:00;8322.5;8322.5;8312.2;8316.2;4167.0;8377.1984824669
15.07.2025;16:20:00;8315.1;8315.1;8306.0;8307.4;10051.0;8376.5484976422
15.07.2025;16:30:00;8307.9;8313.2;8296.4;8302.0;7538.0;8375.8430126658
15.07.2025;16:40:00;8302.0;8312.2;8298.9;8307.2;1958.0;8375.0485825391
15.07.2025;16:50:00;8307.9;8319.8;8307.3;8316.6;3134.0;8374.2620967137
15.07.2025;17:00:00;8317.5;8319.0;8305.1;8310.1;3581.0;8373.4834757466
15.07.2025;17:10:00;8310.9;8315.2;8310.0;8310.0;917.0;8372.7126409891
15.07.2025;17:20:00;8310.0;8318.0;8308.4;8314.7;1587.0;8371.9495145792
15.07.2025;17:30:00;8311.8;8317.5;8311.2;8317.5;2381.0;8371.1940194334
15.07.2025;17:40:00;8317.8;8317.9;8313.4;8314.1;1275.0;8370.4460792391
15.07.2025;17:50:00;8314.1;8317.8;8312.9;8315.9;824.0;8369.7056184467
15.07.2025;18:00:00;8312.7;8321.6;8312.1;8316.9;1434.0;8368.9725622622
15.07.2025;18:10:00;8312.2;8315.0;8308.7;8308.7;4026.0;8368.2468366396
15.07.2025;18:20:00;8307.6;8309.0;8285.0;8285.0;4786.0;8367.5283682732
15.07.2025;18:30:00;8286.0;8288.7;8270.1;8284.6;8682.0;8366.7030845905
15.07.2025;18:40:00;8285.1;8298.9;8284.6;8289.5;2885.0;8365.7370537446
15.07.2025;19:00:00;8295.4;8295.4;8260.1;8270.9;4028.0;8364.7806832071
15.07.2025;19:10:00;8271.1;8272.4;8266.6;8272.1;1487.0;8363.7338763751
15.07.2025;19:20:00;8270.6;8289.0;8269.8;8286.0;1992.0;8362.6975376113
15.07.2025;19:30:00;8286.4;8289.0;8282.6;8283.7;817.0;8361.6715622352
15.07.2025;19:40:00;8285.6;8290.0;8284.7;8290.0;183.0;8360.6558466129
15.07.2025;19:50:00;8290.0;8295.0;8290.0;8292.6;1294.0;8359.6502881467
15.07.2025;20:00:00;8292.4;8292.4;8281.6;8286.2;779.0;8358.6547852653
15.07.2025;20:10:00;8286.2;8293.5;8286.2;8293.5;856.0;8357.6692374126
15.07.2025;20:20:00;8293.5;8299.0;8292.7;8294.0;655.0;8356.6935450385
15.07.2025;20:30:00;8295.0;8298.0;8288.1;8289.9;703.0;8355.7276095881
15.07.2025;20:40:00;8289.5;8290.4;8285.0;8286.5;287.0;8354.7713334922
15.07.2025;20:50:00;8287.1;8289.8;8284.7;8288.0;326.0;8353.8246201573
15.07.2025;21:00:00;8288.0;8291.1;8285.2;8287.1;349.0;8352.8873739557
15.07.2025;21:10:00;8287.5;8289.1;8277.6;8278.6;606.0;8351.9595002162
15.07.2025;21:20:00;8279.0;8287.7;8275.5;8283.5;1215.0;8351.040905214
15.07.2025;21:30:00;8281.8;8293.5;8281.7;8290.3;739.0;8350.1314961619
15.07.2025;21:40:00;8292.5;8296.7;8292.5;8293.1;415.0;8349.2311812002
15.07.2025;21:50:00;8295.0;8295.0;8287.8;8287.8;131.0;8348.3398693882
15.07.2025;22:00:00;8287.2;8290.9;8286.1;8287.5;1374.0;8347.4574706944
15.07.2025;22:10:00;8289.3;8289.3;8285.0;8287.8;252.0;8346.5838959874
15.07.2025;22:20:00;8287.1;8287.1;8285.0;8285.0;224.0;8345.7190570275
15.07.2025;22:30:00;8284.0;8284.4;8284.0;8284.4;5.0;8344.8628664573
15.07.2025;22:40:00;8284.1;8292.5;8284.1;8291.2;369.0;8344.0152377927
15.07.2025;22:50:00;8290.6;8291.8;8290.6;8290.7;193.0;8343.1760854148
15.07.2025;23:00:00;8291.4;8296.7;8290.6;8294.7;354.0;8342.3453245606
15.07.2025;23:10:00;8295.2;8295.2;8287.6;8287.6;293.0;8341.522871315
15.07.2025;23:20:00;8286.1;8288.5;8286.0;8288.5;187.0;8340.7086426019
15.07.2025;23:30:00;8287.8;8290.1;8286.0;8290.1;182.0;8339.9025561758
15.07.2025;23:40:00;8286.0;8299.8;8285.1;8285.4;731.0;8339.1045306141
16.07.2025;08:50:00;8330.0;8330.0;8330.0;8330.0;196.0;8338.3144853079
16.07.2025;09:00:00;8330.0;8344.0;8300.0;8309.4;3968.0;8260.1
16.07.2025;09:10:00;8308.1;8318.0;8306.4;8314.2;1211.0;8261.778
16.07.2025;09:20:00;8314.8;8318.8;8311.7;8311.7;662.0;8263.42244
16.07.2025;09:30:00;8312.0;8313.3;8303.6;8304.6;979.0;8265.0339912
16.07.2025;09:40:00;8304.1;8305.6;8302.1;8304.4;259.0;8266.613311376
16.07.2025;09:50:00;8302.2;8302.2;8294.3;8296.1;1582.0;8268.1610451485
16.07.2025;10:00:00;8299.1;8304.2;8290.8;8294.1;2386.0;8269.6778242455
16.07.2025;10:10:00;8291.6;8296.0;8284.9;8294.9;2966.0;8271.1642677606
16.07.2025;10:20:00;8294.0;8296.8;8292.3;8294.0;1802.0;8272.6209824054
16.07.2025;10:30:00;8293.5;8294.9;8288.1;8288.2;2645.0;8274.0485627573
16.07.2025;10:40:00;8288.0;8288.0;8280.4;8284.5;1579.0;8275.4475915021
16.07.2025;10:50:00;8282.7;8285.6;8281.0;8282.6;4107.0;8276.8186396721
16.07.2025;11:00:00;8282.1;8290.6;8281.0;8290.6;1955.0;8278.1622668787
16.07.2025;11:10:00;8291.0;8291.7;8285.9;8289.5;3445.0;8279.4790215411
16.07.2025;11:20:00;8289.8;8290.9;8282.9;8283.0;2444.0;8280.7694411103
16.07.2025;11:30:00;8283.5;8287.6;8280.8;8281.3;1798.0;8344.0
16.07.2025;11:40:00;8281.3;8284.0;8280.2;8282.2;2581.0;8342.736
16.07.2025;11:50:00;8282.1;8296.7;8281.3;8294.1;3587.0;8342.11064
16.07.2025;12:00:00;8296.3;8299.0;8290.0;8290.0;3370.0;8341.4915336
16.07.2025;12:10:00;8289.5;8292.9;8283.0;8288.5;4534.0;8340.878618264
16.07.2025;12:20:00;8289.4;8292.5;8287.1;8288.6;3840.0;8340.2718320814
16.07.2025;12:30:00;8287.3;8292.5;8287.1;8289.8;2276.0;8339.6711137605
16.07.2025;12:40:00;8289.1;8294.2;8289.0;8291.1;3382.0;8339.0764026229
16.07.2025;12:50:00;8291.2;8301.8;8291.1;8297.5;5969.0;8338.4876385967
16.07.2025;13:00:00;8297.1;8300.4;8296.0;8299.2;4375.0;8337.9047622107
16.07.2025;13:10:00;8299.0;8301.9;8296.0;8296.0;5780.0;8337.3277145886
16.07.2025;13:20:00;8297.2;8306.6;8297.0;8300.8;5095.0;8336.7564374428
16.07.2025;13:30:00;8303.5;8317.0;8301.9;8307.0;8566.0;8336.1908730683
16.07.2025;13:40:00;8307.9;8310.2;8301.4;8302.7;1654.0;8335.6309643376
16.07.2025;13:50:00;8303.3;8315.5;8303.3;8307.2;9248.0;8335.0766546943
16.07.2025;14:00:00;8309.9;8312.0;8305.8;8309.8;3314.0;8334.5278881473
16.07.2025;14:10:00;8309.4;8311.9;8306.0;8307.6;9102.0;8333.9846092659
16.07.2025;14:20:00;8307.6;8311.2;8301.8;8306.0;15861.0;8333.4467631732
16.07.2025;14:30:00;8307.4;8309.9;8305.1;8307.0;5114.0;8332.9142955415
16.07.2025;14:40:00;8307.8;8313.2;8305.9;8312.9;1534.0;8332.387152586
16.07.2025;14:50:00;8313.3;8321.2;8311.4;8320.1;5471.0;8331.8652810602
16.07.2025;15:00:00;8320.1;8326.0;8319.9;8324.7;11192.0;8331.3486282496
16.07.2025;15:10:00;8324.1;8324.1;8315.1;8318.7;7899.0;8330.8371419671
16.07.2025;15:20:00;8318.4;8320.1;8311.8;8315.1;2876.0;8330.3307705474
16.07.2025;15:30:00;8316.2;8322.4;8311.2;8317.9;2718.0;8329.8294628419
16.07.2025;15:40:00;8315.1;8322.5;8312.6;8313.8;4993.0;8329.3331682135
16.07.2025;15:50:00;8314.0;8320.7;8314.0;8320.7;2175.0;8328.8418365314
16.07.2025;16:00:00;8320.3;8324.2;8314.3;8316.0;7405.0;8328.3554181661
16.07.2025;16:10:00;8316.1;8327.0;8314.5;8327.0;4678.0;8327.8738639844
16.07.2025;16:20:00;8327.0;8332.9;8324.0;8330.0;9657.0;8280.2
16.07.2025;16:30:00;8330.0;8330.0;8318.0;8321.2;19936.0;8281.254
16.07.2025;16:40:00;8321.2;8323.0;8306.1;8308.8;18450.0;8282.28692
16.07.2025;16:50:00;8306.7;8313.7;8304.0;8311.0;16377.0;8283.2991816
16.07.2025;17:00:00;8311.0;8313.9;8301.3;8307.0;14437.0;8284.291197968
16.07.2025;17:10:00;8307.0;8313.2;8303.7;8308.8;12888.0;8285.2633740086
16.07.2025;17:20:00;8308.9;8314.7;8306.1;8308.0;8402.0;8286.2161065285
16.07.2025;17:30:00;8308.0;8308.0;8289.1;8298.5;18163.0;8287.1497843979
16.07.2025;17:40:00;8298.6;8307.5;8295.7;8305.6;5303.0;8288.0647887099
16.07.2025;17:50:00;8305.6;8333.3;8302.9;8329.3;10529.0;8288.9614929357
16.07.2025;18:00:00;8327.7;8359.1;8326.5;8350.1;9061.0;8289.4048780064
16.07.2025;18:10:00;8354.0;8393.7;8340.7;8390.3;15344.0;8290.1018292263
16.07.2025;18:20:00;8392.0;8393.8;8377.0;8379.6;12989.0;8291.1378109341
16.07.2025;18:30:00;8380.0;8400.0;8379.1;8383.6;13351.0;8292.1644328247
16.07.2025;18:40:00;8382.9;8386.9;8355.0;8363.6;6043.0;8293.2427884965
16.07.2025;19:00:00;8358.0;8358.0;8329.0;8343.0;3866.0;8294.3103606115
16.07.2025;19:10:00;8343.7;8362.9;8343.2;8352.8;3217.0;8295.3672570054
16.07.2025;19:20:00;8352.8;8353.7;8344.2;8352.4;696.0;8296.4135844353
16.07.2025;19:30:00;8352.4;8361.0;8351.2;8351.2;696.0;8297.449448591
16.07.2025;19:40:00;8351.8;8365.6;8351.7;8365.1;549.0;8298.4749541051
16.07.2025;19:50:00;8364.7;8364.7;8346.7;8347.9;773.0;8299.490204564
16.07.2025;20:00:00;8349.9;8356.2;8348.9;8356.2;368.0;8300.4953025184
16.07.2025;20:10:00;8357.0;8358.9;8352.2;8355.8;813.0;8301.4903494932
16.07.2025;20:20:00;8355.7;8357.4;8353.5;8354.6;470.0;8302.4754459983
16.07.2025;20:30:00;8354.6;8357.2;8350.0;8357.2;522.0;8303.4506915383
16.07.2025;20:40:00;8356.2;8370.1;8356.2;8370.0;868.0;8304.4161846229
16.07.2025;20:50:00;8370.6;8372.9;8363.2;8364.5;379.0;8305.3720227767
16.07.2025;21:00:00;8365.0;8373.4;8365.0;8369.0;486.0;8306.3183025489
16.07.2025;21:10:00;8369.0;8371.9;8364.1;8364.2;1522.0;8307.2551195234
16.07.2025;21:20:00;8366.0;8366.0;8360.0;8360.0;816.0;8308.1825683282
16.07.2025;21:30:00;8360.1;8360.1;8358.0;8358.1;176.0;8309.1007426449
16.07.2025;21:40:00;8359.6;8359.7;8358.0;8358.0;138.0;8310.0097352185
16.07.2025;21:50:00;8357.5;8358.0;8351.4;8353.1;794.0;8310.9096378663
16.07.2025;22:00:00;8351.1;8351.1;8343.8;8343.8;501.0;8311.8005414876
16.07.2025;22:10:00;8343.4;8345.0;8340.5;8345.0;1225.0;8312.6825360727
16.07.2025;22:20:00;8345.8;8347.9;8343.7;8343.7;216.0;8313.555710712
16.07.2025;22:30:00;8345.8;8346.0;8343.1;8344.3;97.0;8314.4201536049
16.07.2025;22:40:00;8343.9;8352.7;8343.9;8349.1;929.0;8315.2759520688
16.07.2025;22:50:00;8349.1;8351.1;8346.7;8346.7;165.0;8316.1231925481
16.07.2025;23:00:00;8347.3;8348.4;8344.7;8346.9;77.0;8316.9619606227
16.07.2025;23:10:00;8346.1;8347.0;8346.1;8347.0;13.0;8317.7923410164
16.07.2025;23:20:00;8350.0;8355.7;8348.6;8353.1;471.0;8318.6144176063
16.07.2025;23:30:00;8353.1;8353.1;8345.2;8345.2;152.0;8319.4282734302
16.07.2025;23:40:00;8345.2;8353.4;8345.0;8349.0;201.0;8320.2339906959
17.07.2025;08:50:00;8346.0;8346.0;8346.0;8346.0;10.0;8321.0316507889
17.07.2025;09:00:00;8344.7;8344.7;8332.1;8332.9;2739.0;8321.8213342811
17.07.2025;09:10:00;8332.9;8333.4;8314.1;8317.5;3981.0;8400.0
17.07.2025;09:20:00;8315.0;8316.4;8308.5;8314.3;4718.0;8398.282
17.07.2025;09:30:00;8315.0;8318.7;8312.4;8314.0;1388.0;8397.38418
17.07.2025;09:40:00;8315.3;8322.4;8314.5;8322.4;910.0;8396.4953382
17.07.2025;09:50:00;8322.8;8330.0;8322.8;8329.9;691.0;8395.615384818
17.07.2025;10:00:00;8327.6;8335.2;8321.3;8327.6;4662.0;8394.7442309698
17.07.2025;10:10:00;8326.8;8358.9;8326.8;8330.4;8954.0;8393.8817886601
17.07.2025;10:20:00;8330.5;8330.5;8316.2;8317.8;4550.0;8393.0279707735
17.07.2025;10:30:00;8319.1;8322.0;8312.3;8318.3;3049.0;8392.1826910658
17.07.2025;10:40:00;8316.5;8318.7;8312.0;8312.0;3546.0;8391.3458641551
17.07.2025;10:50:00;8312.0;8312.0;8301.7;8304.9;4387.0;8390.5174055136
17.07.2025;11:00:00;8304.9;8309.6;8301.0;8302.4;5499.0;8389.6292314584
17.07.2025;11:10:00;8302.0;8309.5;8301.6;8306.3;2677.0;8388.7429391439
17.07.2025;11:20:00;8306.9;8319.0;8306.9;8315.4;2442.0;8387.8655097524
17.07.2025;11:30:00;8317.8;8321.0;8313.6;8317.9;3165.0;8386.9968546549
17.07.2025;11:40:00;8317.2;8320.8;8313.0;8320.8;1729.0;8386.1368861083
17.07.2025;11:50:00;8320.6;8321.0;8313.1;8314.2;5245.0;8385.2855172473
17.07.2025;12:00:00;8314.2;8319.0;8313.5;8314.6;7762.0;8384.4426620748
17.07.2025;12:10:00;8314.9;8321.6;8307.1;8321.6;7270.0;8383.608235454
17.07.2025;12:20:00;8321.6;8326.5;8313.5;8315.5;16587.0;8382.7821530995
17.07.2025;12:30:00;8315.2;8317.7;8313.3;8315.3;446.0;8381.9643315685
17.07.2025;12:40:00;8315.4;8315.4;8307.9;8308.2;4210.0;8381.1546882528
17.07.2025;12:50:00;8308.3;8311.0;8307.3;8308.9;4131.0;8380.3531413703
17.07.2025;13:00:00;8309.0;8314.1;8308.0;8308.7;2419.0;8379.5596099566
17.07.2025;13:10:00;8308.7;8309.9;8305.6;8308.3;2173.0;8378.774013857
17.07.2025;13:20:00;8308.3;8309.4;8306.1;8308.2;1660.0;8377.9962737185
17.07.2025;13:30:00;8308.5;8314.0;8308.5;8313.2;925.0;8377.2263109813
17.07.2025;13:40:00;8312.1;8318.2;8312.1;8318.2;1777.0;8376.4640478715
17.07.2025;13:50:00;8318.2;8319.7;8311.4;8317.5;4206.0;8375.7094073927
17.07.2025;14:00:00;8317.5;8318.8;8311.4;8316.4;634.0;8374.9623133188
17.07.2025;14:10:00;8315.6;8315.6;8309.0;8309.2;916.0;8374.2226901856
17.07.2025;14:20:00;8312.2;8312.2;8308.7;8309.9;1029.0;8373.4904632838
17.07.2025;14:30:00;8310.8;8311.0;8306.8;8307.2;1192.0;8372.7655586509
17.07.2025;14:40:00;8307.2;8309.2;8304.6;8306.7;2313.0;8372.0479030644
17.07.2025;14:50:00;8305.2;8306.7;8298.0;8302.3;4225.0;8371.3374240338
17.07.2025;15:00:00;8304.4;8305.3;8299.4;8301.1;4471.0;8370.6040497934
17.07.2025;15:10:00;8301.5;8306.0;8297.5;8299.4;6914.0;8369.8780092955
17.07.2025;15:20:00;8298.3;8303.2;8298.0;8299.6;892.0;8369.1542292025
17.07.2025;15:30:00;8298.5;8301.7;8283.7;8286.1;29938.0;8368.4376869105
17.07.2025;15:40:00;8286.8;8286.8;8277.7;8281.3;10945.0;8367.5903100414
17.07.2025;15:50:00;8280.4;8282.0;8273.0;8278.0;9840.0;8366.691406941
17.07.2025;16:00:00;8278.9;8282.7;8274.7;8281.6;3816.0;8365.7544928716
17.07.2025;16:10:00;8282.3;8286.3;8275.9;8281.9;1812.0;8364.8269479429
17.07.2025;16:20:00;8281.9;8282.3;8272.8;8276.4;5607.0;8363.9086784634
17.07.2025;16:30:00;8275.5;8281.8;8266.1;8278.6;12714.0;8362.9975916788
17.07.2025;16:40:00;8278.2;8279.7;8270.1;8274.4;4057.0;8362.028615762
17.07.2025;16:50:00;8276.2;8285.3;8275.5;8281.0;1433.0;8361.0693296044
17.07.2025;17:00:00;8283.3;8285.3;8278.8;8281.2;2533.0;8360.1196363084
17.07.2025;17:10:00;8281.2;8292.0;8279.7;8289.9;1837.0;8359.1794399453
17.07.2025;17:20:00;8291.2;8296.0;8287.3;8295.2;2285.0;8358.2486455458
17.07.2025;17:30:00;8295.2;8313.6;8295.2;8310.1;6150.0;8357.3271590904
17.07.2025;17:40:00;8311.0;8322.2;8308.0;8311.9;3126.0;8356.4148874995
17.07.2025;17:50:00;8311.5;8317.2;8311.3;8314.1;2676.0;8355.5117386245
17.07.2025;18:00:00;8314.7;8319.3;8311.7;8314.1;2918.0;8354.6176212382
17.07.2025;18:10:00;8313.0;8317.8;8303.2;8310.2;2340.0;8353.7324450258
17.07.2025;18:20:00;8311.3;8324.7;8310.1;8322.4;4147.0;8352.8561205756
17.07.2025;18:30:00;8322.5;8324.5;8319.2;8320.2;2881.0;8351.9885593698
17.07.2025;18:40:00;8322.7;8324.5;8316.6;8316.6;747.0;8351.1296737761
17.07.2025;19:00:00;8322.4;8333.0;8322.3;8323.1;2270.0;8350.2793770384
17.07.2025;19:10:00;8323.7;8330.0;8323.2;8326.8;494.0;8349.437583268
17.07.2025;19:20:00;8329.9;8333.0;8328.5;8330.1;1265.0;8348.6042074353
17.07.2025;19:30:00;8330.6;8333.1;8329.5;8329.5;1129.0;8347.7791653609
17.07.2025;19:40:00;8329.0;8329.0;8323.8;8325.0;326.0;8346.9623737073
17.07.2025;19:50:00;8323.4;8324.8;8322.4;8322.4;782.0;8346.1537499703
17.07.2025;20:00:00;8321.5;8323.6;8318.3;8323.5;355.0;8345.3532124706
17.07.2025;20:10:00;8324.0;8324.9;8320.6;8322.1;339.0;8344.5606803459
17.07.2025;20:20:00;8324.9;8331.5;8323.7;8328.8;436.0;8343.7760735424
17.07.2025;20:30:00;8328.8;8329.9;8321.3;8323.6;243.0;8342.999312807
17.07.2025;20:40:00;8324.2;8324.4;8320.9;8324.0;82.0;8342.2303196789
17.07.2025;20:50:00;8324.0;8325.4;8322.1;8324.9;257.0;8341.4690164821
17.07.2025;21:00:00;8324.9;8325.5;8320.0;8320.0;300.0;8340.7153263173
17.07.2025;21:10:00;8323.9;8324.1;8321.5;8324.0;411.0;8339.9691730541
17.07.2025;21:20:00;8323.2;8324.1;8316.9;8316.9;2095.0;8339.2304813236
17.07.2025;21:30:00;8316.9;8321.1;8310.9;8321.1;1807.0;8338.4991765103
17.07.2025;21:40:00;8318.7;8322.8;8318.7;8320.9;95.0;8337.7751847452
17.07.2025;21:50:00;8319.8;8322.7;8319.8;8321.0;70.0;8337.0584328978
17.07.2025;22:00:00;8322.4;8324.3;8322.3;8324.3;52.0;8336.3488485688
17.07.2025;22:10:00;8324.3;8325.3;8322.9;8325.3;122.0;8335.6463600831
17.07.2025;22:20:00;8323.3;8324.6;8323.2;8323.4;64.0;8334.9508964823
17.07.2025;22:30:00;8321.5;8323.7;8321.4;8323.3;49.0;8334.2623875175
17.07.2025;22:40:00;8323.3;8325.0;8323.3;8325.0;713.0;8333.5807636423
17.07.2025;22:50:00;8324.5;8325.2;8324.5;8325.2;79.0;8332.9059560059
17.07.2025;23:00:00;8325.0;8325.0;8323.3;8323.4;94.0;8332.2378964458
17.07.2025;23:10:00;8323.4;8323.4;8321.6;8322.7;169.0;8331.5765174814
17.07.2025;23:20:00;8322.7;8323.4;8320.4;8323.3;492.0;8330.9217523065
17.07.2025;23:30:00;8323.3;8323.3;8320.4;8320.4;55.0;8330.2735347835
17.07.2025;23:40:00;8322.2;8340.0;8320.4;8320.4;804.0;8266.1
18.07.2025;08:50:00;8340.0;8340.0;8340.0;8340.0;23.0;8267.578
18.07.2025;09:00:00;8324.7;8350.0;8307.5;8319.2;1764.0;8269.02644
18.07.2025;09:10:00;8319.9;8330.8;8319.8;8330.2;498.0;8269.8361756
18.07.2025;09:20:00;8329.9;8329.9;8324.4;8328.3;329.0;8270.637813844
18.07.2025;09:30:00;8329.8;8333.1;8329.8;8333.1;364.0;8271.4314357056
18.07.2025;09:40:00;8332.1;8341.8;8330.3;8341.8;730.0;8272.2171213485
18.07.2025;09:50:00;8341.9;8345.0;8334.8;8341.9;2033.0;8272.994950135
18.07.2025;10:00:00;8342.5;8345.1;8323.9;8325.8;10623.0;8273.7650006337
18.07.2025;10:10:00;8326.0;8332.0;8325.1;8332.0;3321.0;8274.5273506273
18.07.2025;10:20:00;8332.0;8335.6;8331.0;8334.5;1361.0;8275.2820771211
18.07.2025;10:30:00;8334.1;8338.4;8332.0;8336.5;1814.0;8276.0292563498
18.07.2025;10:40:00;8337.8;8343.7;8336.4;8338.1;1707.0;8276.7689637863
18.07.2025;10:50:00;8338.8;8345.5;8337.1;8345.0;4452.0;8277.5012741485
18.07.2025;11:00:00;8344.7;8352.1;8343.5;8347.3;4991.0;8278.226261407
18.07.2025;11:10:00;8347.0;8347.6;8340.1;8344.3;1566.0;8278.9649987929
18.07.2025;11:20:00;8345.5;8349.9;8344.1;8345.9;2096.0;8279.696348805
18.07.2025;11:30:00;8347.6;8348.0;8343.8;8345.6;1712.0;8280.420385317
18.07.2025;11:40:00;8346.0;8348.5;8345.6;8348.5;302.0;8281.1371814638
18.07.2025;11:50:00;8346.5;8348.9;8345.9;8348.5;924.0;8281.8468096491
18.07.2025;12:00:00;8348.6;8367.8;8348.6;8362.2;5753.0;8282.5493415527
18.07.2025;12:10:00;8362.2;8363.0;8347.1;8353.3;2496.0;8283.4018481371
18.07.2025;12:20:00;8353.3;8358.7;8351.6;8356.9;1729.0;8284.2458296558
18.07.2025;12:30:00;8357.4;8362.7;8356.0;8361.2;4193.0;8285.0813713592
18.07.2025;12:40:00;8362.2;8362.4;8357.5;8357.6;3939.0;8285.9085576456
18.07.2025;12:50:00;8357.5;8362.0;8353.6;8359.0;2801.0;8286.7274720691
18.07.2025;13:00:00;8358.8;8360.4;8350.3;8356.3;2674.0;8287.5381973485
18.07.2025;13:10:00;8356.7;8369.4;8356.4;8361.3;5197.0;8288.340815375
18.07.2025;13:20:00;8362.1;8364.2;8357.4;8362.2;1473.0;8289.1514072212
18.07.2025;13:30:00;8361.3;8370.8;8359.9;8368.8;5761.0;8289.953893149
18.07.2025;13:40:00;8370.0;8373.0;8366.7;8371.3;2427.0;8290.7623542175
18.07.2025;13:50:00;8371.3;8371.9;8367.5;8371.9;2595.0;8291.5847306753
18.07.2025;14:00:00;8371.9;8384.5;8368.0;8382.4;13293.0;8292.3988833686
18.07.2025;14:10:00;8381.3;8382.7;8378.5;8382.0;5271.0;8293.3198945349
18.07.2025;14:20:00;8381.9;8390.9;8381.9;8386.5;10943.0;8294.2316955896
18.07.2025;14:30:00;8386.4;8389.1;8385.0;8385.0;1728.0;8295.1983786337
18.07.2025;14:40:00;8384.7;8390.4;8384.5;8387.4;3258.0;8296.1553948473
18.07.2025;14:50:00;8387.2;8389.9;8383.3;8383.7;10805.0;8297.1028408989
18.07.2025;15:00:00;8385.9;8390.6;8378.1;8381.2;8883.0;8298.0408124899
18.07.2025;15:10:00;8381.1;8388.5;8380.6;8386.6;3335.0;8298.969404365
18.07.2025;15:20:00;8384.8;8388.4;8380.3;8385.7;3759.0;8299.8887103213
18.07.2025;15:30:00;8385.8;8394.4;8385.2;8393.8;6052.0;8300.7988232181
18.07.2025;15:40:00;8394.3;8413.7;8394.3;8401.0;11253.0;8301.7348349859
18.07.2025;15:50:00;8400.6;8407.0;8400.6;8405.4;5044.0;8302.8544866361
18.07.2025;16:00:00;8406.8;8409.1;8400.8;8409.1;9193.0;8303.9629417697
18.07.2025;16:10:00;8409.0;8419.1;8406.8;8415.2;8243.0;8305.060312352
18.07.2025;16:20:00;8414.1;8416.0;8401.3;8409.4;9750.0;8306.2007092285
18.07.2025;16:30:00;8411.1;8411.1;8389.3;8397.3;5010.0;8307.3297021362
18.07.2025;16:40:00;8398.0;8409.0;8398.0;8401.2;3813.0;8308.4474051148
18.07.2025;16:50:00;8402.9;8406.1;8395.8;8395.8;4464.0;8309.5539310637
18.07.2025;17:00:00;8395.8;8401.8;8389.9;8397.0;2892.0;8310.6493917531
18.07.2025;17:10:00;8399.8;8401.2;8389.2;8395.5;3524.0;8311.7338978355
18.07.2025;17:20:00;8396.1;8396.7;8390.4;8390.7;3759.0;8312.8075588572
18.07.2025;17:30:00;8390.6;8395.9;8383.1;8384.1;4567.0;8313.8704832686
18.07.2025;17:40:00;8384.9;8395.5;8383.3;8395.5;4080.0;8314.9227784359
18.07.2025;17:50:00;8395.4;8399.4;8391.8;8394.0;3051.0;8315.9645506515
18.07.2025;18:00:00;8394.0;8395.7;8390.0;8390.2;640.0;8316.995905145
18.07.2025;18:10:00;8390.5;8397.0;8386.9;8396.8;2011.0;8318.0169460936
18.07.2025;18:20:00;8395.8;8397.0;8390.3;8390.4;1494.0;8319.0277766326
18.07.2025;18:30:00;8391.8;8391.9;8379.7;8385.7;1898.0;8320.0284988663
18.07.2025;18:40:00;8385.7;8395.6;8383.7;8385.0;1352.0;8321.0192138777
18.07.2025;19:00:00;8395.6;8409.1;8390.0;8402.3;871.0;8322.0000217389
18.07.2025;19:10:00;8402.3;8402.4;8391.1;8396.5;467.0;8322.9710215215
18.07.2025;19:20:00;8396.9;8405.8;8396.5;8403.9;1468.0;8323.9323113063
18.07.2025;19:30:00;8403.9;8410.0;8402.5;8405.0;1373.0;8324.8839881932
18.07.2025;19:40:00;8404.3;8407.5;8402.3;8405.6;512.0;8325.8261483113
18.07.2025;19:50:00;8405.0;8405.0;8398.5;8400.9;1217.0;8326.7588868282
18.07.2025;20:00:00;8399.9;8401.2;8392.2;8396.3;1155.0;8327.6822979599
18.07.2025;20:10:00;8395.6;8397.5;8395.3;8397.5;82.0;8328.5964749803
18.07.2025;20:20:00;8396.2;8397.9;8392.4;8392.4;537.0;8329.5015102305
18.07.2025;20:30:00;8394.0;8394.0;8394.0;8394.0;12.0;8330.3974951282
18.07.2025;20:40:00;8393.7;8393.7;8389.5;8389.5;280.0;8331.2845201769
18.07.2025;20:50:00;8391.2;8391.2;8388.3;8388.3;211.0;8332.1626749751
18.07.2025;21:00:00;8391.2;8394.4;8391.2;8393.1;77.0;8333.0320482254
18.07.2025;21:10:00;8393.0;8393.0;8388.5;8389.3;168.0;8333.8927277431
18.07.2025;21:20:00;8388.0;8392.3;8386.6;8392.3;549.0;8334.7448004657
18.07.2025;21:30:00;8391.9;8393.7;8389.6;8393.7;67.0;8335.588352461
18.07.2025;21:40:00;8392.1;8393.6;8392.1;8393.3;40.0;8336.4234689364
18.07.2025;21:50:00;8393.3;8394.5;8392.4;8393.0;65.0;8337.2502342471
18.07.2025;22:00:00;8393.7;8397.0;8391.5;8392.0;292.0;8338.0687319046
18.07.2025;22:10:00;8394.6;8398.8;8394.6;8397.8;56.0;8338.8790445855
18.07.2025;22:20:00;8397.4;8399.0;8397.0;8399.0;347.0;8339.6812541397
18.07.2025;22:30:00;8399.9;8399.9;8390.5;8392.2;452.0;8340.4754415983
18.07.2025;22:40:00;8395.8;8395.9;8386.0;8393.0;846.0;8341.2616871823
18.07.2025;22:50:00;8390.1;8394.0;8387.6;8390.7;241.0;8342.0400703105
18.07.2025;23:00:00;8390.1;8390.8;8385.6;8389.0;650.0;8342.8106696074
18.07.2025;23:10:00;8389.0;8396.3;8389.0;8394.3;251.0;8343.5735629113
18.07.2025;23:20:00;8396.2;8396.3;8391.6;8393.0;94.0;8344.3288272822
18.07.2025;23:30:00;8394.3;8395.8;8391.7;8395.6;187.0;8345.0765390094
18.07.2025;23:40:00;8395.6;8395.6;8382.0;8382.0;212.0;8345.8167736193
21.07.2025;08:50:00;8410.0;8410.0;8410.0;8410.0;163.0;8346.5496058831
21.07.2025;09:00:00;8410.4;8425.2;8408.2;8420.1;4570.0;8347.2751098243
21.07.2025;09:10:00;8420.1;8420.3;8409.2;8411.0;2844.0;8348.054358726
21.07.2025;09:20:00;8410.9;8420.0;8409.3;8418.9;1317.0;8348.8258151388
21.07.2025;09:30:00;8418.9;8423.8;8418.9;8422.9;528.0;8349.5895569874
21.07.2025;09:40:00;8423.0;8423.8;8420.3;8420.3;636.0;8350.3456614175
21.07.2025;09:50:00;8422.0;8422.0;8413.0;8413.0;890.0;8351.0942048033
21.07.2025;10:00:00;8412.8;8416.2;8404.2;8405.3;5029.0;8351.8352627553
21.07.2025;10:10:00;8404.3;8404.3;8392.9;8392.9;1671.0;8352.5689101277
21.07.2025;10:20:00;8392.9;8398.2;8390.0;8394.2;3620.0;8353.2952210265
21.07.2025;10:30:00;8394.6;8396.8;8390.3;8396.8;1558.0;8354.0142688162
21.07.2025;10:40:00;8392.3;8397.9;8390.7;8394.6;368.0;8354.726126128
21.07.2025;10:50:00;8394.6;8395.7;8392.6;8395.7;832.0;8355.4308648667
21.07.2025;11:00:00;8393.3;8395.2;8387.6;8394.4;858.0;8356.1285562181
21.07.2025;11:10:00;8394.4;8394.8;8387.6;8390.2;1257.0;8356.8192706559
21.07.2025;11:20:00;8387.4;8387.4;8381.8;8386.8;872.0;8357.5030779493
21.07.2025;11:30:00;8387.5;8390.2;8385.5;8388.0;813.0;8358.1800471698
21.07.2025;11:40:00;8386.3;8392.2;8385.6;8391.3;852.0;8358.8502466981
21.07.2025;11:50:00;8390.8;8392.3;8389.1;8390.1;187.0;8359.5137442312
21.07.2025;12:00:00;8390.1;8392.5;8387.8;8392.4;1031.0;8360.1706067889
21.07.2025;12:10:00;8390.7;8392.7;8389.3;8392.0;1335.0;8360.820900721
21.07.2025;12:20:00;8393.0;8394.0;8390.1;8390.9;1157.0;8361.4646917138
21.07.2025;12:30:00;8390.1;8391.0;8389.0;8391.0;2170.0;8362.1020447966
21.07.2025;12:40:00;8390.2;8391.9;8388.0;8389.5;1917.0;8362.7330243487
21.07.2025;12:50:00;8389.5;8390.7;8382.1;8390.7;3938.0;8363.3576941052
21.07.2025;13:00:00;8390.1;8393.4;8386.6;8388.1;735.0;8363.9761171641
21.07.2025;13:10:00;8388.2;8391.6;8383.2;8384.9;1339.0;8364.5883559925
21.07.2025;13:20:00;8384.9;8388.8;8382.2;8388.1;383.0;8365.1944724325
21.07.2025;13:30:00;8386.4;8389.0;8381.8;8386.6;808.0;8365.7945277082
21.07.2025;13:40:00;8386.6;8386.6;8373.2;8375.2;1124.0;8366.3885824311
21.07.2025;13:50:00;8374.5;8381.7;8373.0;8381.7;3143.0;8366.9766966068
21.07.2025;14:00:00;8382.6;8385.1;8378.4;8378.8;1436.0;8367.5589296408
21.07.2025;14:10:00;8378.9;8394.9;8378.9;8390.2;1712.0;8368.1353403444
21.07.2025;14:20:00;8391.0;8396.3;8389.3;8395.5;1035.0;8368.7059869409
21.07.2025;14:30:00;8395.0;8395.0;8391.1;8391.1;108.0;8369.2709270715
21.07.2025;14:40:00;8392.4;8397.6;8392.1;8394.6;603.0;8369.8302178008
21.07.2025;14:50:00;8394.4;8400.9;8392.8;8400.9;1203.0;8370.3839156228
21.07.2025;15:00:00;8400.2;8406.7;8400.1;8406.5;1669.0;8370.9320764665
21.07.2025;15:10:00;8406.4;8408.8;8400.9;8408.7;1317.0;8371.4747557019
21.07.2025;15:20:00;8408.7;8419.1;8408.4;8415.2;3155.0;8372.0120081449
21.07.2025;15:30:00;8415.3;8419.9;8413.9;8418.0;4843.0;8372.5438880634
21.07.2025;15:40:00;8417.9;8418.6;8412.6;8415.4;2641.0;8373.0704491828
21.07.2025;15:50:00;8414.4;8419.0;8412.3;8415.7;4196.0;8373.591744691
21.07.2025;16:00:00;8416.8;8421.5;8411.1;8417.5;5571.0;8374.107827244
21.07.2025;16:10:00;8417.5;8419.9;8412.9;8419.9;5061.0;8374.6187489716
21.07.2025;16:20:00;8419.8;8420.6;8413.4;8413.4;1341.0;8375.1245614819
21.07.2025;16:30:00;8413.0;8420.0;8407.0;8420.0;1949.0;8375.6253158671
21.07.2025;16:40:00;8419.7;8429.5;8417.3;8426.6;7798.0;8376.1210627084
21.07.2025;16:50:00;8428.1;8428.9;8419.9;8420.2;2105.0;8376.6548520813
21.07.2025;17:00:00;8420.2;8426.0;8412.2;8425.2;4925.0;8377.1833035605
21.07.2025;17:10:00;8426.0;8436.4;8426.0;8434.0;10043.0;8377.7064705249
21.07.2025;17:20:00;8434.0;8440.5;8434.0;8440.0;3496.0;8378.2934058196
21.07.2025;17:30:00;8440.0;8445.0;8439.0;8443.8;3759.0;8378.9154717614
21.07.2025;17:40:00;8443.8;8449.1;8443.7;8449.0;8749.0;8379.5763170438
21.07.2025;17:50:00;8447.9;8459.8;8447.9;8459.0;10170.0;8380.2715538734
21.07.2025;18:00:00;8458.7;8467.0;8444.6;8448.9;12078.0;8381.0668383347
21.07.2025;18:10:00;8447.9;8451.1;8445.0;8447.5;2641.0;8381.9261699513
21.07.2025;18:20:00;8447.5;8455.0;8447.4;8454.6;1952.0;8382.7769082518
21.07.2025;18:30:00;8454.0;8459.9;8439.0;8442.9;2911.0;8383.6191391693
21.07.2025;18:40:00;8440.1;8443.1;8438.0;8439.0;1202.0;8384.4529477776
21.07.2025;19:00:00;8437.8;8444.1;8416.4;8440.2;1671.0;8385.2784182998
21.07.2025;19:10:00;8440.9;8445.5;8440.2;8443.8;498.0;8386.0956341168
21.07.2025;19:20:00;8443.8;8445.4;8441.2;8443.0;423.0;8386.9046777757
21.07.2025;19:30:00;8441.4;8445.3;8440.0;8440.0;848.0;8387.7056309979
21.07.2025;19:40:00;8442.4;8442.4;8437.0;8437.0;219.0;8388.4985746879
21.07.2025;19:50:00;8438.4;8439.9;8437.2;8439.9;173.0;8389.283588941
21.07.2025;20:00:00;8439.9;8440.1;8437.0;8437.0;187.0;8390.0607530516
21.07.2025;20:10:00;8437.0;8438.6;8437.0;8437.0;104.0;8390.8301455211
21.07.2025;20:20:00;8437.0;8438.6;8437.0;8437.1;120.0;8391.5918440659
21.07.2025;20:30:00;8436.8;8437.5;8436.0;8436.9;230.0;8392.3459256252
21.07.2025;20:40:00;8436.0;8441.1;8436.0;8441.1;247.0;8393.092466369
21.07.2025;20:50:00;8440.5;8440.5;8437.0;8437.0;230.0;8393.8315417053
21.07.2025;21:00:00;8437.0;8439.1;8437.0;8437.0;93.0;8394.5632262882
21.07.2025;21:10:00;8437.0;8437.8;8436.1;8437.1;411.0;8395.2875940254
21.07.2025;21:20:00;8437.1;8438.5;8433.5;8435.0;723.0;8396.0047180851
21.07.2025;21:30:00;8435.9;8437.4;8434.2;8437.0;219.0;8396.7146709043
21.07.2025;21:40:00;8437.0;8437.0;8435.1;8435.1;146.0;8397.4175241952
21.07.2025;21:50:00;8434.3;8437.7;8434.3;8435.3;71.0;8398.1133489533
21.07.2025;22:00:00;8435.6;8436.7;8435.4;8436.2;48.0;8398.8022154637
21.07.2025;22:10:00;8437.0;8441.1;8436.4;8441.1;90.0;8399.4841933091
21.07.2025;22:20:00;8440.4;8440.9;8439.1;8439.5;90.0;8400.159351376
21.07.2025;22:30:00;8439.5;8441.6;8439.5;8441.6;98.0;8400.8277578622
21.07.2025;22:40:00;8441.5;8441.5;8439.9;8441.3;17.0;8401.4894802836
21.07.2025;22:50:00;8439.9;8441.2;8439.5;8441.2;106.0;8402.1445854808
21.07.2025;23:00:00;8438.7;8439.5;8437.4;8439.5;74.0;8402.793139626
21.07.2025;23:10:00;8439.5;8439.5;8438.3;8439.4;52.0;8403.4352082297
21.07.2025;23:20:00;8439.5;8441.2;8439.4;8440.0;265.0;8404.0708561474
21.07.2025;23:30:00;8440.0;8441.1;8440.0;8441.1;12.0;8404.7001475859
21.07.2025;23:40:00;8440.3;8445.9;8440.2;8445.9;489.0;8405.3231461101
22.07.2025;08:50:00;8425.0;8425.0;8425.0;8425.0;549.0;8405.939914649
22.07.2025;09:00:00;8424.1;8432.5;8422.9;8430.1;1800.0;8406.5505155025
22.07.2025;09:10:00;8430.0;8433.5;8425.1;8433.5;1806.0;8407.1550103475
22.07.2025;09:20:00;8434.1;8441.8;8430.7;8431.1;1159.0;8407.753460244
22.07.2025;09:30:00;8430.0;8432.9;8427.3;8427.3;379.0;8408.3459256416
22.07.2025;09:40:00;8427.7;8431.0;8427.6;8429.3;700.0;8408.9324663851
22.07.2025;09:50:00;8430.6;8431.9;8426.0;8426.0;422.0;8409.5131417213
22.07.2025;10:00:00;8427.4;8430.1;8417.7;8421.0;3097.0;8410.0880103041
22.07.2025;10:10:00;8421.0;8424.6;8415.0;8422.1;3820.0;8410.657130201
22.07.2025;10:20:00;8424.0;8424.9;8419.8;8422.0;646.0;8411.220558899
22.07.2025;10:30:00;8422.1;8428.1;8422.1;8423.0;3957.0;8411.77835331
22.07.2025;10:40:00;8423.0;8425.0;8420.4;8424.9;901.0;8412.3305697769
22.07.2025;10:50:00;8425.0;8425.2;8417.0;8417.5;3518.0;8412.8772640792
22.07.2025;11:00:00;8417.4;8418.0;8414.8;8415.7;5591.0;8413.4184914384
22.07.2025;11:10:00;8417.9;8420.0;8415.0;8420.0;4649.0;8413.954306524
22.07.2025;11:20:00;8420.0;8423.4;8419.4;8421.6;830.0;8414.4847634587
22.07.2025;11:30:00;8423.7;8424.5;8420.7;8423.6;322.0;8415.0
22.07.2025;11:40:00;8424.2;8427.0;8421.7;8424.8;2228.0;8415.52
22.07.2025;11:50:00;8426.5;8431.0;8424.6;8429.2;3737.0;8416.0348
22.07.2025;12:00:00;8427.1;8430.0;8427.0;8429.7;2032.0;8416.544452
22.07.2025;12:10:00;8429.7;8430.7;8424.5;8425.0;4808.0;8417.04900748
22.07.2025;12:20:00;8426.1;8427.4;8418.9;8422.5;810.0;8417.5485174052
22.07.2025;12:30:00;8422.0;8424.0;8421.9;8423.1;2127.0;8418.0430322311
22.07.2025;12:40:00;8423.1;8426.5;8422.1;8426.0;1636.0;8418.5326019088
22.07.2025;12:50:00;8425.5;8440.0;8425.3;8438.2;2355.0;8419.0172758897
22.07.2025;13:00:00;8438.5;8443.1;8436.6;8439.5;1651.0;8419.4971031309
22.07.2025;13:10:00;8439.9;8440.0;8430.3;8432.2;2122.0;8419.9721320995
22.07.2025;13:20:00;8433.3;8437.2;8430.5;8434.7;10498.0;8420.4424107785
22.07.2025;13:30:00;8435.9;8441.0;8435.9;8438.0;6270.0;8420.9079866708
22.07.2025;13:40:00;8438.0;8439.5;8433.0;8435.8;7237.0;8421.3689068041
22.07.2025;13:50:00;8435.8;8435.8;8426.1;8426.1;1576.0;8421.825217736
22.07.2025;14:00:00;8432.0;8435.0;8428.4;8434.8;1274.0;8422.2769655587
22.07.2025;14:10:00;8435.2;8438.7;8433.4;8437.0;5485.0;8422.7241959031
22.07.2025;14:20:00;8436.1;8436.9;8434.4;8434.9;777.0;8423.166953944
22.07.2025;14:30:00;8435.4;8442.0;8435.4;8441.4;5888.0;8423.6052844046
22.07.2025;14:40:00;8441.4;8447.8;8440.9;8446.9;8996.0;8424.0392315606
22.07.2025;14:50:00;8446.9;8450.0;8443.1;8446.6;6017.0;8424.4688392449
22.07.2025;15:00:00;8446.6;8456.4;8446.6;8453.4;8942.0;8424.8941508525
22.07.2025;15:10:00;8455.7;8459.1;8452.3;8457.5;3569.0;8425.315209344
22.07.2025;15:20:00;8457.5;8469.3;8456.4;8467.0;13183.0;8425.7320572505
22.07.2025;15:30:00;8467.2;8467.2;8453.1;8456.0;3013.0;8426.167736678
22.07.2025;15:40:00;8454.2;8467.8;8454.2;8462.3;2483.0;8426.5990593112
22.07.2025;15:50:00;8460.5;8463.0;8455.6;8462.6;5607.0;8427.0260687181
22.07.2025;16:00:00;8462.6;8477.2;8462.5;8476.1;9049.0;8427.448808031
22.07.2025;16:10:00;8476.4;8482.6;8464.8;8479.4;24488.0;8427.9463199506
22.07.2025;16:20:00;8480.1;8484.2;8479.6;8484.0;2415.0;8428.4928567511
22.07.2025;16:30:00;8483.9;8484.7;8477.3;8478.5;5073.0;8429.0499281836
22.07.2025;16:40:00;8478.7;8485.7;8478.7;8483.3;11276.0;8429.6064289018
22.07.2025;16:50:00;8484.8;8493.1;8483.0;8484.2;6262.0;8430.1673646128
22.07.2025;17:00:00;8484.6;8490.7;8473.4;8489.3;9671.0;8430.7966909666
22.07.2025;17:10:00;8486.2;8498.0;8486.2;8495.0;4320.0;8431.419724057
22.07.2025;17:20:00;8494.8;8510.9;8494.0;8507.5;8176.0;8432.0855268164
22.07.2025;17:30:00;8507.5;8515.8;8507.1;8513.2;16512.0;8432.8736715482
22.07.2025;17:40:00;8514.6;8517.7;8509.4;8516.4;5373.0;8433.7029348328
22.07.2025;17:50:00;8516.6;8517.1;8510.9;8516.1;2995.0;8434.5429054844
22.07.2025;18:00:00;8516.2;8521.0;8509.5;8515.0;17440.0;8435.3744764296
22.07.2025;18:10:00;8511.0;8519.1;8509.3;8517.5;12059.0;8436.2307316653
22.07.2025;18:20:00;8517.4;8522.2;8515.9;8520.0;8552.0;8437.0784243486
22.07.2025;18:30:00;8520.5;8521.0;8517.1;8518.7;3001.0;8437.9296401051
22.07.2025;18:40:00;8518.7;8522.0;8516.0;8521.0;2323.0;8438.7723437041
22.07.2025;19:00:00;8520.3;8529.9;8517.8;8529.1;2004.0;8439.6066202671
22.07.2025;19:10:00;8528.7;8535.6;8528.6;8531.7;3982.0;8440.5095540644
22.07.2025;19:20:00;8530.3;8535.8;8527.9;8530.0;3712.0;8441.4604585237
22.07.2025;19:30:00;8531.8;8541.1;8530.0;8541.0;3163.0;8442.4038539385
22.07.2025;19:40:00;8541.0;8541.1;8536.5;8536.5;1138.0;8443.3908153991
22.07.2025;19:50:00;8537.0;8539.8;8535.9;8538.3;564.0;8444.3679072451
22.07.2025;20:00:00;8538.1;8540.0;8537.0;8537.0;403.0;8445.3352281727
22.07.2025;20:10:00;8537.0;8537.0;8530.0;8532.5;1111.0;8446.2928758909
22.07.2025;20:20:00;8532.5;8536.6;8532.5;8532.8;428.0;8447.240947132
22.07.2025;20:30:00;8532.8;8535.0;8532.7;8533.3;216.0;8448.1795376607
22.07.2025;20:40:00;8533.2;8536.4;8530.6;8530.6;1062.0;8449.1087422841
22.07.2025;20:50:00;8530.5;8533.0;8530.1;8531.5;478.0;8450.0286548613
22.07.2025;21:00:00;8531.5;8532.7;8530.0;8530.0;408.0;8450.9393683127
22.07.2025;21:10:00;8530.1;8537.1;8530.0;8535.0;833.0;8451.8409746295
22.07.2025;21:20:00;8536.8;8538.9;8535.0;8537.9;270.0;8452.7335648832
22.07.2025;21:30:00;8537.0;8537.1;8535.0;8535.6;141.0;8453.6172292344
22.07.2025;21:40:00;8535.0;8537.0;8535.0;8535.0;72.0;8454.4920569421
22.07.2025;21:50:00;8536.4;8536.4;8530.0;8530.0;365.0;8455.3581363726
22.07.2025;22:00:00;8530.8;8531.1;8530.2;8531.1;95.0;8456.2155550089
22.07.2025;22:10:00;8530.2;8534.0;8530.0;8534.0;197.0;8457.0643994588
22.07.2025;22:20:00;8534.0;8534.7;8533.1;8533.5;172.0;8457.9047554642
22.07.2025;22:30:00;8533.6;8533.8;8529.7;8531.3;628.0;8458.7367079096
22.07.2025;22:40:00;8530.8;8532.0;8530.5;8532.0;132.0;8459.5603408305
22.07.2025;22:50:00;8531.5;8531.5;8529.4;8529.5;312.0;8460.3757374222
22.07.2025;23:00:00;8529.1;8532.5;8527.0;8532.5;439.0;8461.182980048
22.07.2025;23:10:00;8532.3;8534.5;8530.6;8530.8;566.0;8461.9821502475
22.07.2025;23:20:00;8532.0;8532.0;8530.4;8532.0;228.0;8462.773328745
22.07.2025;23:30:00;8531.7;8533.7;8530.7;8532.3;376.0;8463.5565954576
22.07.2025;23:40:00;8532.3;8532.3;8524.9;8525.5;618.0;8464.332029503
23.07.2025;08:50:00;8517.9;8517.9;8517.9;8517.9;81.0;8465.099709208
23.07.2025;09:00:00;8515.8;8519.7;8505.8;8519.7;1700.0;8465.8597121159
23.07.2025;09:10:00;8519.1;8524.9;8518.0;8524.9;261.0;8466.6121149947
23.07.2025;09:20:00;8524.9;8550.0;8523.0;8537.2;2861.0;8467.3569938448
23.07.2025;09:30:00;8539.9;8549.5;8533.9;8535.0;1059.0;8468.1834239063
23.07.2025;09:40:00;8535.1;8538.9;8532.6;8536.9;673.0;8469.0015896673
23.07.2025;09:50:00;8536.7;8539.7;8533.3;8534.5;446.0;8469.8115737706
23.07.2025;10:00:00;8535.0;8536.7;8521.3;8529.7;7397.0;8470.6134580329
23.07.2025;10:10:00;8530.5;8535.5;8529.8;8535.1;6906.0;8471.4073234526
23.07.2025;10:20:00;8535.0;8535.4;8529.5;8531.7;14943.0;8472.193250218
23.07.2025;10:30:00;8531.8;8533.4;8522.1;8524.7;5339.0;8472.9713177159
23.07.2025;10:40:00;8525.3;8528.4;8520.3;8520.3;4644.0;8473.7416045387
23.07.2025;10:50:00;8520.2;8523.6;8518.0;8522.2;9008.0;8474.5041884933
23.07.2025;11:00:00;8522.3;8527.7;8522.3;8526.2;2106.0;8475.2591466084
23.07.2025;11:10:00;8526.6;8537.6;8525.0;8537.4;2405.0;8476.0065551423
23.07.2025;11:20:00;8538.0;8541.7;8527.6;8528.6;5261.0;8476.7464895909
23.07.2025;11:30:00;8528.9;8537.0;8528.6;8537.0;1360.0;8477.479024695
23.07.2025;11:40:00;8536.1;8537.0;8530.0;8530.3;1034.0;8478.204234448
23.07.2025;11:50:00;8531.7;8537.0;8530.0;8537.0;3230.0;8478.9221921035
23.07.2025;12:00:00;8536.6;8539.4;8535.0;8536.6;3487.0;8479.6329701825
23.07.2025;12:10:00;8536.1;8536.1;8530.0;8530.5;2500.0;8480.3366404807
23.07.2025;12:20:00;8530.5;8537.4;8530.0;8536.0;4056.0;8481.0332740759
23.07.2025;12:30:00;8536.6;8540.0;8532.6;8539.0;3288.0;8481.7229413351
23.07.2025;12:40:00;8539.0;8540.0;8537.0;8539.0;1402.0;8482.4057119217
23.07.2025;12:50:00;8538.2;8541.0;8538.0;8540.6;1573.0;8483.0816548025
23.07.2025;13:00:00;8538.9;8541.8;8532.7;8532.7;917.0;8483.7508382545
23.07.2025;13:10:00;8534.0;8535.6;8527.9;8528.9;1186.0;8484.413329872
23.07.2025;13:20:00;8530.4;8530.9;8527.8;8529.2;639.0;8485.0691965732
23.07.2025;13:30:00;8529.2;8532.6;8527.7;8532.3;3003.0;8485.7185046075
23.07.2025;13:40:00;8531.6;8531.7;8529.1;8530.9;2220.0;8486.3613195614
23.07.2025;13:50:00;8530.1;8532.7;8529.2;8530.0;1738.0;8486.9977063658
23.07.2025;14:00:00;8532.7;8533.9;8527.0;8527.0;3695.0;8487.6277293022
23.07.2025;14:10:00;8527.3;8529.6;8526.0;8526.7;1466.0;8488.2514520091
23.07.2025;14:20:00;8527.8;8537.4;8527.0;8537.4;4499.0;8488.868937489
23.07.2025;14:30:00;8537.7;8542.5;8535.8;8541.8;3271.0;8489.4802481142
23.07.2025;14:40:00;8539.8;8542.5;8536.3;8540.1;3063.0;8490.085445633
23.07.2025;14:50:00;8539.1;8543.8;8538.3;8543.8;2199.0;8490.6845911767
23.07.2025;15:00:00;8543.8;8544.3;8533.9;8536.0;3819.0;8491.2777452649
23.07.2025;15:10:00;8536.0;8538.3;8531.6;8536.6;2661.0;8491.8649678123
23.07.2025;15:20:00;8535.8;8539.1;8524.8;8528.0;3664.0;8492.4463181341
23.07.2025;15:30:00;8528.9;8540.1;8526.1;8529.4;3739.0;8493.0218549528
23.07.2025;15:40:00;8529.9;8531.7;8526.0;8526.1;1601.0;8493.5916364033
23.07.2025;15:50:00;8526.5;8527.8;8524.0;8525.1;6250.0;8494.1557200392
23.07.2025;16:00:00;8525.1;8525.3;8507.3;8513.1;9130.0;8494.7141628389
23.07.2025;16:10:00;8513.2;8515.0;8508.2;8511.9;3469.0;8495.2670212105
23.07.2025;16:20:00;8510.3;8514.8;8506.0;8507.9;8016.0;8495.8143509984
23.07.2025;16:30:00;8507.9;8509.1;8494.5;8496.9;5464.0;8550.0
23.07.2025;16:40:00;8496.7;8507.4;8496.7;8505.8;3817.0;8548.89
23.07.2025;16:50:00;8506.2;8512.1;8502.1;8502.3;4314.0;8547.8022
23.07.2025;17:00:00;8501.9;8521.0;8501.0;8517.7;2775.0;8546.736156
23.07.2025;17:10:00;8517.4;8517.8;8508.3;8511.3;4458.0;8545.69143288
23.07.2025;17:20:00;8511.3;8512.4;8506.4;8507.8;2564.0;8544.6676042224
23.07.2025;17:30:00;8508.0;8519.6;8505.5;8517.2;992.0;8543.664252138
23.07.2025;17:40:00;8517.3;8521.3;8509.0;8509.8;1366.0;8542.6809670952
23.07.2025;17:50:00;8509.0;8515.3;8505.5;8507.2;390.0;8541.7173477533
23.07.2025;18:00:00;8508.5;8512.1;8505.5;8510.6;513.0;8540.7730007982
23.07.2025;18:10:00;8510.5;8512.3;8501.2;8503.9;1136.0;8539.8475407823
23.07.2025;18:20:00;8503.3;8507.8;8498.9;8500.4;2159.0;8538.9405899666
23.07.2025;18:30:00;8500.3;8502.3;8495.8;8497.9;2162.0;8538.0517781673
23.07.2025;18:40:00;8497.5;8503.3;8488.3;8489.6;4719.0;8537.1807426039
23.07.2025;19:00:00;8489.0;8489.0;8441.0;8467.5;9572.0;8536.6919351779
23.07.2025;19:10:00;8467.5;8472.0;8459.1;8463.1;2957.0;8535.7350158261
23.07.2025;19:20:00;8463.3;8465.6;8450.6;8451.6;3556.0;8534.7876656679
23.07.2025;19:30:00;8451.9;8458.7;8450.0;8457.1;3545.0;8533.8497890112
23.07.2025;19:40:00;8458.2;8463.0;8456.2;8458.7;1728.0;8532.9212911211
23.07.2025;19:50:00;8460.4;8460.4;8455.0;8456.7;2489.0;8532.0020782099
23.07.2025;20:00:00;8455.6;8458.3;8455.0;8455.8;1702.0;8531.0920574278
23.07.2025;20:10:00;8456.6;8472.0;8455.8;8466.2;2585.0;8530.1911368535
23.07.2025;20:20:00;8466.1;8466.2;8458.1;8461.4;897.0;8529.2992254849
23.07.2025;20:30:00;8460.3;8464.6;8459.5;8462.5;417.0;8528.4162332301
23.07.2025;20:40:00;8462.5;8464.5;8460.3;8463.6;195.0;8527.5420708978
23.07.2025;20:50:00;8463.6;8468.7;8463.6;8467.8;1445.0;8526.6766501888
23.07.2025;21:00:00;8468.0;8473.7;8468.0;8473.7;576.0;8525.8198836869
23.07.2025;21:10:00;8473.7;8473.7;8464.6;8472.6;1151.0;8524.9716848501
23.07.2025;21:20:00;8472.4;8479.6;8472.4;8476.6;1173.0;8524.1319680016
23.07.2025;21:30:00;8476.6;8483.0;8476.5;8483.0;1441.0;8523.3006483215
23.07.2025;21:40:00;8483.0;8483.0;8476.2;8477.3;410.0;8522.4776418383
23.07.2025;21:50:00;8475.9;8477.7;8475.9;8477.0;14.0;8521.6628654199
23.07.2025;22:00:00;8477.0;8479.6;8476.1;8476.1;229.0;8520.8562367657
23.07.2025;22:10:00;8476.0;8477.4;8472.0;8476.8;375.0;8520.0576743981
23.07.2025;22:20:00;8476.0;8476.0;8472.0;8472.0;207.0;8519.2670976541
23.07.2025;22:30:00;8470.0;8470.0;8465.4;8466.4;202.0;8518.4844266776
23.07.2025;22:40:00;8465.4;8466.0;8462.1;8462.1;387.0;8517.7095824108
23.07.2025;22:50:00;8462.1;8467.7;8462.1;8464.8;89.0;8516.9424865867
23.07.2025;23:00:00;8464.4;8465.5;8463.2;8465.5;108.0;8516.1830617208
23.07.2025;23:10:00;8463.7;8467.7;8463.0;8463.0;1267.0;8515.4312311036
23.07.2025;23:20:00;8463.0;8465.1;8463.0;8465.1;718.0;8514.6869187926
23.07.2025;23:30:00;8464.8;8466.8;8464.5;8465.6;69.0;8513.9500496046
23.07.2025;23:40:00;8465.0;8476.6;8459.6;8459.6;1497.0;8513.2205491086
24.07.2025;08:50:00;8450.0;8450.0;8450.0;8450.0;75.0;8512.4983436175
24.07.2025;09:00:00;8450.0;8452.0;8427.0;8433.0;7616.0;8511.7833601813
24.07.2025;09:10:00;8433.1;8435.8;8432.6;8435.8;1763.0;8510.9355265795
24.07.2025;09:20:00;8436.3;8437.1;8421.8;8421.8;6752.0;8510.0961713137
24.07.2025;09:30:00;8421.8;8431.1;8421.0;8427.2;2765.0;8509.2132096006
24.07.2025;09:40:00;8427.0;8432.5;8425.1;8431.1;851.0;8508.3310775046
24.07.2025;09:50:00;8431.1;8431.1;8425.4;8428.0;708.0;8507.4577667295
24.07.2025;10:00:00;8428.4;8442.0;8424.0;8433.3;6941.0;8506.5931890622
24.07.2025;10:10:00;8434.1;8475.8;8434.0;8460.9;13413.0;8505.7372571716
24.07.2025;10:20:00;8460.9;8467.7;8454.3;8465.1;5381.0;8504.8898845999
24.07.2025;10:30:00;8465.2;8478.3;8464.8;8474.3;14979.0;8504.0509857539
24.07.2025;10:40:00;8474.1;8480.2;8471.0;8472.9;6802.0;8503.2204758964
24.07.2025;10:50:00;8473.0;8473.7;8463.0;8463.7;4576.0;8502.3982711374
24.07.2025;11:00:00;8464.7;8475.0;8464.4;8467.1;2806.0;8501.584288426
24.07.2025;11:10:00;8465.5;8474.7;8464.8;8470.5;9202.0;8500.7784455418
24.07.2025;11:20:00;8470.7;8483.6;8470.6;8479.9;11576.0;8499.9806610864
24.07.2025;11:30:00;8479.5;8492.0;8477.5;8490.5;5051.0;8499.1908544755
24.07.2025;11:40:00;8490.2;8496.5;8485.5;8487.9;5183.0;8498.4089459307
24.07.2025;11:50:00;8488.0;8491.6;8484.0;8484.1;1895.0;8497.6348564714
24.07.2025;12:00:00;8484.8;8496.4;8484.0;8496.4;4890.0;8496.8685079067
24.07.2025;12:10:00;8496.4;8517.0;8494.7;8510.4;15162.0;8421.0
24.07.2025;12:20:00;8510.5;8510.5;8493.1;8493.1;9074.0;8422.92
24.07.2025;12:30:00;8493.0;8501.0;8490.0;8491.1;2939.0;8424.8016
24.07.2025;12:40:00;8491.2;8492.0;8485.4;8487.6;2666.0;8426.645568
24.07.2025;12:50:00;8486.1;8488.0;8481.2;8486.1;3795.0;8428.45265664
24.07.2025;13:00:00;8486.9;8486.9;8480.4;8483.2;1610.0;8430.2236035072
24.07.2025;13:10:00;8483.3;8485.0;8478.3;8484.3;414.0;8431.9591314371
24.07.2025;13:20:00;8483.2;8486.0;8482.2;8486.0;902.0;8433.6599488083
24.07.2025;13:30:00;8485.3;8485.3;8478.0;8478.0;1585.0;8435.3267498321
24.07.2025;13:40:00;8478.2;8485.4;8478.1;8480.3;922.0;8436.9602148355
24.07.2025;13:50:00;8481.6;8484.6;8481.6;8483.2;1279.0;8438.5610105388
24.07.2025;14:00:00;8483.0;8484.9;8482.0;8482.0;779.0;8440.129790328
24.07.2025;14:10:00;8481.2;8482.6;8479.6;8481.1;610.0;8441.6671945215
24.07.2025;14:20:00;8481.2;8481.2;8478.0;8478.0;837.0;8443.173850631
24.07.2025;14:30:00;8479.2;8481.1;8476.0;8479.0;2989.0;8444.6503736184
24.07.2025;14:40:00;8479.0;8480.2;8475.9;8478.3;4468.0;8446.097366146
24.07.2025;14:50:00;8478.3;8478.3;8464.1;8466.6;1709.0;8447.5154188231
24.07.2025;15:00:00;8466.6;8467.7;8460.0;8462.3;2513.0;8448.9051104467
24.07.2025;15:10:00;8463.3;8470.3;8462.1;8467.7;1910.0;8450.2670082377
24.07.2025;15:20:00;8469.0;8478.9;8468.1;8472.4;4669.0;8451.601668073
24.07.2025;15:30:00;8472.8;8477.9;8468.0;8474.6;2540.0;8452.9096347115
24.07.2025;15:40:00;8474.1;8474.2;8448.1;8448.1;10361.0;8517.0
24.07.2025;15:50:00;8448.9;8451.9;8440.8;8449.2;6081.0;8515.622
24.07.2025;16:00:00;8447.5;8454.9;8440.4;8454.2;2050.0;8514.87378
24.07.2025;16:10:00;8454.7;8454.8;8439.2;8442.0;2152.0;8514.1290422
24.07.2025;16:20:00;8440.6;8452.3;8439.1;8449.2;3154.0;8513.379751778
24.07.2025;16:30:00;8448.9;8465.4;8445.5;8462.0;3426.0;8512.6369542602
24.07.2025;16:40:00;8464.4;8476.0;8459.8;8476.0;5657.0;8511.9015847176
24.07.2025;16:50:00;8475.0;8480.1;8473.6;8477.4;5530.0;8511.1735688704
24.07.2025;17:00:00;8476.3;8478.8;8472.0;8473.1;3917.0;8510.4528331817
24.07.2025;17:10:00;8473.1;8493.1;8467.3;8490.5;17974.0;8509.7393048499
24.07.2025;17:20:00;8490.5;8492.7;8487.1;8491.5;2890.0;8509.0329118014
24.07.2025;17:30:00;8491.6;8508.0;8491.3;8506.6;5915.0;8508.3335826834
24.07.2025;17:40:00;8505.6;8508.5;8502.1;8505.6;4285.0;8439.1
24.07.2025;17:50:00;8505.8;8507.0;8496.3;8496.9;3828.0;8440.488
24.07.2025;18:00:00;8499.2;8504.8;8493.1;8500.4;6370.0;8441.84824
24.07.2025;18:10:00;8498.0;8499.9;8492.2;8497.3;1755.0;8443.1812752
24.07.2025;18:20:00;8497.1;8503.0;8494.2;8499.9;1868.0;8444.487649696
24.07.2025;18:30:00;8501.3;8506.7;8497.3;8503.0;3184.0;8445.7678967021
24.07.2025;18:40:00;8503.3;8507.2;8497.5;8497.6;991.0;8447.022538768
24.07.2025;19:00:00;8498.3;8508.0;8463.7;8508.0;1754.0;8448.2520879927
24.07.2025;19:10:00;8507.5;8515.0;8505.0;8511.6;1394.0;8449.4570462328
24.07.2025;19:20:00;8514.3;8514.5;8507.0;8507.0;680.0;8450.1124757705
24.07.2025;19:30:00;8506.3;8510.3;8502.6;8510.3;2067.0;8450.7613510128
24.07.2025;19:40:00;8508.3;8510.4;8502.2;8505.4;1809.0;8451.4037375027
24.07.2025;19:50:00;8504.1;8504.9;8500.2;8500.2;772.0;8452.0397001276
24.07.2025;20:00:00;8500.1;8503.5;8500.0;8502.9;788.0;8452.6693031264
24.07.2025;20:10:00;8502.8;8503.7;8500.0;8500.3;456.0;8453.2926100951
24.07.2025;20:20:00;8500.0;8504.3;8497.0;8504.3;3583.0;8453.9096839941
24.07.2025;20:30:00;8504.3;8504.3;8500.6;8502.8;335.0;8454.5205871542
24.07.2025;20:40:00;8502.9;8504.8;8493.8;8493.8;931.0;8455.1253812827
24.07.2025;20:50:00;8495.4;8496.0;8492.1;8493.8;95.0;8455.7241274698
24.07.2025;21:00:00;8494.3;8496.8;8492.7;8492.7;91.0;8456.3168861951
24.07.2025;21:10:00;8492.7;8494.6;8492.6;8492.7;296.0;8456.9037173332
24.07.2025;21:20:00;8493.6;8502.0;8493.6;8500.8;893.0;8457.4846801599
24.07.2025;21:30:00;8502.1;8508.7;8502.1;8506.0;390.0;8458.0598333583
24.07.2025;21:40:00;8508.3;8510.0;8503.2;8508.1;769.0;8458.6292350247
24.07.2025;21:50:00;8508.3;8510.5;8507.7;8510.2;313.0;8459.1929426744
24.07.2025;22:00:00;8510.3;8513.6;8510.3;8512.9;1088.0;8459.7510132477
24.07.2025;22:10:00;8512.9;8512.9;8510.2;8511.2;399.0;8460.3035031152
24.07.2025;22:20:00;8511.2;8511.2;8510.5;8510.5;118.0;8460.8504680841
24.07.2025;22:30:00;8510.5;8513.0;8510.2;8513.0;332.0;8461.3919634032
24.07.2025;22:40:00;8512.9;8515.0;8511.0;8512.2;549.0;8461.9280437692
24.07.2025;22:50:00;8512.7;8514.4;8510.2;8510.2;217.0;8462.4587633315
24.07.2025;23:00:00;8511.9;8513.0;8511.9;8512.6;244.0;8462.9841756982
24.07.2025;23:10:00;8510.7;8510.7;8500.5;8504.0;1510.0;8463.5043339412
24.07.2025;23:20:00;8504.0;8506.3;8504.0;8505.7;170.0;8464.0192906018
24.07.2025;23:30:00;8509.6;8509.6;8500.2;8504.0;127.0;8464.5290976958
24.07.2025;23:40:00;8504.4;8504.7;8500.0;8500.1;598.0;8465.0338067188
25.07.2025;08:50:00;8489.8;8489.8;8489.8;8489.8;720.0;8465.5334686516
25.07.2025;09:00:00;8489.0;8500.0;8477.0;8487.9;2667.0;8466.0281339651
25.07.2025;09:10:00;8487.7;8496.0;8483.1;8485.0;2312.0;8466.5178526254
25.07.2025;09:20:00;8490.0;8494.0;8487.8;8487.8;385.0;8467.0026740992
25.07.2025;09:30:00;8486.9;8487.9;8483.0;8487.9;1394.0;8467.4826473582
25.07.2025;09:40:00;8488.3;8489.0;8487.0;8487.0;447.0;8467.9578208846
25.07.2025;09:50:00;8487.9;8504.2;8487.4;8501.2;1860.0;8468.4282426758
25.07.2025;10:00:00;8501.2;8512.6;8481.4;8488.4;7761.0;8468.893960249
25.07.2025;10:10:00;8488.7;8498.6;8487.5;8495.0;3470.0;8469.3550206465
25.07.2025;10:20:00;8495.4;8495.6;8486.9;8487.1;783.0;8469.8114704401
25.07.2025;10:30:00;8487.1;8493.6;8480.0;8480.4;3377.0;8470.2633557357
25.07.2025;10:40:00;8480.5;8482.8;8477.2;8482.7;8959.0;8470.7107221783
25.07.2025;10:50:00;8482.8;8482.9;8475.6;8478.4;5136.0;8471.1536149565
25.07.2025;11:00:00;8478.4;8483.0;8477.6;8481.4;2886.0;8471.592078807
25.07.2025;11:10:00;8478.9;8483.0;8477.3;8479.1;886.0;8472.0261580189
25.07.2025;11:20:00;8478.4;8480.9;8470.7;8470.7;2321.0;8515.0
25.07.2025;11:30:00;8470.7;8472.8;8469.0;8469.8;3907.0;8514.114
25.07.2025;11:40:00;8471.2;8472.4;8470.0;8470.9;435.0;8513.66286
25.07.2025;11:50:00;8470.3;8470.6;8467.1;8470.4;1498.0;8513.2162314
25.07.2025;12:00:00;8470.0;8472.2;8466.8;8470.5;3961.0;8512.755069086
25.07.2025;12:10:00;8468.0;8468.0;8457.6;8459.5;5799.0;8512.2955183951
25.07.2025;12:20:00;8459.5;8462.9;8455.3;8458.8;1911.0;8511.7485632112
25.07.2025;12:30:00;8457.4;8466.2;8456.5;8465.6;1068.0;8511.1840775791
25.07.2025;12:40:00;8464.6;8473.1;8464.0;8469.5;1595.0;8510.6252368033
25.07.2025;12:50:00;8469.3;8469.9;8468.2;8468.2;220.0;8510.0719844353
25.07.2025;13:00:00;8468.1;8470.0;8466.7;8467.6;1769.0;8509.5242645909
25.07.2025;13:10:00;8467.5;8473.9;8467.2;8469.9;1657.0;8508.982021945
25.07.2025;13:20:00;8469.9;8471.0;8464.6;8465.1;889.0;8508.4452017255
25.07.2025;13:30:00;8464.5;8465.9;8445.8;8453.9;7483.0;8507.9137497083
25.07.2025;13:40:00;8455.3;8455.4;8444.1;8445.3;3862.0;8507.2926122112
25.07.2025;13:50:00;8445.3;8446.0;8425.0;8430.2;7692.0;8506.6606860891
25.07.2025;14:00:00;8432.6;8447.8;8427.2;8434.0;4718.0;8505.8440792282
25.07.2025;14:10:00;8432.1;8441.3;8432.1;8436.6;4325.0;8505.0356384359
25.07.2025;14:20:00;8436.5;8447.4;8429.0;8429.0;12192.0;8504.2352820516
25.07.2025;14:30:00;8429.4;8444.6;8429.4;8442.4;1830.0;8503.442929231
25.07.2025;14:40:00;8443.2;8446.9;8436.4;8444.2;2874.0;8502.6584999387
25.07.2025;14:50:00;8444.9;8446.3;8434.6;8434.6;2386.0;8501.8819149393
25.07.2025;15:00:00;8435.3;8441.0;8431.0;8441.0;1382.0;8501.11309579
25.07.2025;15:10:00;8441.0;8443.7;8436.2;8441.9;3584.0;8500.3519648321
25.07.2025;15:20:00;8440.8;8440.9;8436.0;8436.0;1230.0;8499.5984451837
25.07.2025;15:30:00;8436.3;8438.9;8430.5;8433.8;1881.0;8498.8524607319
25.07.2025;15:40:00;8432.1;8436.2;8424.0;8435.1;3344.0;8498.1139361246
25.07.2025;15:50:00;8434.6;8436.2;8433.0;8434.4;2407.0;8497.3727967633
25.07.2025;16:00:00;8435.1;8438.3;8430.0;8438.3;3385.0;8496.6390687957
25.07.2025;16:10:00;8437.9;8438.8;8431.7;8434.4;676.0;8495.9126781077
25.07.2025;16:20:00;8434.9;8441.9;8431.1;8441.2;3986.0;8495.1935513267
25.07.2025;16:30:00;8441.2;8454.5;8440.0;8452.2;6084.0;8494.4816158134
25.07.2025;16:40:00;8451.2;8456.6;8446.7;8454.7;3271.0;8493.7767996553
25.07.2025;16:50:00;8455.4;8455.4;8450.0;8451.7;1590.0;8493.0790316587
25.07.2025;17:00:00;8450.7;8453.1;8446.0;8446.0;1496.0;8492.3882413421
25.07.2025;17:10:00;8446.0;8449.7;8427.0;8431.6;3268.0;8491.7043589287
25.07.2025;17:20:00;8431.6;8444.3;8431.6;8439.3;2295.0;8491.0273153394
25.07.2025;17:30:00;8437.6;8440.3;8416.9;8420.3;5284.0;8490.357042186
25.07.2025;17:40:00;8417.8;8433.0;8416.6;8421.5;4173.0;8489.6224717642
25.07.2025;17:50:00;8421.0;8428.4;8417.0;8423.1;3238.0;8488.8922470465
25.07.2025;18:00:00;8422.0;8425.9;8411.4;8421.8;5282.0;8488.1693245761
25.07.2025;18:10:00;8422.3;8424.4;8411.1;8415.0;3693.0;8487.4016313303
25.07.2025;18:20:00;8414.0;8416.7;8411.1;8412.6;1708.0;8486.638615017
25.07.2025;18:30:00;8411.1;8411.1;8399.2;8404.4;10754.0;8485.8832288668
25.07.2025;18:40:00;8404.4;8407.0;8391.1;8407.0;1658.0;8485.0163965782
25.07.2025;19:00:00;8407.9;8416.1;8397.5;8403.4;2020.0;8484.0772326124
25.07.2025;19:10:00;8403.4;8416.3;8403.2;8414.5;1755.0;8483.1474602862
25.07.2025;19:20:00;8412.3;8413.8;8407.3;8409.0;449.0;8482.2269856834
25.07.2025;19:30:00;8407.5;8407.5;8397.5;8399.8;430.0;8481.3157158265
25.07.2025;19:40:00;8399.6;8410.1;8399.6;8406.5;227.0;8480.4135586683
25.07.2025;19:50:00;8409.7;8413.5;8406.0;8413.5;694.0;8479.5204230816
25.07.2025;20:00:00;8412.5;8417.7;8409.6;8416.6;1327.0;8478.6362188508
25.07.2025;20:10:00;8417.9;8423.7;8417.9;8423.7;528.0;8477.7608566623
25.07.2025;20:20:00;8423.6;8432.2;8423.6;8430.6;930.0;8476.8942480957
25.07.2025;20:30:00;8430.6;8431.5;8428.1;8430.1;451.0;8476.0363056147
25.07.2025;20:40:00;8430.1;8435.9;8430.1;8434.5;358.0;8475.1869425586
25.07.2025;20:50:00;8433.3;8433.6;8430.0;8432.0;655.0;8474.346073133
25.07.2025;21:00:00;8430.6;8433.0;8430.4;8432.8;619.0;8473.5136124016
25.07.2025;21:10:00;8432.8;8434.0;8431.8;8431.8;238.0;8472.6894762776
25.07.2025;21:20:00;8432.1;8435.0;8431.8;8433.4;2088.0;8471.8735815148
25.07.2025;21:30:00;8433.3;8435.0;8432.8;8432.8;141.0;8471.0658456997
25.07.2025;21:40:00;8432.1;8434.0;8430.6;8430.6;239.0;8470.2661872427
25.07.2025;21:50:00;8430.6;8430.6;8427.7;8430.2;800.0;8469.4745253703
25.07.2025;22:00:00;8429.8;8430.1;8429.1;8429.1;28.0;8468.6907801166
25.07.2025;22:10:00;8429.1;8429.3;8428.2;8428.8;30.0;8467.9148723154
25.07.2025;22:20:00;8428.7;8430.3;8428.5;8428.5;111.0;8467.1467235923
25.07.2025;22:30:00;8429.8;8430.0;8427.6;8429.5;84.0;8466.3862563563
25.07.2025;22:40:00;8429.0;8429.0;8422.0;8425.8;273.0;8465.6333937928
25.07.2025;22:50:00;8422.8;8426.2;8420.7;8424.8;399.0;8464.8880598548
25.07.2025;23:00:00;8424.9;8424.9;8416.1;8419.7;837.0;8464.1501792563
25.07.2025;23:10:00;8421.3;8429.2;8419.1;8419.9;305.0;8463.4196774637
25.07.2025;23:20:00;8422.9;8426.5;8422.0;8424.9;294.0;8462.6964806891
25.07.2025;23:30:00;8424.9;8430.1;8424.9;8430.1;235.0;8461.9805158822
25.07.2025;23:40:00;8430.0;8435.0;8421.0;8435.0;722.0;8461.2717107234
28.07.2025;08:50:00;8443.0;8443.0;8443.0;8443.0;106.0;8460.5699936161
28.07.2025;09:00:00;8443.0;8448.5;8440.6;8448.5;2443.0;8459.87529368
28.07.2025;09:10:00;8448.2;8449.0;8443.6;8443.6;2369.0;8459.1875407432
28.07.2025;09:20:00;8443.6;8443.6;8426.1;8427.2;1468.0;8458.5066653358
28.07.2025;09:30:00;8429.7;8429.8;8411.1;8414.8;2211.0;8457.8325986824
28.07.2025;09:40:00;8414.9;8423.6;8414.6;8419.3;806.0;8457.1652726956
28.07.2025;09:50:00;8420.6;8429.7;8419.8;8426.5;2132.0;8456.5046199686
28.07.2025;10:00:00;8426.5;8427.3;8411.5;8415.2;3353.0;8455.8505737689
28.07.2025;10:10:00;8416.9;8430.0;8415.2;8428.6;2303.0;8455.2030680312
28.07.2025;10:20:00;8429.0;8431.0;8422.3;8426.3;997.0;8454.5620373509
28.07.2025;10:30:00;8424.9;8425.3;8417.8;8419.7;548.0;8453.9274169774
28.07.2025;10:40:00;8418.9;8425.1;8411.8;8420.5;3602.0;8453.2991428076
28.07.2025;10:50:00;8423.0;8424.4;8417.3;8422.9;1197.0;8452.6771513796
28.07.2025;11:00:00;8422.9;8453.0;8422.1;8452.1;8769.0;8391.1
28.07.2025;11:10:00;8452.2;8456.6;8441.3;8449.5;9061.0;8392.338
28.07.2025;11:20:00;8450.0;8454.0;8443.2;8447.5;2424.0;8392.98062
28.07.2025;11:30:00;8446.7;8455.5;8444.6;8444.9;2546.0;8393.6168138
28.07.2025;11:40:00;8444.7;8445.9;8437.2;8437.2;3173.0;8394.246645662
28.07.2025;11:50:00;8437.1;8445.8;8435.4;8444.1;3432.0;8394.8701792054
28.07.2025;12:00:00;8444.7;8453.0;8444.7;8452.5;10545.0;8395.4874774133
28.07.2025;12:10:00;8452.2;8463.4;8452.2;8461.2;5452.0;8396.0986026392
28.07.2025;12:20:00;8461.2;8465.4;8461.2;8462.0;5575.0;8396.7716166128
28.07.2025;12:30:00;8463.5;8465.4;8459.6;8462.0;3556.0;8397.4579004467
28.07.2025;12:40:00;8461.9;8464.8;8458.5;8461.8;2725.0;8398.1373214422
28.07.2025;12:50:00;8461.8;8464.8;8458.4;8464.7;8495.0;8398.8099482278
28.07.2025;13:00:00;8464.7;8471.6;8463.1;8471.2;4804.0;8399.4758487455
28.07.2025;13:10:00;8471.1;8477.6;8466.7;8469.8;5692.0;8400.197090258
28.07.2025;13:20:00;8472.5;8474.6;8466.4;8468.4;2356.0;8400.9711193555
28.07.2025;13:30:00;8469.3;8472.2;8462.4;8464.9;1909.0;8401.7374081619
28.07.2025;13:40:00;8463.8;8468.6;8459.7;8467.3;4406.0;8402.4960340803
28.07.2025;13:50:00;8466.8;8475.9;8465.7;8471.3;3249.0;8403.2470737395
28.07.2025;14:00:00;8473.3;8476.2;8464.3;8464.8;3880.0;8403.9906030021
28.07.2025;14:10:00;8464.2;8466.8;8463.6;8465.0;369.0;8404.7266969721
28.07.2025;14:20:00;8464.9;8467.1;8462.1;8464.2;1344.0;8405.4554300024
28.07.2025;14:30:00;8466.3;8469.9;8464.1;8468.9;2085.0;8406.1768757023
28.07.2025;14:40:00;8469.6;8473.9;8468.3;8470.4;432.0;8406.8911069453
28.07.2025;14:50:00;8469.0;8469.0;8460.0;8461.6;3369.0;8407.5981958759
28.07.2025;15:00:00;8461.6;8474.3;8459.1;8471.9;3865.0;8408.2982139171
28.07.2025;15:10:00;8473.2;8487.2;8466.3;8482.5;4770.0;8408.9912317779
28.07.2025;15:20:00;8481.9;8503.9;8479.5;8499.1;7640.0;8409.7733194601
28.07.2025;15:30:00;8499.7;8511.0;8492.7;8500.7;7883.0;8410.7145862655
28.07.2025;15:40:00;8501.0;8507.5;8499.7;8500.9;4865.0;8411.7174404029
28.07.2025;15:50:00;8501.2;8502.8;8495.6;8501.9;7961.0;8412.7102659989
28.07.2025;16:00:00;8501.9;8504.0;8491.8;8493.0;6094.0;8413.6931633389
28.07.2025;16:10:00;8491.8;8499.2;8482.4;8498.4;4216.0;8414.6662317055
28.07.2025;16:20:00;8500.8;8512.0;8500.1;8511.5;6042.0;8415.6295693884
28.07.2025;16:30:00;8510.3;8522.0;8503.8;8521.9;11154.0;8416.5932736945
28.07.2025;16:40:00;8521.9;8523.0;8512.8;8521.7;6583.0;8417.6473409576
28.07.2025;16:50:00;8521.5;8521.9;8491.9;8511.7;6885.0;8418.700867548
28.07.2025;17:00:00;8512.8;8524.0;8501.5;8503.7;13948.0;8419.7438588725
28.07.2025;17:10:00;8501.5;8532.5;8495.5;8519.3;10412.0;8420.7864202838
28.07.2025;17:20:00;8517.4;8537.0;8506.5;8534.2;8703.0;8421.903556081
28.07.2025;17:30:00;8536.9;8544.0;8529.0;8543.2;10054.0;8423.0545205202
28.07.2025;17:40:00;8542.6;8547.2;8533.2;8539.7;5162.0;8424.263975315
28.07.2025;17:50:00;8537.2;8542.8;8525.5;8534.0;3570.0;8425.4933355618
28.07.2025;18:00:00;8533.0;8540.0;8511.8;8515.3;7950.0;8426.7104022062
28.07.2025;18:10:00;8512.6;8537.5;8512.5;8523.7;4699.0;8427.9152981841
28.07.2025;18:20:00;8523.7;8538.8;8520.4;8536.6;5063.0;8429.1081452023
28.07.2025;18:30:00;8538.7;8559.1;8538.7;8555.4;8024.0;8430.2890637503
28.07.2025;18:40:00;8555.7;8560.3;8538.0;8543.8;5523.0;8431.5771731128
28.07.2025;19:00:00;8550.0;8553.5;8543.1;8551.9;1742.0;8432.8644013816
28.07.2025;19:10:00;8551.9;8553.3;8547.8;8549.8;756.0;8434.1387573678
28.07.2025;19:20:00;8549.6;8582.8;8548.6;8571.0;4266.0;8435.4003697941
28.07.2025;19:30:00;8573.0;8578.4;8553.5;8563.0;3287.0;8436.8743660962
28.07.2025;19:40:00;8565.0;8565.7;8561.3;8563.4;423.0;8438.3336224352
28.07.2025;19:50:00;8563.4;8564.0;8555.7;8557.4;808.0;8439.7782862109
28.07.2025;20:00:00;8557.3;8557.8;8535.7;8538.8;2323.0;8441.2085033488
28.07.2025;20:10:00;8538.8;8540.2;8530.0;8540.1;1069.0;8442.6244183153
28.07.2025;20:20:00;8539.6;8544.8;8539.5;8539.7;1400.0;8444.0261741321
28.07.2025;20:30:00;8537.0;8542.2;8534.0;8542.2;721.0;8445.4139123908
28.07.2025;20:40:00;8539.8;8540.2;8535.6;8537.4;263.0;8446.7877732669
28.07.2025;20:50:00;8537.4;8541.0;8535.3;8537.3;776.0;8448.1478955342
28.07.2025;21:00:00;8537.4;8544.2;8537.4;8544.2;2175.0;8449.4944165789
28.07.2025;21:10:00;8544.2;8553.3;8544.2;8553.3;316.0;8450.8274724131
28.07.2025;21:20:00;8553.3;8564.0;8553.0;8562.5;1106.0;8452.147197689
28.07.2025;21:30:00;8564.0;8564.9;8561.0;8561.2;725.0;8453.4537257121
28.07.2025;21:40:00;8562.4;8565.0;8560.9;8564.0;180.0;8454.747188455
28.07.2025;21:50:00;8564.0;8567.9;8562.1;8564.8;659.0;8456.0277165704
28.07.2025;22:00:00;8567.9;8572.9;8566.9;8572.9;699.0;8457.2954394047
28.07.2025;22:10:00;8572.9;8573.1;8566.2;8566.3;1690.0;8458.5504850107
28.07.2025;22:20:00;8565.8;8565.8;8561.5;8563.2;300.0;8459.7929801606
28.07.2025;22:30:00;8563.2;8566.5;8561.0;8566.5;150.0;8461.023050359
28.07.2025;22:40:00;8565.8;8566.5;8560.0;8564.7;454.0;8462.2408198554
28.07.2025;22:50:00;8565.6;8575.0;8565.6;8574.8;1237.0;8463.4464116568
28.07.2025;23:00:00;8574.5;8577.0;8572.8;8575.5;404.0;8464.6399475402
28.07.2025;23:10:00;8577.0;8577.0;8571.6;8577.0;1455.0;8465.8215480648
28.07.2025;23:20:00;8576.8;8579.8;8573.5;8579.0;1227.0;8466.9913325842
28.07.2025;23:30:00;8579.7;8580.0;8576.9;8579.5;484.0;8468.1494192584
28.07.2025;23:40:00;8579.9;8580.8;8560.0;8569.9;785.0;8469.2959250658
29.07.2025;08:50:00;8562.1;8562.1;8562.1;8562.1;20.0;8470.4309658151
29.07.2025;09:00:00;8569.0;8580.1;8543.0;8563.1;6406.0;8471.554656157
29.07.2025;09:10:00;8565.2;8581.8;8565.2;8578.6;3913.0;8472.6671095954
29.07.2025;09:20:00;8580.0;8624.0;8580.0;8619.2;10255.0;8473.7684384994
29.07.2025;09:30:00;8620.6;8626.0;8605.0;8611.3;3220.0;8475.2707541144
29.07.2025;09:40:00;8612.5;8639.5;8610.7;8635.1;6833.0;8476.7780465733
29.07.2025;09:50:00;8635.2;8635.4;8606.5;8606.5;4660.0;8478.4052661076
29.07.2025;10:00:00;8606.5;8647.0;8592.4;8602.5;22918.0;8480.0162134465
29.07.2025;10:10:00;8602.0;8606.5;8582.9;8592.9;7428.0;8481.686051312
29.07.2025;10:20:00;8592.3;8607.5;8584.4;8605.0;16126.0;8483.3391907989
29.07.2025;10:30:00;8602.7;8628.2;8599.2;8616.5;20981.0;8484.9757988909
29.07.2025;10:40:00;8616.5;8643.9;8616.5;8643.7;13628.0;8486.596040902
29.07.2025;10:50:00;8643.8;8674.8;8640.1;8668.4;31830.0;8488.200080493
29.07.2025;11:00:00;8669.6;8684.2;8656.0;8663.9;26564.0;8490.0660796881
29.07.2025;11:10:00;8663.4;8670.0;8641.0;8653.0;6850.0;8492.0074188912
29.07.2025;11:20:00;8653.8;8666.6;8653.6;8661.5;3800.0;8493.9293447023
29.07.2025;11:30:00;8662.0;8684.0;8661.8;8669.5;8854.0;8495.8320512552
29.07.2025;11:40:00;8666.7;8680.0;8658.3;8678.1;7848.0;8497.7157307427
29.07.2025;11:50:00;8678.8;8684.0;8660.8;8668.7;9587.0;8499.5805734353
29.07.2025;12:00:00;8668.4;8671.1;8656.0;8659.3;13593.0;8501.4267677009
29.07.2025;12:10:00;8660.0;8664.9;8651.0;8651.5;9996.0;8503.2545000239
29.07.2025;12:20:00;8651.5;8652.1;8633.7;8643.2;5083.0;8505.0639550237
29.07.2025;12:30:00;8643.4;8653.0;8642.3;8651.2;3742.0;8506.8553154734
29.07.2025;12:40:00;8652.0;8658.1;8650.1;8652.3;1783.0;8508.6287623187
29.07.2025;12:50:00;8654.6;8656.4;8646.5;8649.3;5444.0;8510.3844746955
29.07.2025;13:00:00;8649.6;8657.4;8646.2;8651.6;3451.0;8512.1226299485
29.07.2025;13:10:00;8652.3;8662.0;8651.0;8659.5;4751.0;8513.8434036491
29.07.2025;13:20:00;8659.0;8659.0;8643.6;8645.4;1389.0;8515.5469696126
29.07.2025;13:30:00;8645.5;8648.5;8633.5;8640.0;6517.0;8517.2334999164
29.07.2025;13:40:00;8638.7;8644.3;8630.0;8637.3;6258.0;8518.9031649173
29.07.2025;13:50:00;8637.1;8643.5;8633.3;8634.2;5048.0;8520.5561332681
29.07.2025;14:00:00;8633.0;8633.0;8610.0;8610.9;4371.0;8522.1925719354
29.07.2025;14:10:00;8610.9;8612.5;8603.9;8612.4;7811.0;8523.8126462161
29.07.2025;14:20:00;8612.5;8620.8;8609.2;8620.4;3800.0;8525.4165197539
29.07.2025;14:30:00;8622.0;8633.3;8620.5;8630.6;3981.0;8527.0043545564
29.07.2025;14:40:00;8628.8;8635.8;8626.8;8635.8;2866.0;8528.5763110108
29.07.2025;14:50:00;8636.0;8647.7;8634.5;8644.4;2956.0;8530.1325479007
29.07.2025;15:00:00;8645.0;8658.6;8642.4;8658.6;5218.0;8531.6732224217
29.07.2025;15:10:00;8659.1;8659.1;8642.6;8644.0;3376.0;8533.1984901975
29.07.2025;15:20:00;8642.3;8650.6;8634.0;8639.8;5505.0;8534.7085052955
29.07.2025;15:30:00;8639.6;8659.0;8632.0;8633.4;4450.0;8536.2034202425
29.07.2025;15:40:00;8634.1;8640.8;8622.1;8637.0;1705.0;8537.6833860401
29.07.2025;15:50:00;8635.8;8642.4;8631.1;8634.0;972.0;8539.1485521797
29.07.2025;16:00:00;8632.5;8635.0;8618.7;8622.0;1359.0;8540.5990666579
29.07.2025;16:10:00;8621.0;8640.0;8620.8;8638.6;1587.0;8542.0350759913
29.07.2025;16:20:00;8640.0;8641.0;8627.0;8630.3;710.0;8543.4567252314
29.07.2025;16:30:00;8630.4;8632.0;8619.9;8632.0;2123.0;8544.8641579791
29.07.2025;16:40:00;8633.0;8646.6;8627.0;8639.0;4836.0;8546.2575163993
29.07.2025;16:50:00;8638.6;8653.5;8637.0;8645.0;1982.0;8547.6369412353
29.07.2025;17:00:00;8646.0;8654.6;8631.0;8634.5;4140.0;8549.002571823
29.07.2025;17:10:00;8632.2;8652.4;8627.0;8647.5;1918.0;8550.3545461048
29.07.2025;17:20:00;8647.9;8664.9;8646.0;8664.9;2952.0;8551.6930006437
29.07.2025;17:30:00;8664.5;8668.5;8661.0;8668.5;6139.0;8553.0180706373
29.07.2025;17:40:00;8668.0;8676.6;8666.5;8674.9;5638.0;8554.3298899309
29.07.2025;17:50:00;8675.8;8679.9;8671.2;8679.0;3697.0;8555.6285910316
29.07.2025;18:00:00;8678.9;8698.0;8678.6;8687.5;8696.0;8556.9143051213
29.07.2025;18:10:00;8687.0;8690.9;8675.7;8677.1;3311.0;8558.3251620701
29.07.2025;18:20:00;8678.0;8679.1;8664.9;8667.2;3127.0;8559.7219104494
29.07.2025;18:30:00;8665.9;8667.0;8657.0;8660.3;2584.0;8561.1046913449
29.07.2025;18:40:00;8660.3;8668.9;8659.0;8660.0;1308.0;8562.4736444314
29.07.2025;19:00:00;8664.9;8674.9;8659.9;8666.0;1255.0;8563.8289079871
29.07.2025;19:10:00;8668.0;8675.8;8668.0;8672.6;979.0;8565.1706189072
29.07.2025;19:20:00;8672.7;8672.7;8665.2;8665.2;1076.0;8566.4989127182
29.07.2025;19:30:00;8665.2;8665.4;8651.9;8654.4;2725.0;8567.813923591
29.07.2025;19:40:00;8655.0;8655.0;8651.2;8651.2;1225.0;8569.1157843551
29.07.2025;19:50:00;8651.2;8654.9;8651.0;8651.8;1307.0;8570.4046265115
29.07.2025;20:00:00;8651.0;8652.8;8643.0;8650.9;1634.0;8571.6805802464
29.07.2025;20:10:00;8651.0;8655.0;8649.8;8652.4;486.0;8572.9437744439
29.07.2025;20:20:00;8652.4;8655.0;8652.3;8655.0;174.0;8574.1943366995
29.07.2025;20:30:00;8655.0;8666.9;8653.9;8666.9;1254.0;8575.4323933325
29.07.2025;20:40:00;8667.0;8683.0;8666.5;8682.9;2222.0;8576.6580693992
29.07.2025;20:50:00;8683.0;8697.0;8676.1;8693.9;4103.0;8577.8714887052
29.07.2025;21:00:00;8696.9;8706.3;8692.8;8702.1;5452.0;8579.0727738181
29.07.2025;21:10:00;8702.4;8707.1;8697.2;8701.8;2289.0;8580.34504608
29.07.2025;21:20:00;8701.7;8719.0;8701.7;8719.0;3866.0;8581.6125956192
29.07.2025;21:30:00;8719.0;8723.0;8715.9;8719.6;2603.0;8582.986469663
29.07.2025;21:40:00;8719.6;8723.3;8710.2;8710.2;1731.0;8584.3866049663
29.07.2025;21:50:00;8710.2;8710.2;8690.1;8690.5;2208.0;8585.7757389167
29.07.2025;22:00:00;8691.5;8697.5;8690.0;8696.6;386.0;8587.1509815275
29.07.2025;22:10:00;8695.5;8703.5;8691.8;8700.1;1858.0;8588.5124717122
29.07.2025;22:20:00;8700.3;8704.4;8700.3;8703.9;1531.0;8589.8603469951
29.07.2025;22:30:00;8702.3;8702.3;8689.1;8689.2;666.0;8591.1947435252
29.07.2025;22:40:00;8689.1;8691.3;8685.8;8687.6;365.0;8592.5157960899
29.07.2025;22:50:00;8689.6;8691.8;8680.7;8683.8;767.0;8593.823638129
29.07.2025;23:00:00;8682.0;8682.0;8677.1;8678.0;742.0;8595.1184017477
29.07.2025;23:10:00;8678.0;8678.0;8672.2;8675.3;602.0;8596.4002177302
29.07.2025;23:20:00;8676.5;8689.1;8676.5;8685.1;908.0;8597.6692155529
29.07.2025;23:30:00;8683.5;8690.7;8683.5;8690.7;180.0;8598.9255233974
29.07.2025;23:40:00;8690.7;8695.0;8670.0;8670.0;1686.0;8600.1692681634
30.07.2025;08:50:00;8672.0;8672.0;8672.0;8672.0;9.0;8601.4005754818
30.07.2025;09:00:00;8677.0;8708.5;8671.0;8701.0;2575.0;8602.619569727
30.07.2025;09:10:00;8701.0;8701.0;8665.0;8667.8;1602.0;8603.8263740297
30.07.2025;09:20:00;8667.9;8671.7;8651.7;8657.2;2517.0;8605.0211102894
30.07.2025;09:30:00;8655.0;8657.6;8635.3;8642.0;7168.0;8606.2038991865
30.07.2025;09:40:00;8639.9;8652.5;8632.2;8645.0;7372.0;8607.3748601946
30.07.2025;09:50:00;8644.0;8653.0;8635.0;8649.8;4325.0;8608.5341115927
30.07.2025;10:00:00;8649.9;8660.0;8639.6;8646.0;7874.0;8609.6817704768
30.07.2025;10:10:00;8645.2;8648.0;8638.1;8643.0;3750.0;8610.817952772
30.07.2025;10:20:00;8645.7;8647.8;8627.0;8642.8;8610.0;8611.9427732443
30.07.2025;10:30:00;8642.5;8656.8;8642.5;8653.5;7692.0;8613.0563455118
30.07.2025;10:40:00;8653.5;8656.7;8637.7;8654.9;10144.0;8614.1587820567
30.07.2025;10:50:00;8650.8;8657.5;8645.3;8655.1;2540.0;8615.2501942362
30.07.2025;11:00:00;8656.4;8670.0;8651.3;8669.2;3110.0;8616.3306922938
30.07.2025;11:10:00;8670.9;8678.4;8669.9;8676.8;4195.0;8617.4003853709
30.07.2025;11:20:00;8677.4;8677.4;8653.0;8653.0;5038.0;8618.4593815172
30.07.2025;11:30:00;8652.0;8662.0;8650.5;8660.1;4651.0;8619.507787702
30.07.2025;11:40:00;8661.3;8661.3;8656.1;8658.9;3899.0;8620.545709825
30.07.2025;11:50:00;8657.7;8666.3;8657.6;8662.8;1335.0;8621.5732527267
30.07.2025;12:00:00;8662.2;8662.6;8647.1;8650.1;2521.0;8622.5905201994
30.07.2025;12:10:00;8649.5;8661.0;8648.9;8660.1;1152.0;8623.5976149975
30.07.2025;12:20:00;8659.2;8663.1;8657.1;8663.1;100.0;8624.5946388475
30.07.2025;12:30:00;8660.2;8660.2;8649.9;8649.9;827.0;8625.581692459
30.07.2025;12:40:00;8649.8;8650.0;8642.1;8646.3;5891.0;8626.5588755344
30.07.2025;12:50:00;8649.8;8651.3;8642.6;8642.6;1361.0;8627.5262867791
30.07.2025;13:00:00;8642.3;8646.5;8632.2;8640.7;8188.0;8628.4840239113
30.07.2025;13:10:00;8639.6;8648.9;8637.2;8638.9;4128.0;8629.4321836722
30.07.2025;13:20:00;8638.1;8644.0;8633.2;8644.0;4878.0;8630.3708618354
30.07.2025;13:30:00;8644.0;8647.7;8641.5;8641.5;7495.0;8631.3001532171
30.07.2025;13:40:00;8642.0;8646.1;8631.8;8635.8;9558.0;8723.3
30.07.2025;13:50:00;8635.6;8641.0;8631.0;8641.0;4731.0;8721.47
30.07.2025;14:00:00;8635.1;8639.6;8625.2;8631.3;4014.0;8720.5653
30.07.2025;14:10:00;8631.0;8633.7;8623.5;8632.2;2997.0;8719.611647
30.07.2025;14:20:00;8632.2;8650.2;8631.6;8638.3;5111.0;8718.65053053
30.07.2025;14:30:00;8637.4;8641.0;8627.0;8628.1;1722.0;8717.6990252247
30.07.2025;14:40:00;8626.1;8626.4;8616.0;8619.1;5603.0;8716.7570349725
30.07.2025;14:50:00;8619.4;8631.5;8618.1;8630.0;1943.0;8715.7494646227
30.07.2025;15:00:00;8627.4;8627.9;8620.0;8621.0;1910.0;8714.7519699765
30.07.2025;15:10:00;8620.4;8623.6;8618.0;8618.6;1697.0;8713.7644502767
30.07.2025;15:20:00;8618.6;8625.9;8615.0;8615.0;2060.0;8712.786805774
30.07.2025;15:30:00;8615.5;8615.5;8593.6;8597.1;10826.0;8711.8089377162
30.07.2025;15:40:00;8595.7;8601.5;8591.7;8592.7;6353.0;8710.6268483391
30.07.2025;15:50:00;8592.3;8594.9;8570.9;8588.1;10409.0;8709.4375798557
30.07.2025;16:00:00;8588.0;8592.6;8560.0;8562.4;9168.0;8708.0522040571
30.07.2025;16:10:00;8562.3;8565.7;8545.2;8546.1;13356.0;8706.5716820165
30.07.2025;16:20:00;8549.0;8552.9;8539.0;8545.7;6329.0;8704.9579651964
30.07.2025;16:30:00;8545.5;8550.1;8532.3;8547.8;12336.0;8703.2983855444
30.07.2025;16:40:00;8547.4;8547.4;8536.3;8537.8;3876.0;8701.588401689
30.07.2025;16:50:00;8537.0;8537.2;8520.1;8527.4;9475.0;8699.8955176721
30.07.2025;17:00:00;8525.1;8536.0;8520.0;8529.6;7507.0;8698.0975624954
30.07.2025;17:10:00;8528.9;8535.7;8521.0;8521.1;7221.0;8696.3165868704
30.07.2025;17:20:00;8521.0;8521.0;8500.0;8515.9;11725.0;8694.5534210017
30.07.2025;17:30:00;8515.2;8524.5;8509.1;8518.2;5883.0;8692.6078867917
30.07.2025;17:40:00;8519.4;8520.0;8505.1;8509.0;7124.0;8690.6818079238
30.07.2025;17:50:00;8509.0;8529.0;8501.6;8525.6;7242.0;8688.7749898445
30.07.2025;18:00:00;8526.8;8529.0;8512.3;8518.9;1910.0;8686.8872399461
30.07.2025;18:10:00;8519.8;8525.0;8515.9;8515.9;4741.0;8685.0183675466
30.07.2025;18:20:00;8515.0;8515.0;8501.0;8509.2;8899.0;8683.1681838712
30.07.2025;18:30:00;8508.7;8508.8;8488.8;8500.0;7462.0;8681.3365020325
30.07.2025;18:40:00;8501.7;8504.2;8492.5;8498.1;3594.0;8679.4111370121
30.07.2025;19:00:00;8493.0;8500.5;8490.0;8500.5;653.0;8677.505025642
30.07.2025;19:10:00;8501.0;8514.4;8501.0;8510.0;2253.0;8675.6179753856
30.07.2025;19:20:00;8510.0;8528.5;8510.0;8515.5;5386.0;8673.7497956317
30.07.2025;19:30:00;8515.0;8518.8;8510.3;8518.8;1425.0;8671.9002976754
30.07.2025;19:40:00;8517.9;8519.0;8507.0;8512.1;1877.0;8670.0692946987
30.07.2025;19:50:00;8511.7;8516.8;8510.0;8516.8;694.0;8668.2566017517
30.07.2025;20:00:00;8516.4;8518.9;8510.0;8510.0;970.0;8666.4620357342
30.07.2025;20:10:00;8510.0;8515.2;8510.0;8514.9;150.0;8664.6854153768
30.07.2025;20:20:00;8514.5;8516.7;8512.4;8516.7;451.0;8662.926561223
30.07.2025;20:30:00;8517.0;8529.5;8517.0;8528.7;1186.0;8661.1852956108
30.07.2025;20:40:00;8528.7;8528.8;8524.4;8528.5;312.0;8659.4614426547
30.07.2025;20:50:00;8528.8;8530.0;8528.1;8530.0;1206.0;8657.7548282282
30.07.2025;21:00:00;8529.8;8550.4;8529.3;8542.8;7156.0;8656.0652799459
30.07.2025;21:10:00;8543.0;8545.0;8532.8;8538.0;1485.0;8654.3926271464
30.07.2025;21:20:00;8534.7;8545.0;8522.9;8522.9;1184.0;8652.736700875
30.07.2025;21:30:00;8521.1;8529.0;8510.0;8510.0;3043.0;8651.0973338662
30.07.2025;21:40:00;8509.7;8510.0;8500.0;8503.1;2310.0;8649.4743605275
30.07.2025;21:50:00;8500.0;8501.5;8474.3;8482.0;12790.0;8647.8676169223
30.07.2025;22:00:00;8481.9;8492.0;8477.1;8490.6;4319.0;8646.131940753
30.07.2025;22:10:00;8490.3;8494.0;8475.0;8475.0;2217.0;8644.4136213455
30.07.2025;22:20:00;8475.0;8479.8;8470.0;8474.6;2048.0;8642.7124851321
30.07.2025;22:30:00;8471.8;8471.9;8455.8;8461.9;5332.0;8640.9853602807
30.07.2025;22:40:00;8463.8;8470.5;8460.0;8468.1;1721.0;8639.1335066779
30.07.2025;22:50:00;8468.2;8470.0;8461.8;8461.8;1505.0;8637.3001716112
30.07.2025;23:00:00;8461.9;8468.8;8455.0;8460.9;3251.0;8635.485169895
30.07.2025;23:10:00;8464.5;8467.9;8462.4;8465.0;2990.0;8633.6803181961
30.07.2025;23:20:00;8463.9;8490.4;8461.0;8461.0;4435.0;8631.8935150141
30.07.2025;23:30:00;8461.2;8467.0;8460.8;8467.0;809.0;8630.124579864
30.07.2025;23:40:00;8467.0;8496.5;8467.0;8480.4;3801.0;8628.3733340653
31.07.2025;08:50:00;8513.0;8513.0;8513.0;8513.0;428.0;8626.6396007247
31.07.2025;09:00:00;8513.8;8537.0;8492.5;8510.0;5453.0;8624.9232047174
31.07.2025;09:10:00;8510.0;8512.6;8502.1;8507.0;1668.0;8623.2239726703
31.07.2025;09:20:00;8505.1;8506.0;8486.9;8493.0;2995.0;8621.5417329436
31.07.2025;09:30:00;8492.0;8495.5;8482.0;8492.7;1936.0;8619.8763156141
31.07.2025;09:40:00;8492.1;8516.3;8491.6;8511.2;3383.0;8618.227552458
31.07.2025;09:50:00;8511.2;8512.5;8506.1;8511.6;1189.0;8616.5952769334
31.07.2025;10:00:00;8510.8;8515.2;8489.5;8502.0;12106.0;8614.9793241641
31.07.2025;10:10:00;8501.5;8503.0;8486.2;8491.9;9823.0;8613.3795309224
31.07.2025;10:20:00;8491.9;8498.8;8469.1;8474.9;12554.0;8611.7957356132
31.07.2025;10:30:00;8475.8;8478.7;8460.8;8467.0;8477.0;8610.2277782571
31.07.2025;10:40:00;8466.3;8475.7;8445.3;8452.5;22157.0;8608.6755004745
31.07.2025;10:50:00;8453.2;8455.0;8422.0;8425.7;27305.0;8607.0417454698
31.07.2025;11:00:00;8425.9;8427.7;8410.0;8416.0;18177.0;8605.1913280151
31.07.2025;11:10:00;8416.2;8439.7;8413.4;8433.0;22220.0;8603.2394147349
31.07.2025;11:20:00;8432.8;8456.1;8431.2;8439.0;15564.0;8601.3070205876
31.07.2025;11:30:00;8439.9;8441.4;8420.0;8421.0;15838.0;8599.3939503817
31.07.2025;11:40:00;8421.4;8435.5;8417.1;8429.0;10401.0;8597.5000108779
31.07.2025;11:50:00;8428.0;8434.0;8423.0;8423.2;6493.0;8595.6250107691
31.07.2025;12:00:00;8423.1;8425.7;8409.2;8415.6;6770.0;8593.7687606614
31.07.2025;12:10:00;8417.0;8431.3;8415.0;8429.8;4190.0;8591.9230730548
31.07.2025;12:20:00;8429.3;8444.0;8428.6;8437.2;7207.0;8590.0958423242
31.07.2025;12:30:00;8439.9;8447.1;8436.0;8442.9;3294.0;8588.286883901
31.07.2025;12:40:00;8441.4;8461.0;8439.7;8460.1;4442.0;8586.496015062
31.07.2025;12:50:00;8460.3;8460.9;8453.6;8453.6;2096.0;8584.7230549114
31.07.2025;13:00:00;8454.9;8461.9;8449.1;8456.5;4635.0;8582.9678243623
31.07.2025;13:10:00;8455.5;8458.9;8452.0;8453.4;2420.0;8581.2301461186
31.07.2025;13:20:00;8453.8;8460.9;8452.0;8455.9;1555.0;8579.5098446574
31.07.2025;13:30:00;8458.1;8460.3;8452.6;8457.6;1933.0;8577.8067462109
31.07.2025;13:40:00;8458.9;8460.0;8454.4;8456.0;1658.0;8576.1206787488
31.07.2025;13:50:00;8456.1;8457.0;8449.9;8450.0;7473.0;8574.4514719613
31.07.2025;14:00:00;8454.6;8467.0;8454.6;8467.0;5354.0;8572.7989572417
31.07.2025;14:10:00;8467.0;8482.0;8467.0;8482.0;3487.0;8571.1629676692
31.07.2025;14:20:00;8482.0;8484.0;8473.9;8480.6;1367.0;8569.5433379926
31.07.2025;14:30:00;8480.6;8489.6;8479.6;8486.3;5375.0;8567.9399046126
31.07.2025;14:40:00;8487.3;8493.0;8484.8;8487.4;4091.0;8566.3525055665
31.07.2025;14:50:00;8487.5;8487.8;8470.0;8470.7;3662.0;8564.7809805108
31.07.2025;15:00:00;8471.4;8482.0;8470.0;8478.6;1612.0;8563.2251707057
31.07.2025;15:10:00;8478.6;8485.8;8478.5;8484.3;728.0;8561.6849189987
31.07.2025;15:20:00;8480.7;8482.1;8475.2;8475.3;1613.0;8560.1600698087
31.07.2025;15:30:00;8475.1;8485.6;8472.3;8485.6;1722.0;8558.6504691106
31.07.2025;15:40:00;8485.8;8486.2;8476.3;8480.9;1164.0;8557.1559644195
31.07.2025;15:50:00;8478.3;8478.3;8471.2;8472.1;1669.0;8555.6764047753
31.07.2025;16:00:00;8472.0;8472.5;8462.3;8465.6;3726.0;8554.2116407275
31.07.2025;16:10:00;8465.8;8468.2;8463.1;8467.9;1474.0;8552.7615243203
31.07.2025;16:20:00;8466.0;8470.3;8465.0;8470.1;2200.0;8551.3259090771
31.07.2025;16:30:00;8467.9;8473.8;8467.2;8473.0;3044.0;8549.9046499863
31.07.2025;16:40:00;8471.8;8471.8;8464.6;8466.8;8484.0;8548.4976034864
31.07.2025;16:50:00;8465.2;8470.3;8464.1;8468.0;7794.0;8547.1046274516
31.07.2025;17:00:00;8465.8;8465.8;8441.0;8441.0;5041.0;8545.7255811771
31.07.2025;17:10:00;8441.0;8441.0;8426.0;8426.2;6214.0;8544.3603253653
31.07.2025;17:20:00;8426.2;8433.0;8420.2;8429.4;6400.0;8543.0087221116
31.07.2025;17:30:00;8429.6;8430.0;8420.0;8425.1;2029.0;8541.6706348905
31.07.2025;17:40:00;8425.4;8428.7;8420.0;8420.0;3318.0;8540.3459285416
31.07.2025;17:50:00;8420.1;8447.0;8418.9;8432.7;5872.0;8539.0344692562
31.07.2025;18:00:00;8436.5;8438.1;8416.9;8426.1;3359.0;8537.7361245636
31.07.2025;18:10:00;8426.2;8456.9;8421.6;8448.0;4942.0;8536.450763318
31.07.2025;18:20:00;8445.2;8446.3;8437.0;8437.0;2056.0;8535.1782556848
31.07.2025;18:30:00;8437.1;8443.2;8430.2;8430.2;999.0;8533.918473128
31.07.2025;18:40:00;8430.9;8438.6;8427.6;8431.1;1168.0;8532.6712883967
31.07.2025;19:00:00;8437.0;8442.2;8423.9;8430.0;1226.0;8531.4365755127
31.07.2025;19:10:00;8431.4;8432.0;8425.0;8429.4;227.0;8530.2142097576
31.07.2025;19:20:00;8430.0;8444.0;8424.4;8441.2;1130.0;8529.00406766
31.07.2025;19:30:00;8442.3;8450.9;8442.3;8446.0;1262.0;8527.8060269834
31.07.2025;19:40:00;8445.4;8450.0;8445.4;8448.7;672.0;8526.6199667136
31.07.2025;19:50:00;8447.8;8447.8;8445.0;8446.8;505.0;8525.4457670464
31.07.2025;20:00:00;8446.5;8450.0;8446.5;8450.0;1275.0;8524.283309376
31.07.2025;20:10:00;8450.0;8450.6;8448.8;8450.6;658.0;8523.1324762822
31.07.2025;20:20:00;8448.9;8450.5;8438.6;8439.0;449.0;8521.9931515194
31.07.2025;20:30:00;8440.1;8444.0;8440.1;8444.0;248.0;8520.8652200042
31.07.2025;20:40:00;8444.6;8447.0;8438.5;8440.8;150.0;8519.7485678042
31.07.2025;20:50:00;8438.6;8438.6;8438.6;8438.6;1.0;8518.6430821261
31.07.2025;21:00:00;8438.6;8438.6;8430.1;8433.3;888.0;8517.5486513049
31.07.2025;21:10:00;8432.0;8441.8;8431.9;8440.5;664.0;8516.4651647918
31.07.2025;21:20:00;8440.0;8450.6;8440.0;8450.6;295.0;8515.3925131439
31.07.2025;21:30:00;8449.7;8449.8;8444.6;8444.6;548.0;8514.3305880125
31.07.2025;21:40:00;8444.1;8446.5;8440.0;8444.8;433.0;8513.2792821323
31.07.2025;21:50:00;8444.7;8444.7;8441.6;8444.6;552.0;8512.238489311
31.07.2025;22:00:00;8445.0;8446.4;8445.0;8445.7;135.0;8511.2081044179
31.07.2025;22:10:00;8443.6;8446.0;8439.0;8439.0;297.0;8510.1880233737
31.07.2025;22:20:00;8438.0;8438.0;8432.2;8434.5;88.0;8509.17814314
31.07.2025;22:30:00;8436.0;8439.8;8436.0;8437.1;155.0;8508.1783617086
31.07.2025;22:40:00;8437.5;8441.8;8437.5;8439.0;191.0;8507.1885780915
31.07.2025;22:50:00;8439.8;8439.8;8436.0;8436.1;795.0;8506.2086923106
31.07.2025;23:00:00;8435.1;8442.0;8435.1;8442.0;161.0;8505.2386053875
31.07.2025;23:10:00;8441.5;8442.0;8437.2;8437.2;93.0;8504.2782193336
31.07.2025;23:20:00;8439.9;8442.9;8437.0;8437.1;409.0;8503.3274371403
31.07.2025;23:30:00;8437.3;8448.0;8436.1;8447.9;441.0;8502.3861627689
31.07.2025;23:40:00;8445.0;8447.9;8436.0;8436.0;1300.0;8501.4543011412
01.08.2025;08:50:00;8441.0;8441.0;8441.0;8441.0;14.0;8500.5317581298
01.08.2025;09:00:00;8440.7;8469.0;8435.5;8445.6;2157.0;8499.6184405485
01.08.2025;09:10:00;8448.2;8449.6;8443.2;8444.4;560.0;8498.714256143
01.08.2025;09:20:00;8444.4;8447.6;8437.0;8437.0;973.0;8497.8191135815
01.08.2025;09:30:00;8436.4;8436.4;8420.1;8423.7;2881.0;8496.9329224457
01.08.2025;09:40:00;8421.2;8431.3;8420.5;8431.2;1568.0;8496.0555932213
01.08.2025;09:50:00;8431.3;8431.5;8422.6;8429.0;888.0;8495.1870372891
01.08.2025;10:00:00;8429.0;8436.0;8424.5;8435.4;7311.0;8494.3271669162
01.08.2025;10:10:00;8434.8;8444.0;8432.1;8440.8;2267.0;8493.475895247
01.08.2025;10:20:00;8441.6;8448.0;8439.9;8445.0;3644.0;8492.6331362945
01.08.2025;10:30:00;8445.7;8446.2;8431.0;8431.0;4449.0;8491.7988049316
01.08.2025;10:40:00;8431.1;8439.0;8423.8;8436.7;6620.0;8490.9728168823
01.08.2025;10:50:00;8435.0;8435.7;8421.2;8428.0;4086.0;8490.1550887135
01.08.2025;11:00:00;8428.2;8429.9;8420.0;8425.9;5269.0;8489.3455378263
01.08.2025;11:10:00;8425.1;8430.9;8423.0;8427.9;1053.0;8488.5440824481
01.08.2025;11:20:00;8427.9;8428.0;8418.3;8419.7;4509.0;8487.7506416236
01.08.2025;11:30:00;8419.3;8425.0;8417.2;8421.8;1356.0;8486.9651352073
01.08.2025;11:40:00;8423.5;8432.9;8422.0;8432.9;1825.0;8486.1874838553
01.08.2025;11:50:00;8432.9;8445.0;8432.6;8445.0;3730.0;8485.4176090167
01.08.2025;12:00:00;8445.0;8451.7;8436.0;8439.2;5327.0;8484.6554329266
01.08.2025;12:10:00;8438.2;8440.4;8435.7;8437.0;1623.0;8483.9008785973
01.08.2025;12:20:00;8437.6;8438.0;8436.0;8437.8;1735.0;8483.1538698113
01.08.2025;12:30:00;8437.7;8438.0;8434.7;8434.8;689.0;8482.4143311132
01.08.2025;12:40:00;8435.8;8441.1;8435.8;8437.4;1883.0;8481.6821878021
01.08.2025;12:50:00;8437.6;8439.5;8435.0;8436.6;2603.0;8480.957365924
01.08.2025;13:00:00;8435.0;8435.0;8420.1;8424.8;2837.0;8480.2397922648
01.08.2025;13:10:00;8425.4;8438.7;8424.8;8433.0;1087.0;8479.5293943422
01.08.2025;13:20:00;8432.9;8440.1;8425.7;8430.0;1130.0;8478.8261003987
01.08.2025;13:30:00;8430.0;8441.6;8426.5;8440.0;1811.0;8478.1298393947
01.08.2025;13:40:00;8440.0;8440.1;8429.0;8432.0;1089.0;8477.4405410008
01.08.2025;13:50:00;8432.5;8447.9;8430.6;8437.0;3754.0;8476.7581355908
01.08.2025;14:00:00;8442.0;8448.0;8441.6;8441.7;2342.0;8476.0825542349
01.08.2025;14:10:00;8442.1;8449.1;8436.1;8442.0;7476.0;8475.4137286925
01.08.2025;14:20:00;8441.7;8447.4;8437.6;8440.1;1609.0;8474.7515914056
01.08.2025;14:30:00;8440.0;8447.9;8437.4;8447.9;841.0;8474.0960754916
01.08.2025;14:40:00;8447.3;8448.0;8442.0;8442.7;1471.0;8473.4471147366
01.08.2025;14:50:00;8442.1;8449.3;8438.4;8447.7;2775.0;8472.8046435893
01.08.2025;15:00:00;8449.1;8449.2;8432.1;8436.3;2653.0;8472.1685971534
01.08.2025;15:10:00;8434.0;8451.5;8434.0;8451.5;3416.0;8471.5389111818
01.08.2025;15:20:00;8451.4;8460.5;8447.5;8452.7;2361.0;8470.91552207
01.08.2025;15:30:00;8455.8;8513.0;8455.8;8508.0;15188.0;8409.2
01.08.2025;15:40:00;8508.0;8536.2;8501.5;8521.5;15955.0;8411.276
01.08.2025;15:50:00;8521.7;8525.5;8504.3;8518.3;15473.0;8412.52524
01.08.2025;16:00:00;8518.3;8534.0;8517.3;8529.2;11420.0;8413.7619876
01.08.2025;16:10:00;8529.5;8535.9;8524.6;8531.0;5307.0;8414.986367724
01.08.2025;16:20:00;8532.7;8532.7;8511.7;8515.7;6243.0;8416.1985040468
01.08.2025;16:30:00;8513.6;8517.0;8503.4;8507.8;5866.0;8417.3985190063
01.08.2025;16:40:00;8509.0;8512.3;8489.6;8492.6;6916.0;8418.5865338162
01.08.2025;16:50:00;8492.9;8500.7;8481.4;8500.0;6371.0;8419.7626684781
01.08.2025;17:00:00;8499.7;8515.5;8498.8;8509.7;5221.0;8420.9270417933
01.08.2025;17:10:00;8510.2;8522.0;8509.1;8517.8;6496.0;8422.0797713754
01.08.2025;17:20:00;8516.6;8518.4;8501.9;8504.0;2903.0;8423.2209736616
01.08.2025;17:30:00;8506.3;8514.9;8501.0;8511.4;4211.0;8424.350763925
01.08.2025;17:40:00;8511.5;8525.9;8506.7;8524.0;7083.0;8425.4692562857
01.08.2025;17:50:00;8523.7;8523.7;8514.4;8520.7;6032.0;8426.5765637229
01.08.2025;18:00:00;8522.9;8525.0;8510.7;8525.0;4995.0;8427.6727980856
01.08.2025;18:10:00;8525.0;8527.0;8521.8;8527.0;5572.0;8428.7580701048
01.08.2025;18:20:00;8526.9;8529.4;8522.5;8525.0;3093.0;8429.8324894037
01.08.2025;18:30:00;8524.5;8526.6;8510.0;8512.0;4921.0;8430.8961645097
01.08.2025;18:40:00;8510.2;8515.9;8508.1;8512.3;1891.0;8431.9492028646
01.08.2025;19:00:00;8515.9;8529.0;8509.4;8517.3;1592.0;8432.991710836
01.08.2025;19:10:00;8518.3;8520.0;8517.3;8517.3;382.0;8434.0237937276
01.08.2025;19:20:00;8516.0;8516.0;8510.0;8510.0;2236.0;8435.0455557903
01.08.2025;19:30:00;8512.6;8515.6;8510.0;8514.9;570.0;8436.0571002324
01.08.2025;19:40:00;8515.0;8519.0;8513.3;8515.1;973.0;8437.0585292301
01.08.2025;19:50:00;8515.1;8535.8;8514.9;8532.8;1765.0;8438.0499439378
01.08.2025;20:00:00;8531.6;8549.9;8524.3;8530.4;5571.0;8439.0314444984
01.08.2025;20:10:00;8530.3;8530.4;8523.1;8523.6;551.0;8440.1401300534
01.08.2025;20:20:00;8527.0;8529.0;8525.0;8525.0;354.0;8441.2377287529
01.08.2025;20:30:00;8526.0;8527.3;8524.0;8525.2;78.0;8442.3243514654
01.08.2025;20:40:00;8525.0;8525.3;8524.0;8524.0;69.0;8443.4001079507
01.08.2025;20:50:00;8524.0;8525.8;8524.0;8524.6;117.0;8444.4651068712
01.08.2025;21:00:00;8525.0;8529.6;8525.0;8529.6;540.0;8445.5194558025
01.08.2025;21:10:00;8530.0;8536.0;8530.0;8533.5;527.0;8446.5632612445
01.08.2025;21:20:00;8533.5;8537.1;8532.5;8536.5;389.0;8447.596628632
01.08.2025;21:30:00;8536.0;8538.0;8535.1;8537.9;355.0;8448.6196623457
01.08.2025;21:40:00;8537.9;8538.0;8535.0;8535.6;394.0;8449.6324657223
01.08.2025;21:50:00;8535.0;8535.7;8529.1;8529.1;586.0;8450.635141065
01.08.2025;22:00:00;8530.0;8535.0;8530.0;8534.6;573.0;8451.6277896544
01.08.2025;22:10:00;8532.5;8536.0;8531.9;8536.0;626.0;8452.6105117578
01.08.2025;22:20:00;8536.0;8537.8;8534.2;8537.8;867.0;8453.5834066403
01.08.2025;22:30:00;8537.8;8559.9;8537.8;8559.9;5982.0;8454.5465725739
01.08.2025;22:40:00;8559.2;8564.2;8558.1;8562.0;2195.0;8455.6001068481
01.08.2025;22:50:00;8561.9;8562.3;8554.0;8554.0;1014.0;8456.6861057796
01.08.2025;23:00:00;8554.0;8561.9;8553.1;8558.9;669.0;8457.7612447218
01.08.2025;23:10:00;8558.9;8562.4;8558.1;8558.1;912.0;8458.8256322746
01.08.2025;23:20:00;8557.0;8557.0;8550.2;8551.3;1344.0;8459.8793759519
01.08.2025;23:30:00;8553.5;8556.4;8548.0;8553.4;1571.0;8460.9225821924
01.08.2025;23:40:00;8555.5;8558.9;8541.0;8541.0;4150.0;8461.9553563704
04.08.2025;08:50:00;8541.0;8541.0;8541.0;8541.0;217.0;8462.9778028067
04.08.2025;09:00:00;8540.0;8559.2;8521.1;8542.5;4327.0;8463.9900247787
04.08.2025;09:10:00;8544.9;8555.0;8541.6;8542.0;1186.0;8464.9921245309
04.08.2025;09:20:00;8541.0;8542.1;8529.0;8532.1;2559.0;8465.9842032856
04.08.2025;09:30:00;8532.1;8536.5;8527.0;8534.5;1669.0;8466.9663612527
04.08.2025;09:40:00;8534.5;8542.0;8531.6;8539.4;1386.0;8467.9386976402
04.08.2025;09:50:00;8537.7;8546.9;8535.2;8546.0;1126.0;8468.9013106638
04.08.2025;10:00:00;8545.1;8545.6;8524.8;8535.0;6545.0;8469.8542975571
04.08.2025;10:10:00;8535.0;8544.5;8534.1;8539.7;4780.0;8470.7977545816
04.08.2025;10:20:00;8539.5;8541.5;8536.0;8537.3;7326.0;8471.7317770358
04.08.2025;10:30:00;8537.5;8537.5;8516.0;8525.4;11064.0;8472.6564592654
04.08.2025;10:40:00;8525.3;8528.0;8520.7;8523.4;6551.0;8473.5718946727
04.08.2025;10:50:00;8525.1;8530.2;8522.6;8522.6;8788.0;8474.478175726
04.08.2025;11:00:00;8523.0;8530.9;8519.2;8522.4;8720.0;8475.3753939688
04.08.2025;11:10:00;8522.6;8528.7;8522.6;8526.9;2586.0;8476.2636400291
04.08.2025;11:20:00;8527.6;8536.0;8527.6;8533.7;2182.0;8477.1430036288
04.08.2025;11:30:00;8534.9;8538.2;8532.5;8535.8;2910.0;8478.0135735925
04.08.2025;11:40:00;8537.6;8538.1;8530.3;8531.8;1150.0;8478.8754378566
04.08.2025;11:50:00;8532.0;8534.6;8530.9;8531.2;324.0;8479.728683478
04.08.2025;12:00:00;8531.6;8550.1;8531.6;8549.1;4209.0;8480.5733966432
04.08.2025;12:10:00;8550.1;8551.0;8541.1;8545.6;8907.0;8481.4096626768
04.08.2025;12:20:00;8545.6;8548.0;8542.2;8548.0;2947.0;8482.23756605
04.08.2025;12:30:00;8548.2;8550.1;8528.0;8530.7;14938.0;8483.0571903895
04.08.2025;12:40:00;8530.6;8537.8;8523.5;8535.2;9202.0;8483.8686184856
04.08.2025;12:50:00;8534.7;8538.9;8529.0;8534.9;9004.0;8484.6719323008
04.08.2025;13:00:00;8536.3;8538.2;8526.8;8537.6;2613.0;8485.4672129778
04.08.2025;13:10:00;8533.5;8538.0;8527.9;8528.0;4478.0;8486.254540848
04.08.2025;13:20:00;8527.8;8531.0;8522.5;8527.6;3092.0;8487.0339954395
04.08.2025;13:30:00;8527.7;8536.6;8526.8;8532.2;1508.0;8487.8056554851
04.08.2025;13:40:00;8531.8;8532.2;8526.1;8528.3;1809.0;8488.5695989303
04.08.2025;13:50:00;8528.0;8535.7;8527.1;8534.0;1511.0;8489.325902941
04.08.2025;14:00:00;8535.5;8549.7;8535.5;8541.3;5435.0;8490.0746439115
04.08.2025;14:10:00;8542.1;8558.0;8541.2;8556.0;3794.0;8490.8158974724
04.08.2025;14:20:00;8555.5;8557.8;8552.8;8553.9;1198.0;8491.5497384977
04.08.2025;14:30:00;8553.8;8554.8;8545.3;8551.1;1317.0;8492.2762411127
04.08.2025;14:40:00;8551.1;8558.7;8551.1;8554.1;3228.0;8492.9954787016
04.08.2025;14:50:00;8554.2;8568.0;8554.2;8566.9;3825.0;8493.7075239146
04.08.2025;15:00:00;8567.7;8568.9;8560.5;8561.2;4174.0;8494.4504486754
04.08.2025;15:10:00;8561.3;8562.4;8553.8;8555.6;4362.0;8495.1949441887
04.08.2025;15:20:00;8553.9;8560.5;8553.0;8555.0;4453.0;8495.9319947468
04.08.2025;15:30:00;8555.0;8555.1;8546.0;8553.4;4099.0;8496.6616747993
04.08.2025;15:40:00;8551.1;8556.4;8546.9;8553.8;2212.0;8497.3840580513
04.08.2025;15:50:00;8555.8;8557.4;8553.9;8556.0;2193.0;8498.0992174708
04.08.2025;16:00:00;8556.0;8566.0;8555.7;8563.5;2554.0;8498.8072252961
04.08.2025;16:10:00;8563.8;8567.2;8560.4;8565.5;932.0;8499.5081530432
04.08.2025;16:20:00;8565.4;8568.8;8563.3;8564.2;2500.0;8500.2020715127
04.08.2025;16:30:00;8564.1;8568.3;8559.3;8566.9;2062.0;8500.8890507976
04.08.2025;16:40:00;8566.8;8575.3;8564.0;8571.9;9753.0;8501.5691602896
04.08.2025;16:50:00;8572.5;8580.0;8564.4;8576.6;6316.0;8502.3064686867
04.08.2025;17:00:00;8577.0;8578.8;8561.5;8569.0;5527.0;8503.0834039999
04.08.2025;17:10:00;8566.7;8569.0;8553.9;8556.1;4452.0;8503.8525699599
04.08.2025;17:20:00;8555.2;8575.1;8552.6;8563.7;6089.0;8504.6140442603
04.08.2025;17:30:00;8565.9;8575.5;8564.3;8568.0;1689.0;8505.3679038177
04.08.2025;17:40:00;8569.6;8574.5;8557.5;8559.0;1529.0;8506.1142247795
04.08.2025;17:50:00;8557.0;8566.8;8552.7;8562.4;1492.0;8506.8530825317
04.08.2025;18:00:00;8564.5;8566.0;8558.0;8564.0;1934.0;8507.5845517064
04.08.2025;18:10:00;8564.0;8565.1;8555.0;8561.8;2943.0;8508.3087061893
04.08.2025;18:20:00;8562.5;8565.8;8559.0;8565.3;1581.0;8509.0256191274
04.08.2025;18:30:00;8565.3;8566.0;8560.5;8562.8;1883.0;8509.7353629361
04.08.2025;18:40:00;8562.8;8571.1;8560.8;8570.0;2104.0;8510.4380093068
04.08.2025;19:00:00;8568.7;8573.0;8565.9;8572.3;229.0;8511.1336292137
04.08.2025;19:10:00;8573.0;8579.4;8569.3;8578.9;1415.0;8511.8222929216
04.08.2025;19:20:00;8579.0;8579.0;8573.1;8574.4;1316.0;8512.5040699924
04.08.2025;19:30:00;8573.1;8573.8;8562.5;8565.3;580.0;8513.1790292924
04.08.2025;19:40:00;8564.7;8568.0;8561.5;8565.6;1369.0;8513.8472389995
04.08.2025;19:50:00;8565.1;8568.8;8562.4;8566.3;707.0;8514.5087666095
04.08.2025;20:00:00;8567.6;8570.2;8566.0;8569.7;284.0;8515.1636789434
04.08.2025;20:10:00;8568.3;8569.6;8565.0;8565.0;460.0;8515.812042154
04.08.2025;20:20:00;8564.0;8567.2;8563.0;8563.8;161.0;8516.4539217324
04.08.2025;20:30:00;8563.0;8566.2;8558.2;8565.3;1048.0;8517.0893825151
04.08.2025;20:40:00;8562.6;8562.7;8556.7;8557.2;460.0;8517.71848869
04.08.2025;20:50:00;8558.1;8559.9;8555.0;8559.1;1162.0;8518.3413038031
04.08.2025;21:00:00;8558.2;8559.9;8557.4;8558.1;254.0;8518.957890765
04.08.2025;21:10:00;8559.3;8568.9;8557.9;8566.8;1033.0;8519.5683118574
04.08.2025;21:20:00;8567.3;8570.6;8566.8;8569.4;377.0;8520.1726287388
04.08.2025;21:30:00;8566.7;8568.8;8558.0;8558.0;369.0;8520.7709024514
04.08.2025;21:40:00;8558.2;8560.7;8555.5;8560.7;162.0;8521.3631934269
04.08.2025;21:50:00;8559.9;8559.9;8556.0;8556.0;76.0;8521.9495614926
04.08.2025;22:00:00;8556.0;8563.4;8556.0;8563.1;515.0;8522.5300658777
04.08.2025;22:10:00;8563.4;8566.3;8562.5;8562.9;242.0;8523.1047652189
04.08.2025;22:20:00;8562.5;8563.5;8560.9;8561.4;116.0;8523.6737175668
04.08.2025;22:30:00;8561.4;8564.2;8561.0;8564.2;84.0;8524.2369803911
04.08.2025;22:40:00;8562.7;8566.7;8562.2;8562.2;73.0;8524.7946105872
04.08.2025;22:50:00;8564.6;8570.8;8564.6;8567.1;577.0;8525.3466644813
04.08.2025;23:00:00;8569.5;8569.6;8566.7;8567.3;69.0;8525.8931978365
04.08.2025;23:10:00;8567.2;8577.0;8567.0;8574.9;629.0;8526.4342658581
04.08.2025;23:20:00;8572.5;8573.9;8565.1;8566.4;97.0;8526.9699231995
04.08.2025;23:30:00;8565.0;8566.3;8564.3;8565.1;64.0;8527.5002239676
04.08.2025;23:40:00;8565.1;8566.2;8557.0;8562.0;698.0;8528.0252217279
05.08.2025;08:50:00;8557.0;8557.0;8557.0;8557.0;2.0;8528.5449695106
05.08.2025;09:00:00;8557.0;8574.3;8557.0;8563.4;1061.0;8529.0595198155
05.08.2025;09:10:00;8563.4;8563.4;8555.0;8556.7;1463.0;8529.5689246173
05.08.2025;09:20:00;8556.7;8557.0;8556.0;8556.4;406.0;8530.0732353712
05.08.2025;09:30:00;8556.5;8559.9;8556.0;8559.4;619.0;8530.5725030175
05.08.2025;09:40:00;8559.9;8559.9;8556.6;8558.1;110.0;8531.0667779873
05.08.2025;09:50:00;8557.6;8558.6;8554.1;8554.7;273.0;8531.5561102074
05.08.2025;10:00:00;8554.7;8590.0;8541.9;8574.3;10042.0;8532.0405491053
05.08.2025;10:10:00;8574.1;8614.9;8572.8;8591.7;14875.0;8532.6201436143
05.08.2025;10:20:00;8593.3;8594.0;8580.0;8586.0;10237.0;8533.4429421781
05.08.2025;10:30:00;8587.0;8587.9;8573.1;8576.0;7402.0;8534.2575127564
05.08.2025;10:40:00;8575.4;8581.4;8571.3;8575.8;5198.0;8535.0639376288
05.08.2025;10:50:00;8575.7;8587.0;8570.6;8587.0;4988.0;8535.8622982525
05.08.2025;11:00:00;8585.1;8588.2;8582.4;8586.0;3630.0;8536.65267527
05.08.2025;11:10:00;8586.0;8587.4;8580.0;8585.4;3044.0;8537.4351485173
05.08.2025;11:20:00;8584.9;8592.1;8584.9;8588.7;2576.0;8538.2097970321
05.08.2025;11:30:00;8587.6;8588.1;8581.0;8581.7;3418.0;8538.9766990618
05.08.2025;11:40:00;8582.0;8583.7;8577.3;8577.5;11035.0;8539.7359320712
05.08.2025;11:50:00;8577.3;8577.5;8560.7;8565.1;6784.0;8540.4875727505
05.08.2025;12:00:00;8565.0;8580.0;8562.7;8579.5;9481.0;8541.2316970229
05.08.2025;12:10:00;8581.0;8581.0;8569.7;8575.7;7240.0;8541.9683800527
05.08.2025;12:20:00;8575.7;8582.8;8574.1;8580.1;10134.0;8542.6976962522
05.08.2025;12:30:00;8580.0;8592.0;8578.0;8590.0;13367.0;8543.4197192897
05.08.2025;12:40:00;8589.1;8593.9;8584.1;8588.4;6524.0;8544.1345220968
05.08.2025;12:50:00;8588.5;8588.5;8576.6;8578.4;9785.0;8544.8421768758
05.08.2025;13:00:00;8577.7;8589.8;8577.2;8578.0;3609.0;8545.542755107
05.08.2025;13:10:00;8579.6;8581.6;8574.9;8579.8;9346.0;8546.236327556
05.08.2025;13:20:00;8579.8;8582.2;8578.1;8578.7;2108.0;8546.9229642804
05.08.2025;13:30:00;8578.6;8581.7;8577.3;8579.4;1193.0;8547.6027346376
05.08.2025;13:40:00;8580.6;8581.9;8577.3;8579.1;1558.0;8548.2757072912
05.08.2025;13:50:00;8580.2;8583.5;8577.3;8578.4;4749.0;8548.9419502183
05.08.2025;14:00:00;8578.2;8582.9;8576.7;8581.1;7552.0;8549.6015307161
05.08.2025;14:10:00;8582.1;8591.5;8578.0;8583.8;4672.0;8550.254515409
05.08.2025;14:20:00;8583.9;8587.7;8577.8;8584.6;2974.0;8550.9009702549
05.08.2025;14:30:00;8584.8;8592.1;8580.0;8583.9;10627.0;8551.5409605523
05.08.2025;14:40:00;8583.9;8592.3;8581.7;8591.4;4131.0;8552.1745509468
05.08.2025;14:50:00;8592.1;8593.8;8584.5;8588.2;8334.0;8552.8018054374
05.08.2025;15:00:00;8588.2;8608.2;8582.8;8606.5;15396.0;8553.422787383
05.08.2025;15:10:00;8606.1;8607.1;8601.3;8604.2;9456.0;8554.0375595091
05.08.2025;15:20:00;8604.2;8623.1;8603.2;8615.0;13805.0;8554.6461839141
05.08.2025;15:30:00;8615.3;8625.0;8612.7;8619.3;6561.0;8555.3307220749
05.08.2025;15:40:00;8619.0;8619.0;8608.0;8614.5;4447.0;8556.0274148542
05.08.2025;15:50:00;8612.1;8615.0;8608.6;8610.5;2165.0;8556.7171407056
05.08.2025;16:00:00;8611.0;8619.1;8610.0;8615.9;4375.0;8557.3999692986
05.08.2025;16:10:00;8616.1;8621.4;8613.3;8621.0;1017.0;8558.0759696056
05.08.2025;16:20:00;8621.0;8622.9;8611.1;8618.6;5166.0;8558.7452099095
05.08.2025;16:30:00;8618.0;8629.1;8616.3;8627.0;3523.0;8559.4077578104
05.08.2025;16:40:00;8627.1;8628.5;8613.9;8616.8;3689.0;8560.1046802323
05.08.2025;16:50:00;8616.5;8616.6;8598.5;8606.3;3412.0;8560.79463343
05.08.2025;17:00:00;8608.1;8623.9;8606.0;8608.4;2458.0;8561.4776870957
05.08.2025;17:10:00;8606.2;8607.3;8599.1;8606.0;2019.0;8562.1539102247
05.08.2025;17:20:00;8604.9;8615.5;8604.5;8608.6;4957.0;8562.8233711225
05.08.2025;17:30:00;8607.1;8617.5;8607.0;8614.1;1563.0;8563.4861374113
05.08.2025;17:40:00;8615.8;8623.6;8611.4;8623.6;1650.0;8564.1422760372
05.08.2025;17:50:00;8623.6;8627.0;8621.7;8621.9;2100.0;8564.7918532768
05.08.2025;18:00:00;8623.4;8632.4;8619.0;8632.4;4584.0;8565.434934744
05.08.2025;18:10:00;8631.8;8632.8;8626.1;8630.5;2476.0;8566.1045853966
05.08.2025;18:20:00;8630.5;8632.0;8620.9;8621.0;1963.0;8566.7715395426
05.08.2025;18:30:00;8622.3;8626.3;8608.0;8616.7;8753.0;8567.4318241472
05.08.2025;18:40:00;8618.6;8627.0;8615.1;8624.9;3449.0;8568.0855059057
05.08.2025;19:00:00;8624.0;8636.4;8624.0;8631.0;1547.0;8568.7326508467
05.08.2025;19:10:00;8630.0;8632.8;8618.1;8619.1;940.0;8569.4093243382
05.08.2025;19:20:00;8620.0;8626.6;8619.1;8626.6;311.0;8570.0792310948
05.08.2025;19:30:00;8626.2;8627.0;8613.6;8613.6;633.0;8570.7424387839
05.08.2025;19:40:00;8613.3;8622.3;8612.4;8622.3;499.0;8571.399014396
05.08.2025;19:50:00;8622.7;8626.4;8622.4;8625.1;184.0;8572.0490242521
05.08.2025;20:00:00;8625.1;8625.2;8617.7;8622.4;254.0;8572.6925340095
05.08.2025;20:10:00;8622.4;8622.7;8620.0;8622.7;172.0;8573.3296086694
05.08.2025;20:20:00;8623.0;8625.0;8619.0;8619.0;449.0;8573.9603125828
05.08.2025;20:30:00;8619.4;8625.2;8618.1;8625.2;357.0;8574.5847094569
05.08.2025;20:40:00;8626.0;8627.7;8621.4;8621.4;215.0;8575.2028623624
05.08.2025;20:50:00;8621.0;8624.2;8618.6;8622.6;427.0;8575.8148337387
05.08.2025;21:00:00;8619.0;8620.5;8617.0;8620.2;307.0;8576.4206854013
05.08.2025;21:10:00;8619.0;8620.3;8617.7;8617.7;49.0;8577.0204785473
05.08.2025;21:20:00;8620.4;8622.4;8616.8;8619.8;187.0;8577.6142737619
05.08.2025;21:30:00;8619.5;8621.3;8618.5;8618.5;203.0;8578.2021310242
05.08.2025;21:40:00;8619.5;8620.2;8617.0;8618.9;126.0;8578.784109714
05.08.2025;21:50:00;8617.0;8618.5;8616.0;8616.5;290.0;8579.3602686169
05.08.2025;22:00:00;8616.4;8617.0;8615.0;8615.1;514.0;8579.9306659307
05.08.2025;22:10:00;8615.5;8621.0;8615.5;8620.9;391.0;8580.4953592714
05.08.2025;22:20:00;8620.9;8620.9;8617.6;8617.6;65.0;8581.0544056787
05.08.2025;22:30:00;8618.1;8622.0;8618.1;8621.5;562.0;8581.6078616219
05.08.2025;22:40:00;8620.0;8620.5;8617.2;8617.2;68.0;8582.1557830057
05.08.2025;22:50:00;8617.5;8620.9;8616.5;8616.5;190.0;8582.6982251756
05.08.2025;23:00:00;8616.0;8617.3;8614.3;8617.3;259.0;8583.2352429238
05.08.2025;23:10:00;8614.0;8614.7;8610.9;8614.2;691.0;8583.7668904946
05.08.2025;23:20:00;8614.1;8617.7;8614.1;8615.4;532.0;8584.2932215897
05.08.2025;23:30:00;8616.6;8616.6;8613.2;8614.7;90.0;8584.8142893738
05.08.2025;23:40:00;8615.9;8620.0;8613.1;8613.5;303.0;8585.33014648
06.08.2025;08:50:00;8611.0;8611.0;8611.0;8611.0;242.0;8585.8408450152
06.08.2025;09:00:00;8613.1;8629.7;8604.0;8615.5;3327.0;8586.3464365651
06.08.2025;09:10:00;8615.5;8617.6;8606.5;8606.5;994.0;8586.8469721994
06.08.2025;09:20:00;8606.5;8609.7;8605.2;8608.2;586.0;8587.3425024774
06.08.2025;09:30:00;8607.9;8614.5;8604.0;8612.0;1138.0;8587.8330774527
06.08.2025;09:40:00;8613.0;8613.0;8605.0;8607.0;1157.0;8588.3187466781
06.08.2025;09:50:00;8605.1;8606.9;8601.1;8601.7;1235.0;8588.7995592113
06.08.2025;10:00:00;8603.3;8617.1;8601.0;8608.1;2636.0;8589.2755636192
06.08.2025;10:10:00;8608.4;8609.4;8599.9;8607.0;1329.0;8589.746807983
06.08.2025;10:20:00;8606.0;8606.0;8593.4;8594.6;3361.0;8590.2133399032
06.08.2025;10:30:00;8595.5;8612.0;8593.3;8609.1;2016.0;8590.6752065042
06.08.2025;10:40:00;8609.4;8637.2;8609.2;8634.9;10127.0;8591.1324544391
06.08.2025;10:50:00;8634.8;8636.8;8619.2;8624.0;9965.0;8591.5931298947
06.08.2025;11:00:00;8624.0;8629.5;8622.2;8622.3;2330.0;8592.0491985958
06.08.2025;11:10:00;8622.0;8624.4;8612.7;8612.8;2046.0;8592.5007066098
06.08.2025;11:20:00;8613.9;8617.6;8610.6;8617.6;1038.0;8592.9476995437
06.08.2025;11:30:00;8617.6;8621.8;8608.4;8614.8;2587.0;8593.3902225483
06.08.2025;11:40:00;8616.0;8617.2;8612.0;8616.9;1109.0;8593.8283203228
06.08.2025;11:50:00;8617.0;8624.4;8612.7;8618.1;1726.0;8594.2620371196
06.08.2025;12:00:00;8619.1;8624.0;8616.0;8619.5;796.0;8594.6914167484
06.08.2025;12:10:00;8617.4;8624.6;8614.8;8623.1;989.0;8595.1165025809
06.08.2025;12:20:00;8624.2;8624.8;8618.9;8619.9;661.0;8595.5373375551
06.08.2025;12:30:00;8619.8;8619.8;8614.5;8614.6;2812.0;8595.9539641796
06.08.2025;12:40:00;8614.6;8618.9;8613.9;8614.8;7190.0;8596.3664245378
06.08.2025;12:50:00;8614.6;8618.2;8612.8;8615.0;4088.0;8596.7747602924
06.08.2025;13:00:00;8615.0;8620.5;8614.9;8618.2;1722.0;8597.1790126895
06.08.2025;13:10:00;8619.2;8628.9;8617.6;8628.9;3503.0;8597.5792225626
06.08.2025;13:20:00;8628.9;8630.2;8618.0;8618.7;4088.0;8597.9754303369
06.08.2025;13:30:00;8618.0;8618.3;8613.0;8615.0;3289.0;8598.3676760336
06.08.2025;13:40:00;8615.0;8615.0;8605.0;8614.3;5843.0;8598.7559992732
06.08.2025;13:50:00;8613.1;8614.0;8607.9;8614.0;2246.0;8599.1404392805
06.08.2025;14:00:00;8613.2;8623.6;8608.9;8617.6;1526.0;8599.5210348877
06.08.2025;14:10:00;8619.2;8623.3;8615.8;8618.6;2664.0;8599.8978245388
06.08.2025;14:20:00;8618.6;8622.0;8612.5;8612.5;9896.0;8600.2708462934
06.08.2025;14:30:00;8612.5;8615.7;8612.2;8613.4;1629.0;8600.6401378305
06.08.2025;14:40:00;8612.3;8619.0;8610.1;8614.3;1475.0;8601.0057364522
06.08.2025;14:50:00;8614.3;8617.4;8614.3;8617.3;1531.0;8601.3676790877
06.08.2025;15:00:00;8616.4;8616.4;8607.2;8607.2;1626.0;8601.7260022968
06.08.2025;15:10:00;8607.4;8608.8;8602.8;8608.8;1607.0;8602.0807422738
06.08.2025;15:20:00;8608.8;8612.7;8604.5;8605.9;1979.0;8602.4319348511
06.08.2025;15:30:00;8606.8;8607.0;8601.3;8605.4;1825.0;8637.2
06.08.2025;15:40:00;8604.1;8608.8;8604.1;8607.4;910.0;8636.482
06.08.2025;15:50:00;8605.7;8629.9;8605.7;8621.8;2418.0;8635.77836
06.08.2025;16:00:00;8621.0;8630.4;8620.0;8630.4;2719.0;8635.0887928
06.08.2025;16:10:00;8630.4;8635.1;8625.8;8635.0;5084.0;8601.3
06.08.2025;16:20:00;8635.0;8640.2;8631.1;8634.3;6372.0;8601.976
06.08.2025;16:30:00;8633.8;8636.5;8616.0;8619.8;2979.0;8602.35824
06.08.2025;16:40:00;8623.3;8623.6;8618.0;8623.3;362.0;8602.7366576
06.08.2025;16:50:00;8621.4;8638.5;8621.3;8633.3;2016.0;8603.111291024
06.08.2025;17:00:00;8635.9;8639.6;8631.0;8632.0;1898.0;8603.4821781138
06.08.2025;17:10:00;8630.3;8639.9;8628.0;8639.2;2048.0;8603.8493563326
06.08.2025;17:20:00;8639.8;8647.0;8639.8;8646.0;4707.0;8604.2128627693
06.08.2025;17:30:00;8646.9;8652.9;8644.9;8647.5;3912.0;8604.6407341416
06.08.2025;17:40:00;8647.4;8653.9;8646.0;8653.5;4673.0;8605.1233268002
06.08.2025;17:50:00;8653.5;8656.4;8648.5;8655.5;1708.0;8605.6110935322
06.08.2025;18:00:00;8655.5;8655.8;8647.0;8647.9;1744.0;8606.1189825969
06.08.2025;18:10:00;8648.0;8650.2;8643.6;8645.6;3431.0;8606.6217927709
06.08.2025;18:20:00;8646.5;8648.0;8635.7;8641.4;2493.0;8607.1195748432
06.08.2025;18:30:00;8641.7;8643.0;8635.0;8637.8;835.0;8607.6123790948
06.08.2025;18:40:00;8635.4;8647.9;8631.9;8647.9;711.0;8608.1002553038
06.08.2025;19:00:00;8648.0;8660.0;8648.0;8651.5;4175.0;8608.5832527508
06.08.2025;19:10:00;8653.2;8656.0;8641.4;8644.6;614.0;8609.0974202233
06.08.2025;19:20:00;8644.6;8647.0;8643.6;8647.0;193.0;8609.606446021
06.08.2025;19:30:00;8647.0;8647.0;8636.8;8640.0;350.0;8610.1103815608
06.08.2025;19:40:00;8640.0;8644.0;8638.0;8638.6;1574.0;8610.6092777452
06.08.2025;19:50:00;8639.0;8642.0;8635.4;8637.8;640.0;8611.1031849678
06.08.2025;20:00:00;8638.0;8638.0;8587.5;8619.0;9738.0;8660.0
06.08.2025;20:10:00;8618.9;8618.9;8580.1;8599.4;14623.0;8658.55
06.08.2025;20:20:00;8598.3;8598.6;8588.7;8597.0;1660.0;8657.7655
06.08.2025;20:30:00;8597.0;8612.4;8588.9;8612.4;2055.0;8656.988845
06.08.2025;20:40:00;8612.9;8618.1;8612.2;8616.1;565.0;8656.21995655
06.08.2025;20:50:00;8616.0;8616.1;8610.1;8611.2;868.0;8655.4587569845
06.08.2025;21:00:00;8610.1;8612.1;8605.7;8607.8;460.0;8654.7051694147
06.08.2025;21:10:00;8607.4;8607.4;8603.0;8603.8;199.0;8653.9591177205
06.08.2025;21:20:00;8605.0;8608.4;8591.7;8597.7;1109.0;8653.2205265433
06.08.2025;21:30:00;8598.0;8605.2;8598.0;8604.9;1049.0;8652.4893212779
06.08.2025;21:40:00;8603.8;8610.6;8602.1;8609.7;164.0;8651.7654280651
06.08.2025;21:50:00;8610.9;8614.1;8601.0;8601.0;620.0;8651.0487737844
06.08.2025;22:00:00;8602.1;8602.1;8582.0;8585.0;4910.0;8650.3392860466
06.08.2025;22:10:00;8585.0;8590.0;8570.2;8580.7;4073.0;8649.6368931861
06.08.2025;22:20:00;8583.0;8587.8;8549.8;8555.4;6392.0;8648.8425242543
06.08.2025;22:30:00;8552.4;8554.4;8519.2;8550.1;16507.0;8647.8520990117
06.08.2025;22:40:00;8551.8;8557.1;8542.7;8548.8;6635.0;8646.5655780216
06.08.2025;22:50:00;8551.0;8574.0;8550.1;8560.1;3381.0;8645.2919222414
06.08.2025;23:00:00;8558.7;8558.8;8546.0;8549.6;6147.0;8644.031003019
06.08.2025;23:10:00;8549.6;8565.3;8546.0;8562.4;2832.0;8642.7826929888
06.08.2025;23:20:00;8565.1;8566.3;8552.7;8564.0;731.0;8641.5468660589
06.08.2025;23:30:00;8564.0;8575.0;8553.0;8563.0;2462.0;8640.3233973983
06.08.2025;23:40:00;8563.0;8581.0;8560.0;8580.0;11099.0;8639.1121634243
07.08.2025;08:50:00;8581.0;8581.0;8581.0;8581.0;89.0;8637.9130417901
07.08.2025;09:00:00;8581.0;8615.3;8576.0;8605.6;3829.0;8636.7259113722
07.08.2025;09:10:00;8606.1;8612.5;8602.9;8611.3;1684.0;8635.5506522585
07.08.2025;09:20:00;8611.3;8617.0;8604.5;8607.2;1835.0;8634.3871457359
07.08.2025;09:30:00;8605.6;8617.5;8605.6;8616.0;1311.0;8633.2352742785
07.08.2025;09:40:00;8616.0;8624.0;8611.0;8615.0;2949.0;8632.0949215357
07.08.2025;09:50:00;8616.1;8618.9;8610.8;8616.1;1429.0;8630.9659723204
07.08.2025;10:00:00;8618.3;8627.5;8610.5;8613.6;9907.0;8629.8483125972
07.08.2025;10:10:00;8612.3;8612.9;8606.0;8610.9;6475.0;8628.7418294712
07.08.2025;10:20:00;8611.7;8617.1;8606.0;8610.8;14163.0;8627.6464111765
07.08.2025;10:30:00;8610.4;8623.6;8609.2;8612.2;10212.0;8626.5619470647
07.08.2025;10:40:00;8612.2;8619.3;8606.4;8612.1;11704.0;8625.4883275941
07.08.2025;10:50:00;8612.0;8622.5;8609.6;8611.7;9387.0;8624.4254443181
07.08.2025;11:00:00;8613.7;8617.0;8584.2;8592.4;10917.0;8623.373189875
07.08.2025;11:10:00;8593.3;8596.0;8586.9;8590.5;7595.0;8622.5
07.08.2025;11:20:00;8590.8;8593.3;8584.0;8585.8;11761.0;8621.467
07.08.2025;11:30:00;8585.8;8603.0;8583.2;8595.2;10518.0;8620.44433
07.08.2025;11:40:00;8595.2;8601.0;8586.3;8599.6;7773.0;8619.4318867
07.08.2025;11:50:00;8598.0;8599.5;8586.1;8587.8;1328.0;8618.429567833
07.08.2025;12:00:00;8587.6;8600.9;8584.3;8599.5;5594.0;8617.4372721547
07.08.2025;12:10:00;8600.8;8605.1;8592.4;8595.7;1746.0;8616.4548994331
07.08.2025;12:20:00;8596.4;8604.1;8593.2;8596.1;4112.0;8615.4823504388
07.08.2025;12:30:00;8597.6;8600.0;8586.9;8586.9;3602.0;8614.5195269344
07.08.2025;12:40:00;8587.8;8603.0;8586.8;8601.6;3272.0;8613.5663316651
07.08.2025;12:50:00;8600.9;8600.9;8595.6;8596.6;303.0;8612.6226683484
07.08.2025;13:00:00;8597.5;8598.1;8587.0;8587.6;1247.0;8611.6884416649
07.08.2025;13:10:00;8589.9;8591.1;8587.1;8589.1;1054.0;8610.7635572483
07.08.2025;13:20:00;8589.6;8594.5;8575.0;8577.3;3944.0;8609.8479216758
07.08.2025;13:30:00;8578.0;8599.0;8578.0;8598.8;5899.0;8608.941442459
07.08.2025;13:40:00;8597.0;8599.8;8592.0;8595.0;1062.0;8608.0440280344
07.08.2025;13:50:00;8593.9;8593.9;8583.0;8588.0;1950.0;8607.1555877541
07.08.2025;14:00:00;8587.7;8591.0;8587.0;8588.2;515.0;8606.2760318766
07.08.2025;14:10:00;8588.2;8602.3;8588.2;8601.0;5498.0;8605.4052715578
07.08.2025;14:20:00;8601.0;8605.0;8600.0;8604.1;5453.0;8519.2
07.08.2025;14:30:00;8604.3;8606.0;8589.0;8589.0;5435.0;8520.916
07.08.2025;14:40:00;8590.2;8596.3;8589.3;8592.9;1373.0;8521.76684
07.08.2025;14:50:00;8592.1;8596.4;8591.7;8596.4;659.0;8522.6091716
07.08.2025;15:00:00;8595.9;8597.0;8591.0;8591.0;1028.0;8523.443079884
07.08.2025;15:10:00;8591.3;8592.6;8587.2;8591.8;3249.0;8524.2686490852
07.08.2025;15:20:00;8592.1;8595.3;8591.1;8594.6;959.0;8525.0859625943
07.08.2025;15:30:00;8595.1;8612.6;8595.1;8601.9;7140.0;8525.8951029684
07.08.2025;15:40:00;8604.2;8606.5;8595.4;8596.0;3865.0;8526.7621519387
07.08.2025;15:50:00;8597.6;8604.9;8597.6;8601.6;1344.0;8527.6205304193
07.08.2025;16:00:00;8602.4;8607.7;8602.0;8604.7;1105.0;8528.4703251151
07.08.2025;16:10:00;8604.6;8611.0;8603.9;8607.0;2653.0;8529.311621864
07.08.2025;16:20:00;8605.9;8611.3;8605.7;8610.3;2207.0;8530.1445056453
07.08.2025;16:30:00;8610.2;8617.7;8610.2;8612.7;3300.0;8530.9690605889
07.08.2025;16:40:00;8613.4;8625.6;8613.3;8615.0;5783.0;8531.836369983
07.08.2025;16:50:00;8614.0;8622.5;8607.0;8607.0;3226.0;8532.7740062831
07.08.2025;17:00:00;8606.3;8609.8;8581.0;8591.6;16490.0;8533.7022662203
07.08.2025;17:10:00;8592.0;8610.0;8588.0;8602.2;7530.0;8534.6212435581
07.08.2025;17:20:00;8602.9;8604.0;8590.6;8597.2;3100.0;8535.5310311225
07.08.2025;17:30:00;8596.4;8605.6;8591.0;8605.6;2615.0;8536.4317208113
07.08.2025;17:40:00;8605.6;8607.8;8601.0;8605.7;3318.0;8537.3234036032
07.08.2025;17:50:00;8603.4;8614.3;8601.1;8604.4;7264.0;8538.2061695672
07.08.2025;18:00:00;8604.3;8607.1;8601.1;8603.1;1968.0;8539.0801078715
07.08.2025;18:10:00;8603.2;8606.0;8594.9;8595.1;2504.0;8539.9453067928
07.08.2025;18:20:00;8598.9;8614.8;8596.9;8612.5;4739.0;8540.8018537248
07.08.2025;18:30:00;8614.6;8617.3;8610.0;8610.0;1868.0;8541.6498351876
07.08.2025;18:40:00;8611.4;8613.1;8599.6;8599.6;1459.0;8542.4893368357
07.08.2025;19:00:00;8605.0;8620.0;8599.6;8620.0;2699.0;8543.3204434674
07.08.2025;19:10:00;8620.0;8625.0;8619.0;8619.3;1038.0;8544.1432390327
07.08.2025;19:20:00;8619.0;8621.0;8615.4;8621.0;1673.0;8544.9578066424
07.08.2025;19:30:00;8621.5;8622.3;8615.6;8620.9;1321.0;8545.7642285759
07.08.2025;19:40:00;8620.9;8625.6;8620.0;8624.7;1592.0;8546.5625862902
07.08.2025;19:50:00;8624.8;8625.6;8623.1;8623.1;248.0;8547.3529604273
07.08.2025;20:00:00;8623.1;8623.5;8620.0;8620.0;1113.0;8548.135430823
07.08.2025;20:10:00;8620.0;8621.0;8616.9;8620.6;145.0;8548.9100765148
07.08.2025;20:20:00;8619.0;8620.4;8614.9;8620.4;877.0;8549.6769757496
07.08.2025;20:30:00;8619.6;8621.4;8613.0;8620.0;1084.0;8550.4362059921
07.08.2025;20:40:00;8621.3;8623.5;8617.5;8623.5;3612.0;8551.1878439322
07.08.2025;20:50:00;8623.5;8625.4;8622.6;8625.4;1428.0;8551.9319654929
07.08.2025;21:00:00;8625.4;8644.2;8624.0;8640.5;7374.0;8552.668645838
07.08.2025;21:10:00;8640.5;8640.6;8632.8;8634.7;2824.0;8553.5839593796
07.08.2025;21:20:00;8634.7;8636.1;8620.4;8621.1;2425.0;8554.4901197858
07.08.2025;21:30:00;8621.1;8632.6;8621.1;8628.2;3616.0;8555.3872185879
07.08.2025;21:40:00;8627.7;8628.9;8619.8;8619.8;1255.0;8556.275346402
07.08.2025;21:50:00;8621.8;8621.8;8619.0;8620.6;648.0;8557.154592938
07.08.2025;22:00:00;8620.6;8624.0;8611.4;8624.0;3574.0;8558.0250470086
07.08.2025;22:10:00;8624.9;8626.8;8622.8;8623.7;405.0;8558.8867965386
07.08.2025;22:20:00;8624.6;8628.9;8623.8;8626.8;255.0;8559.7399285732
07.08.2025;22:30:00;8626.8;8638.4;8626.8;8634.8;2645.0;8560.5845292874
07.08.2025;22:40:00;8635.0;8641.3;8632.6;8635.2;3480.0;8561.4206839946
07.08.2025;22:50:00;8632.6;8637.5;8629.2;8637.5;991.0;8562.2484771546
07.08.2025;23:00:00;8636.9;8642.0;8634.4;8639.3;1057.0;8563.0679923831
07.08.2025;23:10:00;8638.5;8641.6;8635.0;8635.9;808.0;8563.8793124592
07.08.2025;23:20:00;8637.0;8641.0;8635.2;8641.0;1443.0;8564.6825193346
07.08.2025;23:30:00;8641.0;8642.0;8629.0;8639.5;2014.0;8565.4776941413
07.08.2025;23:40:00;8638.3;8641.6;8630.0;8630.0;1420.0;8566.2649171999
08.08.2025;08:50:00;8635.0;8635.0;8635.0;8635.0;82.0;8567.0442680279
08.08.2025;09:00:00;8635.0;8679.8;8635.0;8653.9;11457.0;8567.8158253476
08.08.2025;09:10:00;8652.6;8663.9;8652.6;8661.0;4944.0;8568.9356670941
08.08.2025;09:20:00;8661.0;8669.0;8660.0;8666.6;3315.0;8570.0443104232
08.08.2025;09:30:00;8666.3;8673.1;8659.2;8669.1;3224.0;8571.141867319
08.08.2025;09:40:00;8672.9;8675.1;8665.0;8666.4;2913.0;8572.2284486458
08.08.2025;09:50:00;8665.4;8668.0;8659.1;8663.3;3181.0;8573.3041641593
08.08.2025;10:00:00;8663.5;8703.4;8662.8;8695.2;17462.0;8574.3691225177
08.08.2025;10:10:00;8697.1;8709.6;8686.4;8704.2;11241.0;8575.6594312925
08.08.2025;10:20:00;8703.5;8703.5;8680.4;8684.6;11546.0;8576.9988369796
08.08.2025;10:30:00;8687.9;8691.2;8658.3;8665.4;8476.0;8578.3248486098
08.08.2025;10:40:00;8665.9;8671.2;8652.6;8670.2;14034.0;8579.6376001237
08.08.2025;10:50:00;8671.4;8684.7;8671.4;8679.6;11807.0;8580.9372241225
08.08.2025;11:00:00;8680.5;8682.6;8668.1;8675.1;3517.0;8582.2238518813
08.08.2025;11:10:00;8674.7;8684.8;8674.3;8683.2;2916.0;8583.4976133624
08.08.2025;11:20:00;8680.7;8683.2;8673.0;8673.4;2332.0;8584.7586372288
08.08.2025;11:30:00;8673.4;8674.0;8654.5;8658.0;8310.0;8586.0070508565
08.08.2025;11:40:00;8657.8;8660.0;8654.1;8659.5;2306.0;8587.242980348
08.08.2025;11:50:00;8659.6;8662.0;8654.7;8658.0;1251.0;8588.4665505445
08.08.2025;12:00:00;8658.0;8661.0;8644.9;8653.8;5609.0;8589.677885039
08.08.2025;12:10:00;8653.8;8657.2;8649.9;8654.2;3387.0;8590.8771061887
08.08.2025;12:20:00;8655.7;8662.9;8654.8;8662.9;12668.0;8592.0643351268
08.08.2025;12:30:00;8662.9;8671.9;8661.3;8666.9;10280.0;8593.2396917755
08.08.2025;12:40:00;8667.8;8675.9;8667.1;8675.1;4476.0;8594.4032948577
08.08.2025;12:50:00;8675.0;8682.5;8674.7;8681.4;7675.0;8595.5552619092
08.08.2025;13:00:00;8681.8;8692.9;8681.3;8692.0;7915.0;8596.6957092901
08.08.2025;13:10:00;8692.2;8695.9;8683.1;8687.1;6479.0;8597.8247521972
08.08.2025;13:20:00;8685.2;8687.9;8680.0;8682.0;6832.0;8598.9425046752
08.08.2025;13:30:00;8681.4;8699.7;8681.3;8694.7;9677.0;8600.0490796285
08.08.2025;13:40:00;8694.7;8701.9;8689.2;8695.8;9808.0;8601.1445888322
08.08.2025;13:50:00;8695.2;8695.9;8680.0;8681.6;3776.0;8602.2291429438
08.08.2025;14:00:00;8681.2;8686.6;8680.0;8686.5;2835.0;8603.3028515144
08.08.2025;14:10:00;8686.5;8697.7;8686.5;8687.8;10671.0;8604.3658229993
08.08.2025;14:20:00;8688.8;8688.9;8680.6;8686.5;5497.0;8605.4181647693
08.08.2025;14:30:00;8686.8;8696.0;8686.8;8693.0;6396.0;8606.4599831216
08.08.2025;14:40:00;8693.0;8701.0;8688.3;8698.4;9823.0;8607.4913832904
08.08.2025;14:50:00;8698.7;8709.2;8680.2;8684.6;6482.0;8608.5124694575
08.08.2025;15:00:00;8684.1;8688.0;8677.1;8678.2;7875.0;8609.5233447629
08.08.2025;15:10:00;8678.2;8682.0;8672.2;8681.8;7948.0;8610.5241113153
08.08.2025;15:20:00;8682.0;8701.8;8681.0;8696.5;4391.0;8611.5148702021
08.08.2025;15:30:00;8700.8;8714.2;8700.4;8709.8;17066.0;8612.4957215001
08.08.2025;15:40:00;8709.0;8711.4;8676.7;8688.8;8344.0;8613.5127642851
08.08.2025;15:50:00;8689.0;8708.7;8686.2;8699.8;3785.0;8614.5196366422
08.08.2025;16:00:00;8699.8;8709.0;8686.7;8694.1;6093.0;8615.5164402758
08.08.2025;16:10:00;8695.0;8702.3;8685.4;8685.5;2655.0;8616.5032758731
08.08.2025;16:20:00;8687.3;8690.0;8679.0;8687.0;3253.0;8617.4802431143
08.08.2025;16:30:00;8688.0;8703.0;8685.0;8700.0;6566.0;8618.4474406832
08.08.2025;16:40:00;8700.0;8703.4;8693.8;8694.5;1883.0;8619.4049662763
08.08.2025;16:50:00;8696.2;8702.8;8693.4;8695.0;1665.0;8620.3529166136
08.08.2025;17:00:00;8698.3;8698.3;8669.2;8675.0;10991.0;8621.2913874474
08.08.2025;17:10:00;8678.3;8687.0;8668.7;8687.0;4770.0;8622.220473573
08.08.2025;17:20:00;8685.6;8685.6;8663.7;8663.8;4457.0;8623.1402688372
08.08.2025;17:30:00;8663.5;8681.3;8662.0;8679.1;3591.0;8624.0508661489
08.08.2025;17:40:00;8678.3;8684.0;8676.1;8681.0;3329.0;8624.9523574874
08.08.2025;17:50:00;8680.5;8684.6;8680.0;8683.7;1741.0;8625.8448339125
08.08.2025;18:00:00;8683.7;8686.3;8681.0;8684.7;1507.0;8626.7283855734
08.08.2025;18:10:00;8682.4;8685.0;8672.0;8680.0;2082.0;8627.6031017176
08.08.2025;18:20:00;8680.3;8685.7;8674.6;8675.3;5316.0;8628.4690707005
08.08.2025;18:30:00;8675.1;8680.2;8671.7;8673.1;2792.0;8629.3263799935
08.08.2025;18:40:00;8672.7;8672.7;8663.0;8664.1;4070.0;8630.1751161935
08.08.2025;19:00:00;8673.0;8691.7;8664.0;8687.4;1421.0;8631.0153650316
08.08.2025;19:10:00;8687.0;8687.0;8678.1;8685.0;940.0;8631.8472113813
08.08.2025;19:20:00;8685.2;8694.0;8684.4;8690.0;2432.0;8632.6707392675
08.08.2025;19:30:00;8690.1;8697.4;8690.1;8690.3;949.0;8633.4860318748
08.08.2025;19:40:00;8690.0;8690.1;8684.4;8686.6;504.0;8634.293171556
08.08.2025;19:50:00;8684.7;8684.7;8677.4;8677.4;397.0;8635.0922398405
08.08.2025;20:00:00;8678.0;8687.7;8675.0;8686.9;1066.0;8635.8833174421
08.08.2025;20:10:00;8685.1;8689.0;8683.8;8684.9;239.0;8636.6664842677
08.08.2025;20:20:00;8684.9;8686.5;8680.6;8684.0;334.0;8637.441819425
08.08.2025;20:30:00;8684.4;8684.9;8680.1;8681.2;75.0;8638.2094012307
08.08.2025;20:40:00;8681.6;8683.5;8681.4;8683.5;796.0;8638.9693072184
08.08.2025;20:50:00;8683.7;8684.0;8640.0;8640.0;5613.0;8639.7216141462
08.08.2025;21:00:00;8642.8;8663.7;8616.9;8659.6;12698.0;8714.2
08.08.2025;21:10:00;8661.0;8674.0;8640.8;8640.8;6022.0;8712.254
08.08.2025;21:20:00;8643.2;8662.4;8643.2;8648.5;2789.0;8710.34692
08.08.2025;21:30:00;8650.7;8655.5;8644.9;8644.9;3436.0;8708.4779816
08.08.2025;21:40:00;8644.1;8654.8;8643.0;8650.7;2346.0;8706.646421968
08.08.2025;21:50:00;8650.9;8654.4;8645.3;8650.1;937.0;8704.8514935286
08.08.2025;22:00:00;8650.1;8660.8;8642.1;8654.9;1583.0;8703.0924636581
08.08.2025;22:10:00;8655.4;8659.0;8650.8;8659.0;354.0;8701.3686143849
08.08.2025;22:20:00;8659.2;8662.9;8648.0;8649.9;1688.0;8699.6792420972
08.08.2025;22:30:00;8648.1;8653.0;8645.0;8645.0;933.0;8698.0236572553
08.08.2025;22:40:00;8645.5;8653.0;8645.5;8652.0;1070.0;8696.4011841102
08.08.2025;22:50:00;8649.8;8659.0;8649.8;8659.0;279.0;8694.811160428
08.08.2025;23:00:00;8658.0;8664.0;8653.2;8660.1;445.0;8693.2529372194
08.08.2025;23:10:00;8662.4;8662.4;8654.2;8654.4;1721.0;8691.725878475
08.08.2025;23:20:00;8654.3;8656.7;8640.0;8643.7;2309.0;8690.2293609055
08.08.2025;23:30:00;8643.8;8649.9;8640.2;8642.9;1929.0;8688.7627736874
08.08.2025;23:40:00;8644.8;8658.0;8641.7;8649.6;1792.0;8687.3255182136
11.08.2025;08:50:00;8630.0;8630.0;8630.0;8630.0;1103.0;8685.9170078494
11.08.2025;09:00:00;8627.7;8630.0;8585.0;8585.0;19468.0;8684.5366676924
11.08.2025;09:10:00;8585.0;8588.7;8570.0;8588.7;5690.0;8683.5413010155
11.08.2025;09:20:00;8586.9;8589.0;8576.5;8576.5;5609.0;8682.4058880053
11.08.2025;09:30:00;8576.6;8578.2;8563.1;8566.8;4275.0;8681.2818291253
11.08.2025;09:40:00;8566.8;8579.1;8562.0;8572.0;6159.0;8680.100010834
11.08.2025;09:50:00;8572.2;8575.9;8569.4;8569.4;3818.0;8678.9190107257
11.08.2025;10:00:00;8569.4;8570.1;8545.3;8552.6;26086.0;8677.7498206184
11.08.2025;10:10:00;8552.0;8555.0;8533.8;8550.2;9644.0;8676.4253224122
11.08.2025;10:20:00;8551.3;8555.4;8534.6;8542.8;7771.0;8674.9990691881
11.08.2025;10:30:00;8543.1;8545.0;8515.2;8517.4;17182.0;8673.5870784962
11.08.2025;10:40:00;8515.3;8536.2;8511.7;8523.0;11503.0;8672.0032077113
11.08.2025;10:50:00;8522.1;8539.8;8521.8;8533.0;5495.0;8670.4001756341
11.08.2025;11:00:00;8534.1;8540.0;8528.0;8539.5;6285.0;8668.8131738778
11.08.2025;11:10:00;8540.4;8540.8;8535.0;8536.3;3798.0;8667.242042139
11.08.2025;11:20:00;8536.0;8545.4;8534.0;8543.4;6219.0;8665.6866217176
11.08.2025;11:30:00;8543.4;8552.1;8541.5;8548.7;6460.0;8664.1467555005
11.08.2025;11:40:00;8548.3;8560.0;8542.7;8560.0;5838.0;8662.6222879455
11.08.2025;11:50:00;8560.0;8565.5;8554.0;8558.6;7151.0;8661.113065066
11.08.2025;12:00:00;8558.5;8563.0;8554.1;8562.2;1777.0;8659.6189344153
11.08.2025;12:10:00;8561.9;8567.4;8546.4;8561.4;6112.0;8658.1397450712
11.08.2025;12:20:00;8559.7;8571.0;8558.6;8568.7;4515.0;8656.6753476205
11.08.2025;12:30:00;8569.2;8570.6;8562.0;8566.1;2482.0;8655.2255941443
11.08.2025;12:40:00;8564.7;8565.0;8558.9;8563.9;3986.0;8653.7903382028
11.08.2025;12:50:00;8563.9;8564.0;8550.1;8556.9;4549.0;8652.3694348208
11.08.2025;13:00:00;8556.1;8562.2;8553.0;8561.8;3327.0;8650.9627404726
11.08.2025;13:10:00;8562.0;8572.0;8554.8;8569.0;2704.0;8649.5701130679
11.08.2025;13:20:00;8570.0;8573.0;8565.1;8567.7;3024.0;8648.1914119372
11.08.2025;13:30:00;8567.8;8570.6;8564.8;8570.6;2630.0;8646.8264978178
11.08.2025;13:40:00;8570.6;8578.0;8568.1;8575.2;5849.0;8645.4752328396
11.08.2025;13:50:00;8575.2;8579.4;8573.5;8579.4;3190.0;8644.1374805112
11.08.2025;14:00:00;8577.7;8577.7;8567.2;8567.7;1947.0;8642.8131057061
11.08.2025;14:10:00;8567.7;8575.0;8566.0;8568.2;3269.0;8641.5019746491
11.08.2025;14:20:00;8568.4;8569.1;8555.4;8557.9;2404.0;8640.2039549026
11.08.2025;14:30:00;8557.9;8558.8;8553.3;8554.8;2155.0;8638.9189153535
11.08.2025;14:40:00;8554.7;8567.2;8554.4;8566.5;1909.0;8637.6467262
11.08.2025;14:50:00;8563.9;8564.0;8546.4;8564.0;4404.0;8636.387258938
11.08.2025;15:00:00;8565.0;8567.9;8552.4;8556.7;3302.0;8635.1403863486
11.08.2025;15:10:00;8556.8;8559.0;8549.6;8551.9;1726.0;8633.9059824851
11.08.2025;15:20:00;8550.4;8563.0;8545.0;8550.4;3354.0;8632.6839226603
11.08.2025;15:30:00;8549.7;8559.3;8543.6;8557.8;3000.0;8631.4740834337
11.08.2025;15:40:00;8558.0;8571.3;8555.6;8569.2;9567.0;8630.2763425994
11.08.2025;15:50:00;8569.3;8573.0;8568.1;8570.2;1326.0;8629.0905791734
11.08.2025;16:00:00;8570.5;8573.9;8557.8;8557.8;4348.0;8627.9166733816
11.08.2025;16:10:00;8557.0;8563.8;8551.9;8561.8;3494.0;8626.7545066478
11.08.2025;16:20:00;8562.0;8567.0;8559.2;8564.4;1953.0;8625.6039615813
11.08.2025;16:30:00;8564.4;8573.0;8561.5;8566.8;3090.0;8624.4649219655
11.08.2025;16:40:00;8566.0;8578.6;8566.0;8577.9;4661.0;8623.3372727459
11.08.2025;16:50:00;8576.5;8578.5;8575.5;8575.5;1406.0;8622.2209000184
11.08.2025;17:00:00;8575.2;8575.4;8569.0;8570.0;1964.0;8621.1156910182
11.08.2025;17:10:00;8570.0;8577.0;8564.8;8572.2;3386.0;8620.021534108
11.08.2025;17:20:00;8571.2;8575.5;8556.0;8557.3;4266.0;8618.938318767
11.08.2025;17:30:00;8557.5;8562.0;8543.4;8544.7;8783.0;8617.8659355793
11.08.2025;17:40:00;8544.1;8549.3;8536.2;8549.3;8227.0;8616.8042762235
11.08.2025;17:50:00;8549.2;8549.2;8542.6;8543.9;700.0;8615.7532334613
11.08.2025;18:00:00;8542.7;8551.0;8535.7;8540.2;2708.0;8614.7127011266
11.08.2025;18:10:00;8538.6;8543.2;8535.0;8537.5;2104.0;8613.6825741154
11.08.2025;18:20:00;8538.5;8541.9;8537.0;8541.1;606.0;8612.6627483742
11.08.2025;18:30:00;8541.3;8549.2;8539.8;8541.6;3575.0;8611.6531208905
11.08.2025;18:40:00;8541.7;8544.2;8535.7;8542.6;1611.0;8610.6535896816
11.08.2025;19:00:00;8539.8;8539.8;8530.0;8536.6;2127.0;8609.6640537848
11.08.2025;19:10:00;8535.2;8548.0;8532.3;8546.1;470.0;8608.6844132469
11.08.2025;19:20:00;8543.0;8545.3;8537.8;8537.8;238.0;8607.7145691144
11.08.2025;19:30:00;8537.0;8538.8;8532.0;8532.0;263.0;8606.7544234233
11.08.2025;19:40:00;8532.0;8532.4;8530.0;8530.1;636.0;8605.8038791891
11.08.2025;19:50:00;8530.1;8533.3;8530.0;8532.8;628.0;8604.8628403972
11.08.2025;20:00:00;8532.6;8532.7;8511.7;8519.9;4683.0;8603.9312119932
11.08.2025;20:10:00;8519.9;8523.7;8518.5;8521.0;824.0;8603.0088998733
11.08.2025;20:20:00;8523.0;8526.5;8521.2;8525.0;1141.0;8602.0958108745
11.08.2025;20:30:00;8526.5;8553.0;8520.8;8548.0;4602.0;8601.1918527658
11.08.2025;20:40:00;8546.0;8562.0;8543.9;8552.3;4271.0;8600.2969342381
11.08.2025;20:50:00;8552.3;8558.3;8552.3;8552.8;554.0;8599.4109648958
11.08.2025;21:00:00;8553.0;8555.6;8547.1;8554.5;777.0;8598.5338552468
11.08.2025;21:10:00;8552.2;8554.0;8539.6;8539.7;583.0;8597.6655166943
11.08.2025;21:20:00;8539.7;8546.0;8539.7;8544.8;260.0;8596.8058615274
11.08.2025;21:30:00;8544.9;8549.5;8542.1;8543.2;1419.0;8595.9548029121
11.08.2025;21:40:00;8543.2;8551.2;8543.2;8545.1;2108.0;8595.112254883
11.08.2025;21:50:00;8544.0;8550.0;8540.2;8550.0;1501.0;8594.2781323342
11.08.2025;22:00:00;8550.0;8555.1;8548.5;8548.5;3492.0;8593.4523510108
11.08.2025;22:10:00;8548.5;8549.9;8540.0;8541.8;575.0;8592.6348275007
11.08.2025;22:20:00;8541.6;8543.4;8538.5;8539.1;669.0;8591.8254792257
11.08.2025;22:30:00;8542.0;8542.0;8538.1;8541.4;445.0;8591.0242244335
11.08.2025;22:40:00;8541.7;8543.3;8540.0;8541.0;186.0;8590.2309821891
11.08.2025;22:50:00;8542.5;8542.5;8531.6;8537.0;653.0;8589.4456723672
11.08.2025;23:00:00;8537.4;8537.9;8531.7;8532.4;496.0;8588.6682156436
11.08.2025;23:10:00;8534.5;8535.0;8531.8;8533.0;377.0;8587.8985334871
11.08.2025;23:20:00;8534.4;8534.8;8531.8;8531.8;153.0;8587.1365481522
11.08.2025;23:30:00;8532.0;8536.1;8531.3;8531.4;603.0;8586.3821826707
11.08.2025;23:40:00;8531.4;8561.6;8521.0;8533.0;3562.0;8585.635360844
12.08.2025;08:50:00;8536.0;8536.0;8536.0;8536.0;116.0;8584.8960072356
12.08.2025;09:00:00;8537.0;8568.0;8537.0;8542.0;4261.0;8584.1640471632
12.08.2025;09:10:00;8542.0;8544.3;8528.1;8530.5;2346.0;8583.4394066916
12.08.2025;09:20:00;8531.0;8536.1;8524.1;8536.1;1296.0;8582.7220126247
12.08.2025;09:30:00;8536.6;8544.2;8532.5;8541.0;908.0;8582.0117924984
12.08.2025;09:40:00;8540.9;8542.7;8532.0;8534.7;936.0;8581.3086745734
12.08.2025;09:50:00;8537.0;8540.4;8533.9;8535.7;1115.0;8580.6125878277
12.08.2025;10:00:00;8538.5;8544.9;8530.8;8541.1;5478.0;8579.9234619494
12.08.2025;10:10:00;8541.1;8555.5;8535.7;8547.1;8021.0;8579.2412273299
12.08.2025;10:20:00;8547.2;8550.4;8539.6;8541.7;14954.0;8578.5658150566
12.08.2025;10:30:00;8543.4;8555.1;8539.1;8553.5;13601.0;8577.8971569061
12.08.2025;10:40:00;8553.1;8557.1;8551.7;8552.7;2871.0;8577.235185337
12.08.2025;10:50:00;8551.5;8551.8;8543.6;8549.3;2089.0;8576.5798334836
12.08.2025;11:00:00;8548.5;8557.3;8540.3;8555.8;6720.0;8575.9310351488
12.08.2025;11:10:00;8557.3;8557.3;8548.9;8549.9;2500.0;8575.2887247973
12.08.2025;11:20:00;8550.4;8551.3;8534.3;8537.0;4621.0;8574.6528375493
12.08.2025;11:30:00;8538.8;8539.0;8531.8;8533.8;2760.0;8574.0233091739
12.08.2025;11:40:00;8537.0;8544.0;8532.8;8533.7;9261.0;8573.4000760821
12.08.2025;11:50:00;8535.1;8541.0;8532.5;8539.9;2129.0;8572.7830753213
12.08.2025;12:00:00;8540.0;8540.0;8531.2;8536.3;2921.0;8572.1722445681
12.08.2025;12:10:00;8538.2;8541.8;8536.0;8537.4;1915.0;8571.5675221224
12.08.2025;12:20:00;8537.1;8538.5;8524.5;8530.2;5066.0;8570.9688469012
12.08.2025;12:30:00;8529.9;8535.4;8525.6;8533.7;2968.0;8570.3761584322
12.08.2025;12:40:00;8532.4;8537.9;8532.3;8535.7;995.0;8569.7893968478
12.08.2025;12:50:00;8536.6;8537.1;8530.3;8531.3;1641.0;8569.2085028794
12.08.2025;13:00:00;8531.7;8532.5;8522.0;8531.9;4185.0;8568.6334178506
12.08.2025;13:10:00;8532.0;8540.0;8530.0;8538.8;1686.0;8568.0640836721
12.08.2025;13:20:00;8539.7;8541.0;8537.3;8539.7;541.0;8567.5004428353
12.08.2025;13:30:00;8540.0;8541.3;8533.2;8537.2;2117.0;8566.942438407
12.08.2025;13:40:00;8537.7;8537.7;8532.0;8533.0;898.0;8566.3900140229
12.08.2025;13:50:00;8534.1;8537.5;8531.1;8535.8;475.0;8565.8431138827
12.08.2025;14:00:00;8531.0;8531.9;8522.0;8528.6;1245.0;8565.3016827439
12.08.2025;14:10:00;8528.5;8531.1;8519.0;8521.7;2637.0;8564.7656659164
12.08.2025;14:20:00;8521.0;8526.6;8518.0;8525.7;6105.0;8564.2350092573
12.08.2025;14:30:00;8523.9;8525.9;8518.0;8525.7;10781.0;8563.7096591647
12.08.2025;14:40:00;8525.6;8530.0;8524.4;8527.4;5409.0;8563.189562573
12.08.2025;14:50:00;8527.0;8528.5;8524.8;8525.9;1593.0;8562.6746669473
12.08.2025;15:00:00;8526.0;8528.0;8519.0;8522.1;4370.0;8562.1649202778
12.08.2025;15:10:00;8521.2;8521.2;8498.0;8501.5;28552.0;8561.6602710751
12.08.2025;15:20:00;8501.7;8501.7;8488.5;8494.5;11270.0;8561.0236683643
12.08.2025;15:30:00;8495.3;8518.6;8494.9;8499.0;15592.0;8560.2984316807
12.08.2025;15:40:00;8498.3;8522.6;8495.0;8520.9;7729.0;8559.5804473639
12.08.2025;15:50:00;8522.6;8530.0;8516.3;8519.1;12272.0;8558.8696428902
12.08.2025;16:00:00;8517.3;8524.6;8508.7;8513.2;5284.0;8558.1659464613
12.08.2025;16:10:00;8510.2;8513.7;8504.5;8505.7;2502.0;8557.4692869967
12.08.2025;16:20:00;8505.5;8512.5;8505.3;8512.4;1224.0;8556.7795941267
12.08.2025;16:30:00;8512.8;8515.0;8503.0;8505.0;5897.0;8556.0967981855
12.08.2025;16:40:00;8505.0;8525.0;8495.6;8513.4;15909.0;8555.4208302036
12.08.2025;16:50:00;8512.6;8512.6;8500.7;8506.7;5741.0;8554.7516219016
12.08.2025;17:00:00;8507.4;8507.8;8495.2;8497.4;5106.0;8554.0891056826
12.08.2025;17:10:00;8495.2;8497.2;8480.0;8482.7;14138.0;8553.4332146257
12.08.2025;17:20:00;8483.2;8494.1;8480.6;8493.7;4466.0;8552.6988824795
12.08.2025;17:30:00;8492.3;8497.8;8486.8;8493.1;4563.0;8551.9718936547
12.08.2025;17:40:00;8491.3;8493.3;8485.6;8485.6;6762.0;8551.2521747181
12.08.2025;17:50:00;8485.5;8496.5;8484.7;8495.2;1839.0;8550.539652971
12.08.2025;18:00:00;8494.1;8499.0;8493.9;8495.9;1915.0;8549.8342564412
12.08.2025;18:10:00;8496.0;8499.9;8494.9;8498.0;1954.0;8549.1359138768
12.08.2025;18:20:00;8498.0;8530.0;8496.3;8523.9;14317.0;8548.4445547381
12.08.2025;18:30:00;8523.0;8526.5;8505.9;8508.0;4201.0;8547.7601091907
12.08.2025;18:40:00;8507.5;8512.2;8502.9;8504.7;2351.0;8547.0825080988
12.08.2025;19:00:00;8505.7;8513.9;8496.1;8513.9;1138.0;8546.4116830178
12.08.2025;19:10:00;8511.7;8511.9;8503.7;8507.2;841.0;8545.7475661876
12.08.2025;19:20:00;8507.2;8520.7;8507.2;8517.5;953.0;8545.0900905257
12.08.2025;19:30:00;8519.1;8521.5;8513.1;8518.2;1475.0;8544.4391896205
12.08.2025;19:40:00;8515.9;8518.5;8512.6;8513.7;231.0;8543.7947977243
12.08.2025;19:50:00;8514.6;8519.0;8514.3;8515.8;291.0;8543.156849747
12.08.2025;20:00:00;8516.0;8518.3;8516.0;8517.5;1211.0;8542.5252812496
12.08.2025;20:10:00;8517.5;8520.0;8517.5;8518.3;1769.0;8541.9000284371
12.08.2025;20:20:00;8518.3;8519.3;8511.1;8513.0;939.0;8541.2810281527
12.08.2025;20:30:00;8511.0;8512.5;8506.6;8510.9;749.0;8540.6682178712
12.08.2025;20:40:00;8511.2;8511.4;8508.7;8511.1;120.0;8540.0615356925
12.08.2025;20:50:00;8509.7;8510.3;8508.8;8509.5;179.0;8539.4609203355
12.08.2025;21:00:00;8509.3;8515.4;8509.3;8514.6;283.0;8538.8663111322
12.08.2025;21:10:00;8515.4;8515.5;8514.3;8514.3;207.0;8538.2776480209
12.08.2025;21:20:00;8515.0;8515.0;8514.0;8514.0;29.0;8537.6948715406
12.08.2025;21:30:00;8514.0;8514.3;8511.0;8511.2;289.0;8537.1179228252
12.08.2025;21:40:00;8511.0;8512.8;8510.2;8510.2;268.0;8536.546743597
12.08.2025;21:50:00;8513.1;8513.1;8513.1;8513.1;14.0;8535.981276161
12.08.2025;22:00:00;8512.8;8513.1;8508.0;8508.0;641.0;8535.4214633994
12.08.2025;22:10:00;8509.0;8512.8;8508.9;8511.7;107.0;8534.8672487654
12.08.2025;22:20:00;8510.9;8514.5;8508.9;8514.5;270.0;8534.3185762778
12.08.2025;22:30:00;8514.9;8516.5;8514.9;8516.0;277.0;8533.775390515
12.08.2025;22:40:00;8516.0;8516.9;8514.7;8515.3;148.0;8533.2376366098
12.08.2025;22:50:00;8516.3;8516.3;8514.7;8514.8;100.0;8532.7052602437
12.08.2025;23:00:00;8514.8;8515.5;8512.3;8514.8;346.0;8532.1782076413
12.08.2025;23:10:00;8514.9;8517.0;8514.9;8515.5;338.0;8531.6564255649
12.08.2025;23:20:00;8515.5;8515.5;8514.7;8514.8;578.0;8531.1398613092
12.08.2025;23:30:00;8517.0;8517.5;8515.5;8517.4;245.0;8530.6284626961
12.08.2025;23:40:00;8515.9;8517.8;8512.3;8517.8;241.0;8530.1221780692
13.08.2025;08:50:00;8517.8;8517.8;8517.8;8517.8;33.0;8529.6209562885
13.08.2025;09:00:00;8518.0;8518.1;8512.9;8517.7;933.0;8529.1247467256
13.08.2025;09:10:00;8517.6;8531.3;8516.6;8527.2;3790.0;8480.0
13.08.2025;09:20:00;8527.2;8530.0;8523.5;8523.5;1366.0;8481.026
13.08.2025;09:30:00;8523.6;8527.6;8523.1;8526.0;860.0;8482.03148
13.08.2025;09:40:00;8527.6;8533.7;8525.9;8532.2;2018.0;8483.0168504
13.08.2025;09:50:00;8531.5;8535.0;8530.6;8533.7;1098.0;8483.523681896
13.08.2025;10:00:00;8533.6;8536.2;8525.3;8536.0;4693.0;8484.038445077
13.08.2025;10:10:00;8536.0;8538.4;8530.3;8537.6;5760.0;8484.5600606263
13.08.2025;10:20:00;8537.5;8542.7;8535.2;8537.8;3216.0;8485.09846002
13.08.2025;10:30:00;8537.8;8544.6;8535.9;8544.5;3052.0;8485.6744754198
13.08.2025;10:40:00;8543.6;8545.2;8541.5;8542.9;5657.0;8486.2637306656
13.08.2025;10:50:00;8543.8;8543.8;8539.4;8541.1;2571.0;8486.853093359
13.08.2025;11:00:00;8541.1;8541.5;8536.5;8538.2;1267.0;8487.4365624254
13.08.2025;11:10:00;8537.0;8544.3;8534.8;8544.0;4013.0;8488.0141968011
13.08.2025;11:20:00;8544.0;8549.6;8544.0;8547.4;4121.0;8488.5860548331
13.08.2025;11:30:00;8548.2;8553.1;8548.2;8553.1;5485.0;8489.1961942848
13.08.2025;11:40:00;8553.1;8559.0;8552.0;8557.0;8125.0;8489.8352323419
13.08.2025;11:50:00;8556.6;8557.7;8548.6;8549.5;2577.0;8490.5268800185
13.08.2025;12:00:00;8550.2;8555.5;8549.2;8552.8;1520.0;8491.2116112183
13.08.2025;12:10:00;8553.0;8554.0;8552.6;8553.7;755.0;8491.8894951061
13.08.2025;12:20:00;8553.7;8553.7;8542.0;8545.3;1660.0;8492.5606001551
13.08.2025;12:30:00;8545.1;8554.2;8545.0;8553.7;3286.0;8493.2249941535
13.08.2025;12:40:00;8553.8;8556.4;8552.5;8556.2;5836.0;8493.882744212
13.08.2025;12:50:00;8555.4;8566.5;8554.6;8565.3;5733.0;8494.5339167699
13.08.2025;13:00:00;8564.8;8566.5;8561.4;8563.6;571.0;8495.2535776022
13.08.2025;13:10:00;8563.6;8566.8;8561.5;8566.4;2349.0;8495.9660418261
13.08.2025;13:20:00;8566.4;8568.5;8562.6;8564.1;1764.0;8496.6743814079
13.08.2025;13:30:00;8565.6;8573.0;8563.9;8571.0;4656.0;8497.3926375938
13.08.2025;13:40:00;8571.0;8571.1;8561.1;8566.3;4522.0;8498.1487112179
13.08.2025;13:50:00;8565.8;8568.2;8563.5;8566.5;3795.0;8498.8972241057
13.08.2025;14:00:00;8565.3;8565.9;8560.5;8562.8;931.0;8499.6382518646
13.08.2025;14:10:00;8560.8;8560.9;8549.7;8553.3;3464.0;8500.371869346
13.08.2025;14:20:00;8552.7;8556.2;8551.0;8553.2;2190.0;8501.0981506525
13.08.2025;14:30:00;8554.9;8556.0;8550.0;8554.2;1983.0;8501.817169146
13.08.2025;14:40:00;8552.8;8554.4;8546.2;8552.1;2419.0;8502.5289974545
13.08.2025;14:50:00;8551.1;8561.6;8551.1;8560.7;2203.0;8503.23370748
13.08.2025;15:00:00;8562.0;8566.8;8555.1;8555.1;8146.0;8503.9313704052
13.08.2025;15:10:00;8555.1;8560.0;8554.5;8558.5;2753.0;8504.6220567011
13.08.2025;15:20:00;8558.5;8564.5;8558.2;8559.0;2236.0;8505.3058361341
13.08.2025;15:30:00;8559.0;8563.5;8555.3;8561.6;2460.0;8505.9827777728
13.08.2025;15:40:00;8561.3;8564.0;8556.2;8564.0;941.0;8506.6529499951
13.08.2025;15:50:00;8564.0;8564.6;8558.2;8560.9;1080.0;8507.3164204951
13.08.2025;16:00:00;8562.1;8564.4;8553.1;8554.5;2639.0;8507.9732562902
13.08.2025;16:10:00;8554.6;8557.9;8550.2;8554.1;1527.0;8508.6235237273
13.08.2025;16:20:00;8554.1;8555.1;8546.2;8549.4;3421.0;8509.26728849
13.08.2025;16:30:00;8550.4;8561.3;8548.1;8560.0;2705.0;8509.9046156051
13.08.2025;16:40:00;8561.9;8563.0;8556.0;8558.5;2353.0;8510.535569449
13.08.2025;16:50:00;8560.1;8563.9;8558.3;8563.4;1328.0;8511.1602137545
13.08.2025;17:00:00;8563.4;8571.4;8559.4;8567.8;5726.0;8511.778611617
13.08.2025;17:10:00;8568.3;8572.8;8562.3;8569.0;6233.0;8512.3908255008
13.08.2025;17:20:00;8567.1;8567.4;8558.0;8561.8;2195.0;8512.9969172458
13.08.2025;17:30:00;8561.4;8565.0;8555.1;8559.0;3662.0;8513.5969480734
13.08.2025;17:40:00;8558.2;8561.0;8551.2;8561.0;3645.0;8514.1909785926
13.08.2025;17:50:00;8560.2;8568.0;8556.7;8567.4;9378.0;8514.7790688067
13.08.2025;18:00:00;8567.9;8568.7;8560.0;8560.0;1727.0;8515.3612781186
13.08.2025;18:10:00;8559.1;8562.1;8549.5;8550.5;2055.0;8515.9376653375
13.08.2025;18:20:00;8549.9;8555.0;8549.3;8549.9;2110.0;8516.5082886841
13.08.2025;18:30:00;8550.1;8560.1;8550.1;8558.3;10269.0;8517.0732057972
13.08.2025;18:40:00;8559.0;8562.5;8558.7;8559.0;3150.0;8517.6324737393
13.08.2025;19:00:00;8557.0;8567.4;8557.0;8563.6;1065.0;8518.1861490019
13.08.2025;19:10:00;8564.0;8577.8;8563.6;8571.8;2730.0;8518.7342875119
13.08.2025;19:20:00;8573.4;8575.8;8571.0;8573.2;620.0;8519.3249446367
13.08.2025;19:30:00;8573.2;8576.8;8568.3;8568.6;952.0;8519.9096951904
13.08.2025;19:40:00;8568.4;8569.5;8564.6;8567.6;513.0;8520.4885982385
13.08.2025;19:50:00;8568.6;8580.0;8568.6;8571.1;2374.0;8521.0617122561
13.08.2025;20:00:00;8572.1;8576.7;8572.1;8574.7;150.0;8521.6510951335
13.08.2025;20:10:00;8573.3;8574.0;8573.3;8573.4;63.0;8522.2345841822
13.08.2025;20:20:00;8573.3;8574.9;8570.3;8570.3;339.0;8522.8122383404
13.08.2025;20:30:00;8573.0;8573.1;8562.1;8562.1;539.0;8523.384115957
13.08.2025;20:40:00;8562.1;8564.6;8559.8;8560.4;294.0;8523.9502747974
13.08.2025;20:50:00;8561.8;8563.4;8557.0;8561.1;643.0;8524.5107720494
13.08.2025;21:00:00;8560.4;8562.0;8556.2;8562.0;964.0;8525.0656643289
13.08.2025;21:10:00;8560.1;8560.1;8557.2;8557.2;173.0;8525.6150076856
13.08.2025;21:20:00;8557.9;8559.5;8556.2;8557.6;689.0;8526.1588576088
13.08.2025;21:30:00;8557.6;8559.8;8556.3;8559.8;349.0;8526.6972690327
13.08.2025;21:40:00;8559.8;8562.4;8558.9;8560.3;624.0;8527.2302963424
13.08.2025;21:50:00;8560.3;8565.1;8560.1;8565.0;215.0;8527.7579933789
13.08.2025;22:00:00;8564.9;8571.6;8562.8;8570.1;1881.0;8528.2804134451
13.08.2025;22:10:00;8569.8;8574.0;8569.8;8573.5;837.0;8528.7976093107
13.08.2025;22:20:00;8573.5;8579.0;8573.5;8575.2;662.0;8529.3096332176
13.08.2025;22:30:00;8575.2;8577.4;8573.3;8575.0;219.0;8529.8165368854
13.08.2025;22:40:00;8573.7;8576.9;8572.2;8576.9;302.0;8530.3183715166
13.08.2025;22:50:00;8576.1;8579.0;8575.8;8578.9;486.0;8530.8151878014
13.08.2025;23:00:00;8577.9;8580.0;8572.6;8576.8;625.0;8531.3070359234
13.08.2025;23:10:00;8579.9;8579.9;8577.0;8577.0;190.0;8531.7939655641
13.08.2025;23:20:00;8578.7;8579.9;8574.0;8575.9;351.0;8532.2760259085
13.08.2025;23:30:00;8575.9;8585.1;8570.2;8577.7;2779.0;8532.7532656494
13.08.2025;23:40:00;8577.0;8582.0;8570.7;8576.0;783.0;8533.2767329929
14.08.2025;08:50:00;8577.0;8577.0;8577.0;8577.0;21.0;8533.794965663
14.08.2025;09:00:00;8578.0;8585.0;8561.0;8575.0;2958.0;8534.3080160064
14.08.2025;09:10:00;8573.9;8574.4;8566.1;8566.2;1204.0;8534.8159358463
14.08.2025;09:20:00;8566.3;8569.4;8562.8;8567.2;1184.0;8535.3187764878
14.08.2025;09:30:00;8569.9;8572.9;8566.0;8570.1;226.0;8535.816588723
14.08.2025;09:40:00;8571.2;8574.5;8565.8;8569.7;1291.0;8536.3094228357
14.08.2025;09:50:00;8569.7;8583.9;8567.4;8580.1;964.0;8536.7973286074
14.08.2025;10:00:00;8581.1;8588.8;8579.2;8582.6;10630.0;8537.2803553213
14.08.2025;10:10:00;8582.6;8588.8;8568.5;8586.5;7808.0;8537.7955517681
14.08.2025;10:20:00;8586.1;8588.0;8581.2;8585.5;1237.0;8538.3055962504
14.08.2025;10:30:00;8584.1;8586.2;8576.3;8579.1;3971.0;8538.8105402879
14.08.2025;10:40:00;8577.5;8581.7;8566.0;8566.4;5492.0;8539.310434885
14.08.2025;10:50:00;8566.3;8568.1;8547.3;8550.4;13896.0;8539.8053305362
14.08.2025;11:00:00;8549.5;8558.0;8537.8;8549.6;11507.0;8588.8
14.08.2025;11:10:00;8549.5;8559.4;8540.8;8548.7;8604.0;8587.78
14.08.2025;11:20:00;8549.0;8567.2;8548.6;8564.0;6770.0;8586.7804
14.08.2025;11:30:00;8564.9;8567.0;8556.0;8557.9;6997.0;8585.800792
14.08.2025;11:40:00;8557.8;8559.0;8550.6;8551.1;2550.0;8584.84077616
14.08.2025;11:50:00;8552.1;8556.2;8545.9;8547.5;4035.0;8583.8999606368
14.08.2025;12:00:00;8547.3;8562.1;8544.8;8559.6;7101.0;8582.9779614241
14.08.2025;12:10:00;8559.1;8566.0;8556.0;8564.9;3891.0;8582.0744021956
14.08.2025;12:20:00;8564.5;8565.3;8557.5;8558.0;2249.0;8581.1889141517
14.08.2025;12:30:00;8559.7;8566.8;8559.7;8560.7;2529.0;8580.3211358686
14.08.2025;12:40:00;8560.7;8566.0;8552.2;8561.7;5289.0;8579.4707131513
14.08.2025;12:50:00;8562.1;8567.0;8556.3;8557.7;691.0;8578.6372988882
14.08.2025;13:00:00;8559.2;8560.5;8552.2;8552.2;919.0;8577.8205529105
14.08.2025;13:10:00;8552.3;8560.0;8551.8;8554.5;2521.0;8577.0201418523
14.08.2025;13:20:00;8555.1;8558.1;8550.9;8552.0;3878.0;8576.2357390152
14.08.2025;13:30:00;8553.4;8554.6;8546.0;8547.2;2421.0;8575.4670242349
14.08.2025;13:40:00;8547.7;8547.7;8533.7;8538.3;5351.0;8574.7136837502
14.08.2025;13:50:00;8538.7;8548.0;8532.1;8548.0;5746.0;8574.3035469127
14.08.2025;14:00:00;8546.8;8546.8;8539.2;8543.7;1312.0;8573.8815114436
14.08.2025;14:10:00;8544.7;8547.2;8539.1;8541.9;2267.0;8573.4636963292
14.08.2025;14:20:00;8539.1;8545.9;8539.0;8544.9;1448.0;8573.0500593659
14.08.2025;14:30:00;8544.7;8552.4;8544.7;8550.8;1590.0;8572.6405587722
14.08.2025;14:40:00;8550.1;8551.7;8545.3;8551.1;761.0;8572.2351531845
14.08.2025;14:50:00;8551.6;8552.0;8548.1;8551.5;1246.0;8571.8338016526
14.08.2025;15:00:00;8552.0;8555.9;8550.4;8552.1;2674.0;8571.4364636361
14.08.2025;15:10:00;8552.6;8552.6;8541.3;8546.5;2042.0;8571.0430989997
14.08.2025;15:20:00;8546.5;8548.2;8541.0;8541.2;1249.0;8570.6536680098
14.08.2025;15:30:00;8541.0;8547.1;8527.1;8544.4;11564.0;8570.2681313297
14.08.2025;15:40:00;8542.6;8551.7;8533.9;8545.3;3854.0;8569.8364500164
14.08.2025;15:50:00;8542.1;8543.1;8533.3;8538.9;2354.0;8569.4090855162
14.08.2025;16:00:00;8539.4;8543.2;8532.0;8541.7;1388.0;8568.985994661
14.08.2025;16:10:00;8541.7;8542.1;8534.1;8539.1;1153.0;8568.5671347144
14.08.2025;16:20:00;8539.5;8539.5;8531.7;8535.2;2846.0;8568.1524633673
14.08.2025;16:30:00;8534.5;8538.7;8532.2;8534.4;2619.0;8567.7419387336
14.08.2025;16:40:00;8532.2;8535.0;8530.1;8531.5;1790.0;8567.3355193463
14.08.2025;16:50:00;8530.1;8530.4;8521.5;8524.2;3493.0;8566.9331641528
14.08.2025;17:00:00;8523.2;8525.2;8503.2;8511.3;15821.0;8566.4788325113
14.08.2025;17:10:00;8510.1;8530.4;8504.0;8527.2;8821.0;8565.8460441862
14.08.2025;17:20:00;8528.2;8530.0;8521.0;8527.3;3470.0;8565.2195837443
14.08.2025;17:30:00;8528.6;8531.9;8520.4;8525.8;1689.0;8564.5993879069
14.08.2025;17:40:00;8524.8;8528.0;8517.0;8520.0;6021.0;8563.9853940278
14.08.2025;17:50:00;8520.0;8523.8;8517.0;8518.2;2324.0;8563.3775400875
14.08.2025;18:00:00;8519.8;8520.7;8504.1;8505.1;3193.0;8562.7757646866
14.08.2025;18:10:00;8507.8;8511.4;8504.4;8511.4;1265.0;8562.1800070398
14.08.2025;18:20:00;8511.9;8517.0;8506.0;8510.8;3159.0;8561.5902069694
14.08.2025;18:30:00;8510.6;8514.9;8508.0;8513.0;732.0;8561.0063048997
14.08.2025;18:40:00;8512.0;8519.5;8504.3;8504.4;9775.0;8560.4282418507
14.08.2025;19:00:00;8505.0;8570.0;8505.0;8543.4;31978.0;8503.2
14.08.2025;19:10:00;8543.6;8553.0;8521.5;8534.9;10541.0;8504.3
14.08.2025;19:20:00;8537.0;8537.0;8518.9;8526.5;4862.0;8505.0
14.08.2025;19:30:00;8524.3;8540.8;8524.3;8538.3;1281.0;8506.3
14.08.2025;19:40:00;8537.4;8538.3;8517.7;8527.5;3304.0;8507.574
14.08.2025;19:50:00;8527.9;8534.4;8527.9;8533.1;683.0;8508.82252
14.08.2025;20:00:00;8535.0;8543.9;8535.0;8543.9;1552.0;8510.0460696
14.08.2025;20:10:00;8543.7;8553.1;8543.7;8549.0;3142.0;8511.245148208
14.08.2025;20:20:00;8549.1;8558.9;8543.1;8546.8;2725.0;8512.4202452438
14.08.2025;20:30:00;8543.2;8547.9;8536.8;8538.1;631.0;8513.571840339
14.08.2025;20:40:00;8541.0;8541.0;8536.6;8536.6;907.0;8514.7004035322
14.08.2025;20:50:00;8538.7;8542.0;8534.7;8537.0;1154.0;8515.8063954615
14.08.2025;21:00:00;8542.0;8546.0;8540.0;8540.0;241.0;8516.8902675523
14.08.2025;21:10:00;8540.0;8540.0;8535.0;8538.0;278.0;8517.9524622013
14.08.2025;21:20:00;8538.7;8539.8;8537.0;8537.0;1041.0;8518.9934129572
14.08.2025;21:30:00;8537.4;8541.0;8536.7;8540.3;630.0;8520.0135446981
14.08.2025;21:40:00;8539.4;8540.8;8536.0;8539.2;622.0;8521.0132738041
14.08.2025;21:50:00;8539.2;8539.2;8536.0;8537.9;182.0;8521.993008328
14.08.2025;22:00:00;8537.4;8542.0;8537.4;8541.7;484.0;8522.9531481615
14.08.2025;22:10:00;8541.8;8545.0;8541.8;8542.9;1417.0;8523.8940851983
14.08.2025;22:20:00;8542.9;8544.9;8541.6;8544.9;116.0;8524.8162034943
14.08.2025;22:30:00;8545.0;8545.0;8543.7;8544.9;300.0;8525.7198794244
14.08.2025;22:40:00;8544.3;8544.3;8541.8;8542.1;73.0;8526.6054818359
14.08.2025;22:50:00;8541.7;8542.9;8539.4;8541.5;343.0;8527.4733721992
14.08.2025;23:00:00;8542.5;8543.8;8538.0;8538.3;574.0;8528.3239047552
14.08.2025;23:10:00;8537.6;8537.6;8530.0;8531.8;961.0;8529.1574266601
14.08.2025;23:20:00;8535.4;8536.0;8532.8;8533.0;97.0;8529.9742781269
14.08.2025;23:30:00;8535.7;8538.0;8535.4;8537.8;428.0;8530.0
14.08.2025;23:40:00;8537.0;8545.0;8536.0;8536.0;1548.0;8530.8
15.08.2025;08:50:00;8540.0;8540.0;8540.0;8540.0;360.0;8531.584
15.08.2025;09:00:00;8541.7;8555.0;8541.1;8554.1;5012.0;8532.35232
15.08.2025;09:10:00;8554.5;8555.5;8545.0;8548.2;2209.0;8533.1052736
15.08.2025;09:20:00;8547.8;8551.2;8545.9;8550.5;978.0;8533.843168128
15.08.2025;09:30:00;8550.5;8557.0;8549.2;8556.5;1106.0;8534.5663047654
15.08.2025;09:40:00;8557.0;8558.0;8551.5;8553.9;831.0;8535.2749786701
15.08.2025;09:50:00;8553.0;8553.0;8545.0;8545.0;794.0;8535.9694790967
15.08.2025;10:00:00;8545.0;8548.0;8533.0;8539.6;5846.0;8570.0
15.08.2025;10:10:00;8540.0;8540.5;8534.1;8536.6;2169.0;8569.26
15.08.2025;10:20:00;8536.9;8548.5;8536.2;8545.0;4685.0;8568.5348
15.08.2025;10:30:00;8546.0;8550.1;8539.8;8542.2;2923.0;8567.824104
15.08.2025;10:40:00;8540.9;8553.0;8540.5;8543.8;3734.0;8567.12762192
15.08.2025;10:50:00;8543.3;8546.4;8539.0;8542.9;2140.0;8566.4450694816
15.08.2025;11:00:00;8543.6;8543.8;8535.8;8537.4;3463.0;8565.776168092
15.08.2025;11:10:00;8537.9;8544.5;8535.3;8537.9;2619.0;8565.1206447301
15.08.2025;11:20:00;8537.2;8540.9;8535.2;8536.7;2681.0;8564.4782318355
15.08.2025;11:30:00;8535.2;8538.4;8534.0;8534.7;1268.0;8563.8486671988
15.08.2025;11:40:00;8534.9;8535.2;8531.8;8534.0;2461.0;8563.2316938548
15.08.2025;11:50:00;8532.8;8535.0;8525.2;8530.9;3072.0;8562.9173769163
15.08.2025;12:00:00;8531.0;8534.8;8526.7;8526.7;2272.0;8562.5402031471
15.08.2025;12:10:00;8526.4;8532.0;8525.2;8531.0;1187.0;8562.1668011157
15.08.2025;12:20:00;8531.0;8534.9;8527.4;8529.8;3315.0;8561.7971331045
15.08.2025;12:30:00;8529.9;8531.4;8521.2;8522.2;3340.0;8561.4311617735
15.08.2025;12:40:00;8522.5;8526.3;8515.0;8525.0;5886.0;8561.0288501557
15.08.2025;12:50:00;8525.1;8533.0;8524.0;8532.0;4759.0;8560.5685616542
15.08.2025;13:00:00;8530.8;8533.1;8524.8;8527.8;8288.0;8560.1128760376
15.08.2025;13:10:00;8526.1;8531.3;8525.2;8527.6;5167.0;8559.6617472772
15.08.2025;13:20:00;8529.1;8530.4;8524.2;8524.2;5817.0;8559.2151298045
15.08.2025;13:30:00;8524.2;8524.5;8519.0;8522.3;2199.0;8558.7729785064
15.08.2025;13:40:00;8523.9;8526.6;8523.4;8526.6;433.0;8558.3352487214
15.08.2025;13:50:00;8528.0;8529.0;8522.3;8526.7;1222.0;8557.9018962341
15.08.2025;14:00:00;8522.7;8526.3;8522.5;8523.1;416.0;8557.4728772718
15.08.2025;14:10:00;8523.1;8527.6;8522.3;8525.8;840.0;8557.0481484991
15.08.2025;14:20:00;8525.9;8526.3;8522.3;8525.5;682.0;8556.6276670141
15.08.2025;14:30:00;8525.4;8527.9;8522.0;8524.2;1213.0;8556.211390344
15.08.2025;14:40:00;8525.0;8526.0;8522.5;8523.0;478.0;8555.7992764405
15.08.2025;14:50:00;8523.8;8531.8;8523.7;8526.6;1355.0;8555.3912836761
15.08.2025;15:00:00;8529.4;8532.6;8527.3;8531.3;1736.0;8554.9873708394
15.08.2025;15:10:00;8530.1;8531.9;8526.0;8529.8;519.0;8554.587497131
15.08.2025;15:20:00;8527.5;8529.1;8525.5;8527.3;442.0;8554.1916221597
15.08.2025;15:30:00;8527.5;8533.3;8520.9;8533.3;3905.0;8553.7997059381
15.08.2025;15:40:00;8531.8;8533.4;8528.8;8530.4;1911.0;8553.4117088787
15.08.2025;15:50:00;8532.2;8540.9;8532.2;8539.3;8861.0;8553.0275917899
15.08.2025;16:00:00;8539.2;8544.0;8534.4;8535.2;4307.0;8552.647315872
15.08.2025;16:10:00;8535.9;8536.1;8532.0;8534.7;2716.0;8552.2708427133
15.08.2025;16:20:00;8537.0;8540.8;8531.0;8535.2;5034.0;8551.8981342861
15.08.2025;16:30:00;8535.7;8538.4;8532.5;8532.6;1540.0;8551.5291529433
15.08.2025;16:40:00;8533.4;8535.0;8531.4;8533.3;1648.0;8551.1638614138
15.08.2025;16:50:00;8534.0;8536.0;8531.2;8532.8;2633.0;8550.8022227997
15.08.2025;17:00:00;8534.2;8543.4;8534.1;8537.6;2090.0;8550.4442005717
15.08.2025;17:10:00;8538.2;8540.8;8537.6;8538.8;1838.0;8550.089758566
15.08.2025;17:20:00;8537.6;8539.9;8534.9;8535.8;1576.0;8549.7388609803
15.08.2025;17:30:00;8535.9;8543.3;8534.4;8540.0;4046.0;8549.3914723705
15.08.2025;17:40:00;8539.9;8541.9;8536.2;8541.6;1793.0;8549.0475576468
15.08.2025;17:50:00;8541.6;8544.2;8539.4;8543.4;2712.0;8548.7070820704
15.08.2025;18:00:00;8542.3;8548.0;8540.7;8546.2;4330.0;8548.3700112496
15.08.2025;18:10:00;8546.2;8547.8;8543.0;8546.7;3757.0;8548.0363111372
15.08.2025;18:20:00;8546.8;8547.4;8541.1;8545.1;2172.0;8548.0
15.08.2025;18:30:00;8545.3;8552.0;8540.9;8546.3;6711.0;8515.0
15.08.2025;18:40:00;8546.4;8551.2;8545.5;8550.9;6566.0;8515.74
15.08.2025;19:00:00;8551.0;8564.0;8545.5;8551.2;1657.0;8516.4652
15.08.2025;19:10:00;8549.2;8551.2;8541.1;8542.7;812.0;8516.940548
15.08.2025;19:20:00;8541.0;8546.9;8539.7;8544.3;708.0;8517.41114252
15.08.2025;19:30:00;8545.0;8547.2;8544.2;8547.2;314.0;8517.8770310948
15.08.2025;19:40:00;8547.2;8549.0;8545.6;8547.1;120.0;8518.3382607839
15.08.2025;19:50:00;8545.9;8545.9;8542.0;8544.9;104.0;8518.794878176
15.08.2025;20:00:00;8544.8;8547.6;8539.0;8539.0;860.0;8519.2469293943
15.08.2025;20:10:00;8539.2;8542.9;8539.0;8542.8;409.0;8519.6944601003
15.08.2025;20:20:00;8542.4;8543.0;8539.1;8541.5;375.0;8520.1375154993
15.08.2025;20:30:00;8541.5;8541.5;8538.1;8538.1;234.0;8520.5761403443
15.08.2025;20:40:00;8538.2;8541.3;8538.2;8541.3;106.0;8521.0103789409
15.08.2025;20:50:00;8540.6;8541.4;8540.6;8540.6;35.0;8521.4402751515
15.08.2025;21:00:00;8540.6;8540.6;8536.3;8538.0;147.0;8521.8658723999
15.08.2025;21:10:00;8538.0;8542.0;8538.0;8541.9;335.0;8522.2872136759
15.08.2025;21:20:00;8541.0;8545.8;8541.0;8544.3;187.0;8522.7043415392
15.08.2025;21:30:00;8543.6;8545.7;8541.7;8541.7;20.0;8523.1172981238
15.08.2025;21:40:00;8542.0;8543.4;8538.8;8538.9;113.0;8523.5261251426
15.08.2025;21:50:00;8539.7;8540.5;8537.6;8537.6;130.0;8523.9308638911
15.08.2025;22:00:00;8537.0;8538.8;8536.3;8538.8;130.0;8524.3315552522
15.08.2025;22:10:00;8538.4;8539.0;8534.4;8534.4;559.0;8524.7282396997
15.08.2025;22:20:00;8535.0;8537.1;8533.6;8537.1;1607.0;8525.1209573027
15.08.2025;22:30:00;8537.0;8538.0;8535.2;8538.0;86.0;8525.5097477297
15.08.2025;22:40:00;8538.0;8538.0;8503.9;8530.0;6927.0;8564.0
15.08.2025;22:50:00;8531.2;8536.1;8531.2;8536.1;404.0;8562.798
15.08.2025;23:00:00;8534.4;8536.8;8533.6;8536.3;260.0;8561.62004
15.08.2025;23:10:00;8535.1;8538.0;8535.0;8535.2;424.0;8560.4656392
15.08.2025;23:20:00;8537.0;8538.6;8536.0;8537.2;955.0;8559.334326416
15.08.2025;23:30:00;8537.6;8543.1;8537.6;8540.0;2171.0;8558.2256398877
15.08.2025;23:40:00;8540.0;8542.8;8522.3;8537.0;1740.0;8557.1391270899
16.08.2025;09:50:00;8532.0;8532.0;8532.0;8532.0;5.0;8556.0743445481
16.08.2025;10:00:00;8532.0;8540.0;8523.0;8534.0;345.0;8555.0308576572
16.08.2025;10:10:00;8528.0;8542.2;8520.0;8535.0;386.0;8554.008240504
16.08.2025;10:20:00;8532.4;8532.4;8518.1;8529.0;741.0;8553.0060756939
16.08.2025;10:30:00;8530.0;8530.0;8525.0;8525.0;6.0;8552.0239541801
16.08.2025;10:40:00;8531.0;8531.0;8525.0;8531.0;24.0;8551.0614750965
16.08.2025;10:50:00;8531.0;8531.0;8530.9;8531.0;13.0;8550.1182455945
16.08.2025;11:00:00;8531.0;8535.0;8520.1;8535.0;161.0;8549.1938806826
16.08.2025;11:10:00;8535.0;8541.0;8535.0;8539.0;216.0;8548.288003069
16.08.2025;11:20:00;8531.0;8533.0;8525.0;8533.0;23.0;8547.4002430076
16.08.2025;11:30:00;8528.0;8541.0;8522.0;8540.0;126.0;8546.5302381475
16.08.2025;11:40:00;8539.6;8541.0;8521.1;8529.0;1061.0;8545.6776333845
16.08.2025;11:50:00;8530.0;8546.0;8527.0;8527.0;228.0;8503.9
16.08.2025;12:00:00;8533.0;8546.0;8531.0;8546.0;111.0;8504.742
16.08.2025;12:10:00;8540.0;8546.0;8527.0;8545.0;114.0;8505.56716
16.08.2025;12:20:00;8545.0;8546.0;8539.0;8546.0;17.0;8506.3758168
16.08.2025;12:30:00;8546.0;8551.2;8544.0;8544.0;93.0;8507.168300464
16.08.2025;12:40:00;8548.0;8548.0;8537.0;8543.0;20.0;8507.6086174594
16.08.2025;12:50:00;8538.0;8544.0;8530.0;8543.0;72.0;8508.0445312848
16.08.2025;13:00:00;8544.0;8549.0;8542.0;8547.0;127.0;8508.4760859719
16.08.2025;13:10:00;8542.0;8542.0;8532.0;8542.0;12.0;8508.9033251122
16.08.2025;13:20:00;8541.0;8548.0;8541.0;8543.0;237.0;8509.3262918611
16.08.2025;13:30:00;8547.0;8548.7;8537.0;8539.0;399.0;8509.7450289425
16.08.2025;13:40:00;8540.0;8540.0;8537.0;8537.0;7.0;8510.159578653
16.08.2025;13:50:00;8540.0;8540.0;8537.0;8540.0;6.0;8510.5699828665
16.08.2025;14:00:00;8540.0;8540.0;8539.9;8540.0;6.0;8510.9762830378
16.08.2025;14:10:00;8540.0;8543.0;8540.0;8543.0;81.0;8511.3785202075
16.08.2025;14:30:00;8542.0;8549.0;8523.1;8536.8;804.0;8511.7767350054
16.08.2025;14:40:00;8536.9;8536.9;8536.8;8536.8;6.0;8512.1709676553
16.08.2025;14:50:00;8531.0;8534.0;8527.0;8534.0;8.0;8512.5612579788
16.08.2025;15:00:00;8530.0;8546.0;8530.0;8546.0;50.0;8512.947645399
16.08.2025;15:10:00;8541.0;8546.0;8541.0;8546.0;13.0;8513.330168945
16.08.2025;15:20:00;8545.9;8545.9;8545.9;8545.9;4.0;8513.7088672556
16.08.2025;15:30:00;8545.9;8548.0;8542.0;8542.0;120.0;8514.083778583
16.08.2025;15:40:00;8543.0;8545.0;8541.0;8541.0;103.0;8514.4549407972
16.08.2025;15:50:00;8545.0;8545.0;8530.5;8542.0;123.0;8514.8223913892
16.08.2025;16:00:00;8543.0;8543.0;8537.0;8542.0;13.0;8515.1861674753
16.08.2025;16:10:00;8543.0;8543.0;8543.0;8543.0;1.0;8515.5463058006
16.08.2025;16:20:00;8540.0;8540.0;8540.0;8540.0;70.0;8515.9028427425
16.08.2025;16:30:00;8540.0;8540.0;8539.5;8539.5;3.0;8516.2558143151
16.08.2025;16:40:00;8540.0;8540.0;8540.0;8540.0;43.0;8516.605256172
16.08.2025;16:50:00;8539.0;8540.0;8538.5;8540.0;4.0;8516.9512036102
16.08.2025;17:10:00;8538.0;8543.0;8530.0;8532.0;697.0;8517.2936915741
16.08.2025;17:20:00;8532.0;8537.0;8532.0;8537.0;52.0;8517.6327546584
16.08.2025;17:30:00;8532.1;8532.1;8532.0;8532.0;10.0;8517.9684271118
16.08.2025;17:40:00;8535.0;8543.0;8535.0;8543.0;25.0;8518.3007428407
16.08.2025;18:10:00;8542.7;8543.0;8542.7;8543.0;29.0;8518.6297354123
16.08.2025;18:20:00;8540.0;8541.0;8531.5;8541.0;81.0;8518.9554380582
16.08.2025;18:30:00;8537.0;8541.0;8537.0;8539.0;120.0;8519.2778836776
16.08.2025;18:40:00;8541.0;8541.0;8534.0;8541.0;31.0;8519.5971048408
16.08.2025;18:50:00;8535.0;8536.0;8531.0;8531.0;544.0;8519.9131337924
17.08.2025;10:00:00;8537.0;8547.0;8537.0;8547.0;48.0;8520.2260024545
17.08.2025;10:10:00;8542.0;8545.0;8540.0;8540.0;37.0;8520.5357424299
17.08.2025;10:30:00;8542.0;8548.0;8537.0;8541.0;64.0;8520.8423850056
17.08.2025;10:40:00;8545.0;8546.7;8541.3;8546.7;38.0;8521.1459611556
17.08.2025;11:00:00;8546.0;8546.0;8541.3;8546.0;9.0;8521.446501544
17.08.2025;11:10:00;8542.0;8546.0;8542.0;8546.0;2.0;8521.7440365286
17.08.2025;11:40:00;8544.0;8545.0;8544.0;8545.0;3.0;8522.0385961633
17.08.2025;11:50:00;8541.9;8545.0;8524.8;8541.0;591.0;8522.3302102017
17.08.2025;12:00:00;8537.0;8537.0;8537.0;8537.0;1.0;8522.6189080997
17.08.2025;12:10:00;8540.4;8541.4;8533.0;8540.9;28.0;8522.9047190187
17.08.2025;12:20:00;8535.0;8535.0;8531.0;8531.0;11.0;8523.1876718285
17.08.2025;12:30:00;8535.9;8540.9;8535.0;8540.9;112.0;8523.4677951102
17.08.2025;12:40:00;8541.0;8544.5;8541.0;8544.5;40.0;8523.7451171591
17.08.2025;12:50:00;8544.5;8544.5;8540.0;8540.0;17.0;8524.0196659875
17.08.2025;13:10:00;8539.0;8539.0;8539.0;8539.0;74.0;8524.2914693276
17.08.2025;13:20:00;8544.0;8544.0;8544.0;8544.0;1.0;8524.5605546343
17.08.2025;13:30:00;8544.0;8544.0;8544.0;8544.0;1.0;8524.826949088
17.08.2025;13:40:00;8542.9;8543.0;8539.1;8539.1;14.0;8525.0906795971
17.08.2025;13:50:00;8542.9;8543.0;8539.1;8543.0;35.0;8525.3517728011
17.08.2025;14:00:00;8542.9;8543.0;8542.9;8543.0;36.0;8525.6102550731
17.08.2025;14:20:00;8543.0;8543.0;8539.2;8539.2;17.0;8525.8661525224
17.08.2025;14:30:00;8539.2;8543.0;8539.0;8543.0;15.0;8526.1194909972
17.08.2025;14:40:00;8543.0;8543.0;8543.0;8543.0;74.0;8526.3702960872
17.08.2025;15:10:00;8542.0;8543.0;8542.0;8543.0;36.0;8526.6185931263
17.08.2025;15:20:00;8544.0;8544.0;8544.0;8544.0;4.0;8526.8644071951
17.08.2025;15:30:00;8544.0;8547.0;8541.0;8541.0;482.0;8527.1077631231
17.08.2025;15:50:00;8546.0;8546.9;8546.0;8546.0;7.0;8527.3486854919
17.08.2025;16:10:00;8541.0;8547.0;8540.3;8547.0;204.0;8527.587198637
17.08.2025;16:20:00;8541.0;8546.0;8540.3;8546.0;7.0;8527.8233266506
17.08.2025;16:30:00;8546.0;8547.0;8546.0;8547.0;50.0;8528.0570933841
17.08.2025;16:40:00;8541.0;8548.1;8540.0;8548.1;224.0;8528.2885224503
17.08.2025;16:50:00;8548.0;8548.1;8543.0;8543.0;21.0;8528.5176372258
17.08.2025;17:00:00;8548.0;8548.0;8548.0;8548.0;2.0;8528.7444608535
17.08.2025;17:20:00;8547.9;8548.0;8541.0;8542.0;175.0;8528.969016245
17.08.2025;17:30:00;8542.0;8542.0;8542.0;8542.0;10.0;8529.1913260825
17.08.2025;17:40:00;8547.0;8547.0;8547.0;8547.0;6.0;8529.4114128217
17.08.2025;17:50:00;8542.0;8542.0;8541.0;8541.0;11.0;8529.6292986935
17.08.2025;18:00:00;8541.1;8546.0;8541.0;8541.0;81.0;8529.8450057065
17.08.2025;18:10:00;8541.0;8541.0;8541.0;8541.0;7.0;8530.0585556495
17.08.2025;18:30:00;8541.0;8546.0;8539.0;8546.0;64.0;8530.269970093
18.08.2025;08:50:00;8568.0;8568.0;8568.0;8568.0;629.0;8530.479270392
18.08.2025;09:00:00;8568.0;8597.6;8568.0;8585.5;7427.0;8530.8544776881
18.08.2025;09:10:00;8585.2;8585.2;8572.7;8574.4;1543.0;8531.5219329112
18.08.2025;09:20:00;8574.4;8576.0;8568.0;8568.0;1738.0;8532.1827135821
18.08.2025;09:30:00;8569.2;8575.3;8568.8;8573.7;433.0;8532.8368864463
18.08.2025;09:40:00;8575.3;8576.0;8574.5;8574.5;130.0;8533.4845175818
18.08.2025;09:50:00;8574.5;8577.9;8574.5;8577.8;500.0;8534.125672406
18.08.2025;10:00:00;8577.9;8586.0;8576.2;8580.1;5667.0;8534.760415682
18.08.2025;10:10:00;8580.1;8596.0;8577.2;8593.8;7890.0;8535.3888115251
18.08.2025;10:20:00;8595.0;8596.1;8593.8;8593.8;8347.0;8536.0109234099
18.08.2025;10:30:00;8593.8;8594.7;8582.4;8585.5;5000.0;8536.6268141758
18.08.2025;10:40:00;8586.3;8606.9;8586.0;8600.6;6885.0;8537.236546034
18.08.2025;10:50:00;8602.3;8607.9;8598.5;8604.8;8023.0;8537.9331805737
18.08.2025;11:00:00;8604.8;8615.3;8596.4;8600.1;9853.0;8538.632848768
18.08.2025;11:10:00;8601.6;8602.0;8588.9;8588.9;3478.0;8539.3995202803
18.08.2025;11:20:00;8588.9;8596.0;8585.6;8594.8;11475.0;8540.1585250775
18.08.2025;11:30:00;8594.8;8594.9;8589.0;8589.0;5169.0;8540.9099398267
18.08.2025;11:40:00;8589.0;8597.5;8587.6;8597.5;5629.0;8541.6538404284
18.08.2025;11:50:00;8594.6;8595.7;8590.6;8594.5;2481.0;8542.3903020242
18.08.2025;12:00:00;8592.6;8596.0;8591.8;8592.0;2485.0;8543.1193990039
18.08.2025;12:10:00;8591.7;8596.8;8589.5;8595.2;1963.0;8543.8412050139
18.08.2025;12:20:00;8596.7;8597.5;8587.2;8587.7;1688.0;8544.5557929637
18.08.2025;12:30:00;8589.1;8598.0;8588.2;8595.9;3018.0;8545.2632350341
18.08.2025;12:40:00;8597.3;8598.9;8589.8;8594.4;2182.0;8545.9636026838
18.08.2025;12:50:00;8596.7;8604.2;8594.3;8601.2;2177.0;8546.6569666569
18.08.2025;13:00:00;8601.5;8604.2;8597.8;8602.9;1375.0;8547.3433969903
18.08.2025;13:10:00;8602.0;8614.3;8601.9;8605.3;10131.0;8548.0229630204
18.08.2025;13:20:00;8605.8;8609.3;8598.4;8598.6;1715.0;8548.6957333902
18.08.2025;13:30:00;8598.8;8608.3;8598.7;8604.9;3401.0;8549.3617760563
18.08.2025;13:40:00;8605.4;8610.2;8605.4;8606.7;1226.0;8550.0211582958
18.08.2025;13:50:00;8608.0;8608.0;8598.9;8598.9;1647.0;8550.6739467128
18.08.2025;14:00:00;8605.0;8606.6;8603.4;8604.1;1055.0;8551.3202072457
18.08.2025;14:10:00;8603.7;8608.2;8600.8;8606.3;7152.0;8551.9600051732
18.08.2025;14:20:00;8605.9;8606.7;8603.6;8603.8;2290.0;8552.5934051215
18.08.2025;14:30:00;8604.9;8609.9;8604.9;8607.7;7140.0;8553.2204710703
18.08.2025;14:40:00;8607.4;8608.0;8600.1;8600.2;5553.0;8553.8412663596
18.08.2025;14:50:00;8600.3;8604.7;8594.3;8597.7;5348.0;8554.455853696
18.08.2025;15:00:00;8597.7;8602.6;8591.5;8599.4;5438.0;8555.064295159
18.08.2025;15:10:00;8600.2;8606.0;8600.1;8601.9;2485.0;8555.6666522074
18.08.2025;15:20:00;8602.1;8605.0;8600.8;8603.5;2319.0;8556.2629856854
18.08.2025;15:30:00;8604.8;8606.8;8602.5;8603.9;2714.0;8556.8533558285
18.08.2025;15:40:00;8603.2;8603.9;8596.0;8600.1;1982.0;8557.4378222702
18.08.2025;15:50:00;8599.6;8600.2;8592.2;8597.4;1243.0;8558.0164440475
18.08.2025;16:00:00;8597.5;8599.3;8586.1;8586.1;3513.0;8558.589279607
18.08.2025;16:10:00;8586.1;8589.7;8581.6;8586.4;3100.0;8559.156386811
18.08.2025;16:20:00;8586.3;8594.0;8586.0;8592.6;1484.0;8559.7178229429
18.08.2025;16:30:00;8593.3;8594.4;8587.3;8588.2;2044.0;8560.2736447134
18.08.2025;16:40:00;8587.8;8590.3;8580.5;8584.8;5760.0;8560.8239082663
18.08.2025;16:50:00;8584.8;8585.9;8581.4;8585.6;2678.0;8561.3686691836
18.08.2025;17:00:00;8585.6;8593.1;8580.1;8590.2;4596.0;8561.9079824918
18.08.2025;17:10:00;8590.5;8593.9;8588.4;8591.5;2125.0;8562.4419026669
18.08.2025;17:20:00;8591.5;8593.8;8584.5;8585.8;1692.0;8562.9704836402
18.08.2025;17:30:00;8585.8;8586.5;8581.6;8584.2;2187.0;8563.4937788038
18.08.2025;17:40:00;8583.9;8585.3;8580.6;8584.1;3438.0;8564.0118410158
18.08.2025;17:50:00;8582.8;8584.7;8581.1;8583.3;4206.0;8564.5247226056
18.08.2025;18:00:00;8583.3;8584.5;8579.8;8582.7;5316.0;8565.0324753796
18.08.2025;18:10:00;8582.7;8583.9;8579.8;8582.4;2856.0;8565.5351506258
18.08.2025;18:20:00;8581.5;8583.2;8580.3;8582.8;4859.0;8566.0327991195
18.08.2025;18:30:00;8582.8;8582.9;8578.7;8581.1;4643.0;8566.5254711283
18.08.2025;18:40:00;8581.0;8581.3;8576.3;8577.0;7328.0;8567.013216417
18.08.2025;19:00:00;8577.0;8582.7;8565.0;8582.2;1293.0;8615.3
18.08.2025;19:10:00;8582.1;8582.4;8581.0;8581.5;232.0;8614.294
18.08.2025;19:20:00;8581.4;8581.5;8581.1;8581.4;469.0;8613.30812
18.08.2025;19:30:00;8581.4;8582.6;8578.0;8580.8;1159.0;8612.3419576
18.08.2025;19:40:00;8580.1;8581.0;8577.6;8577.6;869.0;8611.395118448
18.08.2025;19:50:00;8577.8;8578.4;8577.6;8578.2;823.0;8610.467216079
18.08.2025;20:00:00;8578.4;8578.4;8575.1;8575.5;1081.0;8609.5578717575
18.08.2025;20:10:00;8575.5;8576.2;8575.0;8576.1;795.0;8608.6667143223
18.08.2025;20:20:00;8576.1;8576.1;8576.0;8576.0;1067.0;8607.7933800359
18.08.2025;20:30:00;8576.0;8576.0;8575.9;8576.0;117.0;8606.9375124351
18.08.2025;20:40:00;8576.0;8580.7;8576.0;8578.5;515.0;8606.0987621864
18.08.2025;20:50:00;8577.5;8580.4;8577.5;8580.4;220.0;8605.2767869427
18.08.2025;21:00:00;8580.3;8580.3;8577.9;8578.7;141.0;8604.4712512039
18.08.2025;21:10:00;8578.7;8578.7;8578.7;8578.7;30.0;8603.6818261798
18.08.2025;21:20:00;8579.0;8580.0;8579.0;8579.5;76.0;8602.9081896562
18.08.2025;21:30:00;8581.5;8581.6;8580.0;8580.0;275.0;8602.1500258631
18.08.2025;21:40:00;8580.0;8581.1;8578.0;8581.1;440.0;8601.4070253458
18.08.2025;21:50:00;8581.5;8581.6;8550.0;8552.8;6143.0;8600.6788848389
18.08.2025;22:00:00;8552.1;8573.1;8541.2;8558.6;3969.0;8600.1720959905
18.08.2025;22:10:00;8558.0;8572.5;8557.2;8567.1;719.0;8599.5823750306
18.08.2025;22:20:00;8566.1;8569.3;8560.0;8567.2;759.0;8598.9985512803
18.08.2025;22:30:00;8568.6;8570.2;8564.0;8565.4;381.0;8598.4205657675
18.08.2025;22:40:00;8568.1;8570.2;8566.4;8568.2;144.0;8597.8483601098
18.08.2025;22:50:00;8570.9;8574.6;8570.9;8572.8;401.0;8597.2818765087
18.08.2025;23:00:00;8573.0;8573.0;8567.3;8567.3;594.0;8596.7210577436
18.08.2025;23:10:00;8569.0;8569.1;8566.4;8569.1;359.0;8596.1658471662
18.08.2025;23:20:00;8567.2;8569.1;8563.7;8563.7;669.0;8595.6161886945
18.08.2025;23:30:00;8563.8;8573.8;8563.7;8573.8;1795.0;8595.0720268076
18.08.2025;23:40:00;8573.8;8573.8;8563.7;8563.7;363.0;8594.5333065395
19.08.2025;09:00:00;8565.2;8591.0;8565.2;8585.0;1999.0;8593.9999734741
19.08.2025;09:10:00;8585.0;8595.4;8585.0;8591.7;1731.0;8541.2
19.08.2025;09:20:00;8593.8;8594.0;8582.1;8582.1;1637.0;8542.284
19.08.2025;09:30:00;8582.9;8587.2;8582.1;8584.8;445.0;8543.34632
19.08.2025;09:40:00;8584.8;8587.6;8582.0;8587.6;408.0;8544.3873936
19.08.2025;09:50:00;8587.0;8590.0;8586.2;8586.2;237.0;8545.407645728
19.08.2025;10:00:00;8585.1;8590.9;8579.0;8584.1;5130.0;8546.4074928134
19.08.2025;10:10:00;8584.0;8591.2;8580.1;8582.2;2737.0;8547.3873429572
19.08.2025;10:20:00;8582.2;8584.0;8579.0;8579.3;686.0;8548.347596098
19.08.2025;10:30:00;8579.3;8581.3;8572.0;8580.4;1365.0;8549.2886441761
19.08.2025;10:40:00;8578.3;8579.5;8572.1;8578.0;1424.0;8550.2108712925
19.08.2025;10:50:00;8577.8;8583.0;8574.5;8583.0;1346.0;8551.1146538667
19.08.2025;11:00:00;8583.7;8585.0;8581.7;8583.6;1929.0;8552.0003607894
19.08.2025;11:10:00;8583.5;8583.6;8579.2;8581.9;1053.0;8552.8683535736
19.08.2025;11:20:00;8581.6;8583.7;8581.3;8581.4;342.0;8553.7189865021
19.08.2025;11:30:00;8581.4;8582.4;8578.0;8580.5;1342.0;8554.5526067721
19.08.2025;11:40:00;8580.5;8587.8;8579.3;8587.1;7563.0;8555.3695546366
19.08.2025;11:50:00;8587.7;8589.7;8585.9;8587.7;5582.0;8556.1701635439
19.08.2025;12:00:00;8587.9;8588.2;8585.0;8587.7;888.0;8556.954760273
19.08.2025;12:10:00;8588.1;8591.9;8588.1;8591.1;426.0;8557.7236650675
19.08.2025;12:20:00;8590.7;8593.8;8589.9;8593.0;1452.0;8558.4771917662
19.08.2025;12:30:00;8591.7;8593.3;8587.0;8588.6;1486.0;8559.2156479309
19.08.2025;12:40:00;8589.1;8596.5;8588.5;8596.1;5448.0;8559.9393349723
19.08.2025;12:50:00;8596.0;8596.5;8594.5;8594.7;638.0;8560.3049416225
19.08.2025;13:00:00;8595.7;8604.9;8592.0;8603.7;5987.0;8560.6668922063
19.08.2025;13:10:00;8603.0;8611.3;8603.0;8606.7;5276.0;8561.1092232842
19.08.2025;13:20:00;8606.7;8608.6;8601.4;8605.6;1844.0;8561.6111310514
19.08.2025;13:30:00;8606.9;8609.7;8604.1;8605.8;3151.0;8562.1080197409
19.08.2025;13:40:00;8605.8;8608.7;8603.4;8604.6;4318.0;8562.5999395435
19.08.2025;13:50:00;8604.7;8609.0;8604.1;8604.1;2433.0;8563.086940148
19.08.2025;14:00:00;8604.8;8606.9;8603.0;8606.5;3208.0;8563.5690707466
19.08.2025;14:10:00;8605.5;8607.7;8602.6;8605.0;8235.0;8564.0463800391
19.08.2025;14:20:00;8604.7;8609.8;8604.4;8609.7;2276.0;8564.5189162387
19.08.2025;14:30:00;8609.7;8611.8;8605.4;8605.4;4045.0;8564.9867270763
19.08.2025;14:40:00;8603.6;8603.6;8596.6;8601.7;4219.0;8565.4548598056
19.08.2025;14:50:00;8601.1;8604.3;8598.8;8600.3;6027.0;8565.9183112075
19.08.2025;15:00:00;8600.3;8603.4;8591.5;8591.5;5292.0;8566.3771280954
19.08.2025;15:10:00;8591.6;8593.4;8585.5;8592.6;4676.0;8566.8313568145
19.08.2025;15:20:00;8594.0;8594.8;8591.3;8592.0;2245.0;8567.2810432463
19.08.2025;15:30:00;8591.8;8591.8;8583.6;8587.4;4247.0;8567.7262328139
19.08.2025;15:40:00;8587.8;8588.4;8583.6;8587.2;1192.0;8568.1669704857
19.08.2025;15:50:00;8587.2;8587.7;8579.0;8579.0;2343.0;8568.6033007809
19.08.2025;16:00:00;8578.9;8582.2;8576.0;8576.1;4176.0;8569.0352677731
19.08.2025;16:10:00;8575.9;8580.9;8568.6;8576.9;13540.0;8611.8
19.08.2025;16:20:00;8577.3;8580.8;8574.7;8578.8;2820.0;8610.936
19.08.2025;16:30:00;8578.6;8587.4;8577.6;8584.1;3066.0;8610.08928
19.08.2025;16:40:00;8584.4;8598.2;8583.3;8593.9;13184.0;8609.2594944
19.08.2025;16:50:00;8592.4;8593.3;8586.4;8587.1;8821.0;8608.446304512
19.08.2025;17:00:00;8587.2;8587.3;8579.6;8583.0;6662.0;8607.6493784218
19.08.2025;17:10:00;8582.4;8586.0;8580.3;8586.0;470.0;8606.8683908533
19.08.2025;17:20:00;8584.6;8585.4;8580.6;8581.6;649.0;8606.1030230363
19.08.2025;17:30:00;8581.7;8585.6;8570.9;8570.9;5291.0;8605.3529625755
19.08.2025;17:40:00;8570.9;8576.9;8566.1;8568.4;14737.0;8604.617903324
19.08.2025;17:50:00;8567.6;8568.3;8559.7;8562.5;7355.0;8604.2327242908
19.08.2025;18:00:00;8560.9;8564.0;8552.3;8555.4;4875.0;8603.7873970479
19.08.2025;18:10:00;8556.0;8556.0;8552.0;8555.5;1679.0;8603.2725230774
19.08.2025;18:20:00;8555.2;8561.7;8555.0;8556.3;2581.0;8602.7597978466
19.08.2025;18:30:00;8556.4;8560.2;8555.9;8558.0;1522.0;8602.2521998682
19.08.2025;18:40:00;8558.0;8559.8;8557.0;8557.6;5977.0;8601.7496778695
19.08.2025;19:00:00;8558.5;8570.0;8558.0;8561.3;3773.0;8601.2521810908
19.08.2025;19:10:00;8561.4;8565.4;8559.3;8564.2;272.0;8600.7596592799
19.08.2025;19:20:00;8564.5;8566.9;8562.4;8564.8;1140.0;8600.2720626871
19.08.2025;19:30:00;8564.3;8566.5;8555.7;8556.3;574.0;8599.7893420602
19.08.2025;19:40:00;8558.0;8560.8;8555.9;8559.6;143.0;8599.3114486396
19.08.2025;19:50:00;8556.2;8558.5;8556.2;8557.7;188.0;8598.8383341532
19.08.2025;20:00:00;8556.4;8557.0;8553.0;8553.9;766.0;8598.3699508117
19.08.2025;20:10:00;8553.1;8553.9;8551.4;8552.4;470.0;8597.9062513036
19.08.2025;20:20:00;8552.4;8555.5;8552.4;8553.1;379.0;8597.4411887905
19.08.2025;20:30:00;8553.2;8557.4;8553.1;8557.4;603.0;8596.9807769026
19.08.2025;20:40:00;8556.6;8560.7;8555.4;8558.9;626.0;8596.5249691336
19.08.2025;20:50:00;8557.3;8561.0;8555.7;8558.7;87.0;8596.0737194423
19.08.2025;21:00:00;8556.6;8557.5;8550.2;8556.9;1803.0;8595.6269822478
19.08.2025;21:10:00;8556.7;8557.4;8556.0;8556.5;43.0;8595.1727124254
19.08.2025;21:20:00;8556.9;8556.9;8555.2;8555.2;126.0;8594.7229853011
19.08.2025;21:30:00;8555.6;8561.1;8554.5;8561.1;812.0;8594.2777554481
19.08.2025;21:40:00;8559.0;8560.2;8555.5;8555.5;671.0;8593.8369778936
19.08.2025;21:50:00;8556.6;8558.0;8556.4;8557.7;124.0;8593.4006081147
19.08.2025;22:00:00;8559.1;8559.1;8555.6;8558.7;219.0;8592.9686020335
19.08.2025;22:10:00;8557.1;8561.2;8557.1;8560.5;910.0;8592.5409160132
19.08.2025;22:20:00;8561.3;8561.3;8558.7;8559.1;54.0;8592.1175068531
19.08.2025;22:30:00;8558.1;8558.9;8556.1;8556.2;66.0;8591.6983317845
19.08.2025;22:40:00;8558.0;8559.0;8554.2;8554.2;724.0;8591.2833484667
19.08.2025;22:50:00;8554.1;8554.1;8544.6;8544.6;5789.0;8590.872514982
19.08.2025;23:00:00;8544.5;8545.0;8543.9;8544.9;2006.0;8590.4097898322
19.08.2025;23:10:00;8544.6;8544.9;8544.4;8544.8;443.0;8589.9446919339
19.08.2025;23:20:00;8544.9;8545.0;8542.9;8542.9;535.0;8589.4842450145
19.08.2025;23:30:00;8542.9;8545.0;8541.7;8545.0;1123.0;8589.0184025644
19.08.2025;23:40:00;8545.0;8555.0;8544.2;8555.0;672.0;8588.5452185387
20.08.2025;08:50:00;8559.0;8559.0;8559.0;8559.0;40.0;8588.0767663534
20.08.2025;09:00:00;8559.1;8580.0;8542.5;8569.0;2045.0;8587.6129986898
20.08.2025;09:10:00;8569.6;8574.0;8568.7;8573.1;827.0;8587.1538687029
20.08.2025;09:20:00;8573.1;8573.1;8567.7;8567.7;244.0;8586.6993300159
20.08.2025;09:30:00;8568.5;8568.5;8565.4;8565.4;171.0;8586.2493367157
20.08.2025;09:40:00;8565.4;8567.4;8565.4;8566.3;147.0;8585.8038433486
20.08.2025;09:50:00;8566.3;8568.5;8566.3;8567.0;37.0;8585.3628049151
20.08.2025;10:00:00;8567.4;8569.2;8557.8;8558.4;1843.0;8584.9261768659
20.08.2025;10:10:00;8558.4;8558.8;8551.9;8555.9;3609.0;8584.4939150973
20.08.2025;10:20:00;8555.9;8557.0;8550.1;8551.6;2912.0;8584.0659759463
20.08.2025;10:30:00;8551.6;8552.2;8549.1;8549.5;1156.0;8583.6423161868
20.08.2025;10:40:00;8549.6;8551.7;8525.0;8532.4;8132.0;8583.222893025
20.08.2025;10:50:00;8532.8;8536.5;8525.5;8530.9;9723.0;8582.6406640947
20.08.2025;11:00:00;8530.1;8531.0;8523.7;8525.6;4730.0;8582.0642574538
20.08.2025;11:10:00;8524.7;8526.6;8523.6;8524.7;2368.0;8581.4806148792
20.08.2025;11:20:00;8524.7;8528.8;8524.0;8524.7;4444.0;8580.9018087305
20.08.2025;11:30:00;8524.4;8533.4;8521.0;8529.6;7365.0;8580.3287906431
20.08.2025;11:40:00;8529.9;8533.2;8529.7;8533.2;1435.0;8579.7355027367
20.08.2025;11:50:00;8531.2;8533.8;8530.4;8531.5;1022.0;8579.1481477093
20.08.2025;12:00:00;8531.8;8537.7;8526.8;8536.1;3326.0;8578.5666662323
20.08.2025;12:10:00;8536.1;8544.0;8535.5;8541.3;4511.0;8577.9909995699
20.08.2025;12:20:00;8540.6;8542.7;8538.9;8540.5;1483.0;8577.4210895742
20.08.2025;12:30:00;8540.5;8546.4;8540.4;8544.4;3109.0;8576.8568786785
20.08.2025;12:40:00;8544.5;8545.1;8538.2;8538.3;1822.0;8576.2983098917
20.08.2025;12:50:00;8538.3;8539.4;8535.6;8535.6;2638.0;8575.7453267928
20.08.2025;13:00:00;8535.7;8538.6;8534.1;8538.5;1356.0;8575.1978735249
20.08.2025;13:10:00;8538.8;8542.9;8536.1;8540.6;2688.0;8574.6558947896
20.08.2025;13:20:00;8539.1;8540.0;8535.1;8539.7;1325.0;8574.1193358417
20.08.2025;13:30:00;8541.8;8546.9;8541.8;8542.7;3325.0;8573.5881424833
20.08.2025;13:40:00;8542.9;8547.0;8541.1;8545.7;871.0;8573.0622610585
20.08.2025;13:50:00;8543.3;8545.9;8540.9;8541.8;1791.0;8572.5416384479
20.08.2025;14:00:00;8541.6;8548.0;8533.0;8546.0;499.0;8572.0262220634
20.08.2025;14:10:00;8547.8;8549.0;8543.2;8543.2;1395.0;8571.5159598428
20.08.2025;14:20:00;8543.9;8547.5;8543.9;8546.4;603.0;8571.0108002443
20.08.2025;14:30:00;8546.3;8547.3;8543.4;8546.3;991.0;8570.5106922419
20.08.2025;14:40:00;8544.7;8544.7;8539.9;8540.3;338.0;8570.0155853195
20.08.2025;14:50:00;8542.0;8548.7;8542.0;8547.6;2345.0;8569.5254294663
20.08.2025;15:00:00;8546.7;8553.6;8546.5;8550.5;1425.0;8569.0401751716
20.08.2025;15:10:00;8550.5;8554.5;8548.4;8554.1;535.0;8568.5597734199
20.08.2025;15:20:00;8553.9;8559.4;8553.9;8559.3;1619.0;8568.0841756857
20.08.2025;15:30:00;8559.3;8564.3;8556.2;8557.0;4851.0;8567.6133339289
20.08.2025;15:40:00;8557.8;8561.1;8553.6;8561.0;2946.0;8567.1472005896
20.08.2025;15:50:00;8561.0;8572.6;8561.0;8569.7;2222.0;8521.0
20.08.2025;16:00:00;8568.0;8573.0;8563.1;8568.7;4008.0;8522.032
20.08.2025;16:10:00;8568.6;8571.9;8566.3;8567.3;4322.0;8522.54168
20.08.2025;16:20:00;8567.5;8570.4;8563.3;8567.4;2536.0;8523.0462632
20.08.2025;16:30:00;8569.8;8578.9;8569.8;8574.8;9082.0;8523.545800568
20.08.2025;16:40:00;8574.8;8581.0;8569.3;8571.9;10741.0;8524.0993425623
20.08.2025;16:50:00;8570.7;8577.8;8569.5;8577.0;8170.0;8524.6683491367
20.08.2025;17:00:00;8577.0;8577.3;8565.6;8571.0;4887.0;8525.2316656453
20.08.2025;17:10:00;8573.1;8575.0;8569.2;8574.1;2013.0;8525.7893489889
20.08.2025;17:20:00;8574.3;8576.0;8571.8;8574.9;1949.0;8526.341455499
20.08.2025;17:30:00;8573.7;8578.0;8573.7;8575.8;1998.0;8526.888040944
20.08.2025;17:40:00;8575.8;8584.2;8573.5;8581.6;2866.0;8527.4291605346
20.08.2025;17:50:00;8581.6;8585.0;8576.2;8576.2;3592.0;8527.9968689292
20.08.2025;18:00:00;8576.9;8578.5;8571.1;8573.1;2529.0;8528.5669002399
20.08.2025;18:10:00;8571.7;8576.4;8570.0;8571.3;1189.0;8529.1312312375
20.08.2025;18:20:00;8570.8;8571.6;8567.2;8570.7;1804.0;8529.6899189251
20.08.2025;18:30:00;8571.3;8574.2;8569.0;8572.8;884.0;8530.2430197359
20.08.2025;18:40:00;8572.7;8573.1;8561.1;8562.0;2311.0;8530.7905895385
20.08.2025;19:00:00;8562.0;8565.5;8562.0;8565.5;7282.0;8531.3326836431
20.08.2025;19:10:00;8565.5;8582.6;8565.4;8581.2;3126.0;8531.8693568067
20.08.2025;19:20:00;8581.2;8581.6;8577.7;8581.5;414.0;8532.4006632386
20.08.2025;19:30:00;8581.4;8581.7;8576.8;8579.3;244.0;8532.9266566063
20.08.2025;19:40:00;8576.9;8580.0;8576.5;8578.2;489.0;8533.4473900402
20.08.2025;19:50:00;8578.4;8578.4;8573.0;8577.0;388.0;8533.9629161398
20.08.2025;20:00:00;8575.6;8577.8;8572.0;8574.8;406.0;8534.4732869784
20.08.2025;20:10:00;8575.9;8577.8;8575.9;8577.8;214.0;8534.9785541086
20.08.2025;20:20:00;8577.6;8577.6;8571.8;8577.0;381.0;8535.4787685675
20.08.2025;20:30:00;8575.9;8577.3;8575.9;8576.3;109.0;8535.9739808819
20.08.2025;20:40:00;8576.2;8578.0;8575.6;8576.8;672.0;8536.464241073
20.08.2025;20:50:00;8577.9;8577.9;8576.1;8577.5;184.0;8536.9495986623
20.08.2025;21:00:00;8577.5;8578.0;8574.1;8575.1;576.0;8537.4301026757
20.08.2025;21:10:00;8575.1;8578.2;8575.1;8578.2;13.0;8537.9058016489
20.08.2025;21:20:00;8578.2;8578.2;8575.2;8577.3;41.0;8538.3767436324
20.08.2025;21:30:00;8578.3;8580.0;8578.3;8580.0;314.0;8538.8429761961
20.08.2025;21:40:00;8580.0;8580.0;8577.8;8577.8;425.0;8539.3045464342
20.08.2025;21:50:00;8579.6;8580.0;8578.0;8580.0;144.0;8539.7615009698
20.08.2025;22:00:00;8580.0;8582.6;8579.0;8582.0;605.0;8540.2138859601
20.08.2025;22:10:00;8582.0;8585.0;8582.0;8583.0;850.0;8540.6617471005
20.08.2025;22:20:00;8584.0;8585.0;8583.5;8584.6;594.0;8541.1051296295
20.08.2025;22:30:00;8584.6;8587.0;8583.4;8586.8;468.0;8541.5440783332
20.08.2025;22:40:00;8586.8;8587.0;8583.5;8584.2;170.0;8541.9986375499
20.08.2025;22:50:00;8583.8;8584.4;8581.8;8584.4;81.0;8542.4486511744
20.08.2025;23:00:00;8584.3;8585.3;8581.9;8585.3;209.0;8542.8941646626
20.08.2025;23:10:00;8582.9;8584.0;8582.8;8584.0;21.0;8543.335223016
20.08.2025;23:20:00;8582.9;8585.0;8582.5;8582.5;156.0;8543.7718707858
20.08.2025;23:30:00;8583.3;8585.9;8583.2;8585.9;69.0;8544.204152078
20.08.2025;23:40:00;8585.8;8585.9;8582.3;8585.1;56.0;8544.6321105572
21.08.2025;08:50:00;8577.2;8577.2;8577.2;8577.2;70.0;8545.0557894516
21.08.2025;09:00:00;8577.2;8577.2;8562.8;8574.0;1662.0;8545.4752315571
21.08.2025;09:10:00;8574.4;8575.4;8567.0;8570.7;985.0;8545.8904792415
21.08.2025;09:20:00;8570.8;8570.8;8565.0;8565.0;664.0;8546.3015744491
21.08.2025;09:30:00;8565.0;8574.4;8565.0;8572.8;760.0;8546.7085587046
21.08.2025;09:40:00;8574.0;8581.2;8573.8;8581.2;816.0;8547.1114731176
21.08.2025;09:50:00;8581.2;8583.0;8577.9;8578.6;926.0;8547.5103583864
21.08.2025;10:00:00;8579.6;8586.4;8576.0;8576.5;5439.0;8547.9052548026
21.08.2025;10:10:00;8575.5;8576.1;8572.0;8573.6;1991.0;8548.2962022545
21.08.2025;10:20:00;8573.8;8579.0;8572.0;8577.2;1264.0;8548.683240232
21.08.2025;10:30:00;8575.1;8579.0;8570.2;8575.2;3403.0;8549.0664078297
21.08.2025;10:40:00;8574.9;8580.5;8574.9;8576.1;991.0;8549.4457437514
21.08.2025;10:50:00;8576.6;8576.7;8567.0;8569.9;1016.0;8549.8212863139
21.08.2025;11:00:00;8568.1;8581.7;8568.1;8580.9;2043.0;8550.1930734507
21.08.2025;11:10:00;8581.9;8583.2;8580.2;8581.4;1690.0;8550.5611427162
21.08.2025;11:20:00;8580.3;8583.2;8578.1;8582.2;6680.0;8550.925531289
21.08.2025;11:30:00;8582.0;8583.1;8579.0;8580.0;935.0;8551.2862759762
21.08.2025;11:40:00;8579.2;8579.7;8574.0;8578.3;2039.0;8551.6434132164
21.08.2025;11:50:00;8577.8;8584.4;8576.3;8582.9;1854.0;8551.9969790842
21.08.2025;12:00:00;8581.1;8584.0;8579.7;8582.8;863.0;8552.3470092934
21.08.2025;12:10:00;8583.0;8583.6;8575.7;8581.1;1010.0;8552.6935392005
21.08.2025;12:20:00;8581.2;8583.1;8578.7;8583.1;964.0;8553.0366038084
21.08.2025;12:30:00;8582.5;8585.9;8581.0;8585.9;3016.0;8553.3762377704
21.08.2025;12:40:00;8586.0;8588.3;8583.9;8587.1;1848.0;8553.7124753927
21.08.2025;12:50:00;8587.0;8590.0;8581.0;8583.7;4572.0;8554.0583506387
21.08.2025;13:00:00;8583.7;8584.4;8574.7;8576.9;1611.0;8554.4177671323
21.08.2025;13:10:00;8578.8;8579.4;8575.1;8575.3;693.0;8554.773589461
21.08.2025;13:20:00;8576.5;8578.2;8574.0;8575.5;1604.0;8555.1258535664
21.08.2025;13:30:00;8574.2;8576.2;8569.2;8569.3;5020.0;8555.4745950307
21.08.2025;13:40:00;8569.3;8569.3;8559.1;8560.1;13808.0;8555.8198490804
21.08.2025;13:50:00;8560.2;8566.2;8559.2;8560.6;5065.0;8556.1616505896
21.08.2025;14:00:00;8560.0;8563.4;8554.3;8562.7;3154.0;8590.0
21.08.2025;14:10:00;8562.6;8574.0;8562.6;8569.9;3119.0;8589.286
21.08.2025;14:20:00;8568.6;8576.5;8567.0;8573.5;1681.0;8588.58628
21.08.2025;14:30:00;8572.4;8574.0;8569.6;8572.9;531.0;8587.9005544
21.08.2025;14:40:00;8573.4;8573.9;8569.7;8573.1;691.0;8587.228543312
21.08.2025;14:50:00;8573.4;8574.9;8568.3;8569.0;1192.0;8586.5699724458
21.08.2025;15:00:00;8569.0;8584.0;8568.5;8581.5;2437.0;8585.9245729968
21.08.2025;15:10:00;8583.9;8586.1;8580.2;8580.2;2023.0;8554.3
21.08.2025;15:20:00;8580.1;8580.7;8570.0;8572.5;1923.0;8554.936
21.08.2025;15:30:00;8572.6;8588.4;8571.0;8577.0;2930.0;8555.55928
21.08.2025;15:40:00;8577.1;8580.8;8572.0;8577.7;1401.0;8555.8876872
21.08.2025;15:50:00;8578.4;8583.9;8576.2;8583.9;3335.0;8556.212810328
21.08.2025;16:00:00;8584.0;8585.9;8574.7;8578.8;2305.0;8556.5346822247
21.08.2025;16:10:00;8578.9;8586.7;8576.0;8586.7;1843.0;8556.8533354025
21.08.2025;16:20:00;8586.6;8588.0;8583.5;8585.6;1804.0;8557.1688020484
21.08.2025;16:30:00;8586.8;8593.0;8586.8;8589.9;6756.0;8557.481114028
21.08.2025;16:40:00;8589.9;8592.6;8575.9;8579.3;6434.0;8557.8363028877
21.08.2025;16:50:00;8581.5;8586.1;8578.1;8585.7;2543.0;8558.1879398588
21.08.2025;17:00:00;8585.8;8594.9;8582.1;8591.0;2087.0;8558.5360604602
21.08.2025;17:10:00;8592.4;8597.0;8590.7;8595.6;1962.0;8558.8996998556
21.08.2025;17:20:00;8595.6;8599.9;8591.6;8599.0;2282.0;8559.2807028571
21.08.2025;17:30:00;8599.0;8602.3;8596.7;8601.6;4317.0;8559.6868958285
21.08.2025;17:40:00;8600.2;8601.1;8592.6;8596.7;2500.0;8560.1130268702
21.08.2025;17:50:00;8596.2;8603.9;8596.2;8603.5;1776.0;8560.5348966015
21.08.2025;18:00:00;8603.7;8607.9;8601.9;8602.0;4234.0;8560.9685476355
21.08.2025;18:10:00;8604.7;8605.3;8597.6;8603.5;1460.0;8561.4378621591
21.08.2025;18:20:00;8603.2;8611.0;8603.0;8608.5;5112.0;8561.9024835375
21.08.2025;18:30:00;8610.4;8610.4;8603.6;8608.2;3800.0;8562.3934587022
21.08.2025;18:40:00;8609.0;8610.0;8605.0;8605.0;3653.0;8562.8795241151
21.08.2025;19:00:00;8605.0;8611.3;8599.7;8611.3;1316.0;8563.360728874
21.08.2025;19:10:00;8611.3;8614.9;8602.4;8607.4;1628.0;8563.8401215853
21.08.2025;19:20:00;8604.9;8607.3;8601.5;8602.4;604.0;8564.3507203694
21.08.2025;19:30:00;8602.4;8613.7;8602.4;8603.5;5434.0;8564.8562131657
21.08.2025;19:40:00;8603.7;8608.6;8603.7;8605.7;244.0;8565.3566510341
21.08.2025;19:50:00;8605.7;8605.7;8601.2;8601.9;621.0;8565.8520845237
21.08.2025;20:00:00;8601.5;8603.6;8600.6;8603.6;129.0;8566.3425636785
21.08.2025;20:10:00;8602.3;8602.3;8601.0;8601.0;41.0;8566.8281380417
21.08.2025;20:20:00;8601.0;8603.5;8600.0;8601.4;1408.0;8567.3088566613
21.08.2025;20:30:00;8601.3;8603.9;8600.8;8601.8;840.0;8567.7847680947
21.08.2025;20:40:00;8601.6;8602.0;8600.7;8602.0;324.0;8568.2559204137
21.08.2025;20:50:00;8602.1;8603.4;8600.0;8600.7;384.0;8568.7223612096
21.08.2025;21:00:00;8600.0;8601.0;8600.0;8600.0;184.0;8569.1841375975
21.08.2025;21:10:00;8600.9;8602.3;8600.1;8602.3;442.0;8569.6412962215
21.08.2025;21:20:00;8602.4;8604.9;8600.8;8600.8;116.0;8570.0938832593
21.08.2025;21:30:00;8600.8;8601.9;8600.8;8601.9;144.0;8570.5419444267
21.08.2025;21:40:00;8601.9;8603.0;8600.7;8602.7;118.0;8570.9855249824
21.08.2025;21:50:00;8601.8;8604.4;8601.8;8602.8;67.0;8571.4246697326
21.08.2025;22:00:00;8604.3;8606.3;8602.6;8605.3;330.0;8571.8594230353
21.08.2025;22:10:00;8604.1;8606.6;8603.5;8603.5;23.0;8572.2898288049
21.08.2025;22:20:00;8606.0;8606.2;8604.2;8606.2;98.0;8572.7159305169
21.08.2025;22:30:00;8606.2;8608.0;8606.2;8608.0;183.0;8573.1377712117
21.08.2025;22:40:00;8608.0;8608.7;8607.9;8608.1;300.0;8573.5553934996
21.08.2025;22:50:00;8607.6;8607.6;8602.7;8602.7;389.0;8573.9688395646
21.08.2025;23:00:00;8602.7;8604.0;8602.3;8603.9;130.0;8574.378151169
21.08.2025;23:20:00;8602.9;8604.6;8602.6;8604.6;98.0;8574.7833696573
21.08.2025;23:30:00;8602.4;8604.0;8601.6;8604.0;343.0;8575.1845359607
21.08.2025;23:40:00;8603.9;8604.0;8601.1;8601.1;583.0;8575.5816906011
22.08.2025;08:50:00;8590.0;8590.0;8590.0;8590.0;170.0;8575.9748736951
22.08.2025;09:00:00;8589.9;8590.4;8577.2;8582.3;4309.0;8576.3641249581
22.08.2025;09:10:00;8582.5;8583.8;8580.1;8582.4;678.0;8576.7494837085
22.08.2025;09:20:00;8583.1;8585.1;8578.2;8579.3;2729.0;8577.1309888715
22.08.2025;09:30:00;8579.2;8585.0;8579.2;8581.9;695.0;8577.5086789827
22.08.2025;09:40:00;8581.1;8581.5;8577.6;8579.2;3210.0;8614.9
22.08.2025;09:50:00;8579.4;8587.2;8579.4;8584.1;466.0;8614.154
22.08.2025;10:00:00;8583.2;8590.0;8579.0;8588.9;4775.0;8613.42292
22.08.2025;10:10:00;8588.7;8589.8;8582.2;8585.4;4199.0;8612.7064616
22.08.2025;10:20:00;8585.4;8589.1;8584.2;8586.3;4619.0;8612.004332368
22.08.2025;10:30:00;8585.0;8585.0;8571.9;8572.5;7619.0;8611.3162457206
22.08.2025;10:40:00;8572.5;8573.6;8568.2;8569.7;4752.0;8610.9220832634
22.08.2025;10:50:00;8570.7;8572.0;8568.8;8570.0;2556.0;8610.4948624308
22.08.2025;11:00:00;8570.4;8575.5;8570.0;8573.9;3259.0;8610.0719138065
22.08.2025;11:10:00;8574.3;8575.0;8571.0;8571.7;2143.0;8609.6531946684
22.08.2025;11:20:00;8570.9;8575.4;8569.1;8571.9;4330.0;8609.2386627217
22.08.2025;11:30:00;8571.9;8575.0;8570.8;8570.8;2562.0;8608.8282760945
22.08.2025;11:40:00;8570.8;8572.1;8568.0;8570.4;2425.0;8608.4219933336
22.08.2025;11:50:00;8570.4;8572.2;8569.1;8572.0;1897.0;8608.0177734002
22.08.2025;12:00:00;8571.3;8577.8;8570.7;8576.0;3564.0;8607.6175956662
22.08.2025;12:10:00;8575.3;8579.9;8571.9;8579.9;1338.0;8607.2214197096
22.08.2025;12:20:00;8578.1;8579.7;8569.5;8571.9;699.0;8606.8292055125
22.08.2025;12:30:00;8570.9;8575.8;8570.8;8573.1;2800.0;8606.4409134574
22.08.2025;12:40:00;8573.2;8580.0;8573.2;8578.8;4218.0;8606.0565043228
22.08.2025;12:50:00;8578.7;8582.1;8576.3;8578.4;432.0;8605.6759392796
22.08.2025;13:00:00;8580.2;8581.4;8576.8;8580.0;433.0;8605.2991798868
22.08.2025;13:10:00;8580.2;8580.6;8576.6;8579.2;486.0;8604.9261880879
22.08.2025;13:20:00;8579.2;8580.0;8574.3;8577.2;895.0;8604.556926207
22.08.2025;13:30:00;8577.9;8586.0;8577.9;8582.9;5851.0;8604.1913569449
22.08.2025;13:40:00;8582.9;8586.0;8580.7;8583.0;4455.0;8603.8294433755
22.08.2025;13:50:00;8583.0;8585.8;8581.2;8582.8;5404.0;8603.4711489417
22.08.2025;14:00:00;8581.2;8587.1;8581.2;8585.7;3286.0;8603.1164374523
22.08.2025;14:10:00;8586.3;8595.6;8586.3;8595.0;12824.0;8602.7652730778
22.08.2025;14:20:00;8595.0;8595.6;8588.8;8592.1;6320.0;8602.417620347
22.08.2025;14:30:00;8592.4;8594.7;8591.4;8593.1;2711.0;8602.0734441436
22.08.2025;14:40:00;8591.8;8597.8;8587.0;8590.9;2519.0;8601.7327097021
22.08.2025;14:50:00;8592.2;8596.8;8588.8;8596.0;8259.0;8601.3953826051
22.08.2025;15:00:00;8596.0;8596.8;8586.1;8590.6;7687.0;8601.061428779
22.08.2025;15:10:00;8592.2;8593.8;8583.5;8592.2;2955.0;8600.7308144913
22.08.2025;15:20:00;8591.3;8591.3;8582.8;8584.7;552.0;8600.4035063463
22.08.2025;15:30:00;8585.1;8588.9;8577.4;8588.4;2519.0;8600.0794712829
22.08.2025;15:40:00;8588.3;8593.4;8584.1;8592.4;1462.0;8599.7586765701
22.08.2025;15:50:00;8593.0;8596.8;8589.3;8589.4;2779.0;8599.4410898043
22.08.2025;16:00:00;8590.0;8598.0;8587.6;8588.0;3775.0;8599.1266789063
22.08.2025;16:10:00;8588.2;8590.6;8582.0;8588.3;1143.0;8598.8154121172
22.08.2025;16:20:00;8587.6;8595.9;8586.4;8592.3;3816.0;8598.5072579961
22.08.2025;16:30:00;8593.6;8604.9;8593.1;8603.8;4419.0;8568.0
22.08.2025;16:40:00;8604.7;8608.8;8602.8;8606.1;3301.0;8568.738
22.08.2025;16:50:00;8607.2;8610.0;8603.2;8610.0;2516.0;8569.13862
22.08.2025;17:00:00;8610.0;8637.6;8610.0;8628.2;45712.0;8569.5472338
22.08.2025;17:10:00;8631.0;8648.9;8626.2;8648.0;23226.0;8570.227761462
22.08.2025;17:20:00;8648.4;8653.0;8630.8;8651.1;13888.0;8571.0144838474
22.08.2025;17:30:00;8652.1;8674.6;8652.1;8668.7;12640.0;8571.8343390089
22.08.2025;17:40:00;8669.9;8676.6;8665.8;8669.4;10250.0;8572.8619956188
22.08.2025;17:50:00;8669.4;8671.8;8656.0;8660.3;17343.0;8573.8993756626
22.08.2025;18:00:00;8660.5;8674.9;8660.5;8670.2;8962.0;8574.926381906
22.08.2025;18:10:00;8666.8;8677.5;8664.0;8670.3;4250.0;8575.9431180869
22.08.2025;18:20:00;8670.5;8674.4;8669.0;8673.9;6168.0;8576.9586869061
22.08.2025;18:30:00;8674.0;8677.7;8666.7;8667.3;5805.0;8577.964100037
22.08.2025;18:40:00;8669.0;8679.0;8654.0;8660.1;8573.0;8578.9614590366
22.08.2025;19:00:00;8664.1;8679.2;8660.3;8677.2;792.0;8579.9618444463
22.08.2025;19:10:00;8677.0;8679.8;8674.4;8676.8;772.0;8580.9542260018
22.08.2025;19:20:00;8676.8;8677.0;8663.1;8663.1;4149.0;8581.9426837418
22.08.2025;19:30:00;8665.4;8668.3;8663.7;8665.4;512.0;8582.9212569044
22.08.2025;19:40:00;8665.4;8668.5;8664.8;8667.2;304.0;8583.8900443353
22.08.2025;19:50:00;8667.2;8674.3;8667.2;8673.0;830.0;8584.849143892
22.08.2025;20:00:00;8675.0;8675.2;8670.3;8672.3;1259.0;8585.7986524531
22.08.2025;20:10:00;8671.0;8672.4;8667.5;8670.1;221.0;8586.7386659285
22.08.2025;20:20:00;8670.1;8670.2;8669.9;8670.1;116.0;8587.6692792692
22.08.2025;20:30:00;8670.5;8675.0;8670.5;8675.0;337.0;8588.5905864766
22.08.2025;20:40:00;8672.5;8672.5;8670.8;8671.9;256.0;8589.5026806118
22.08.2025;20:50:00;8671.9;8671.9;8670.5;8670.8;225.0;8590.4056538057
22.08.2025;21:00:00;8670.7;8671.2;8670.0;8670.0;264.0;8591.2995972676
22.08.2025;21:10:00;8670.0;8670.3;8668.0;8668.0;153.0;8592.1846012949
22.08.2025;21:20:00;8668.0;8670.9;8668.0;8670.8;329.0;8593.060755282
22.08.2025;21:30:00;8670.9;8675.0;8668.5;8675.0;1303.0;8593.9281477292
22.08.2025;21:40:00;8674.9;8678.9;8674.9;8678.9;1045.0;8594.7868662519
22.08.2025;21:50:00;8678.9;8679.8;8678.1;8678.1;430.0;8595.6369975894
22.08.2025;22:00:00;8678.1;8679.0;8676.8;8676.8;344.0;8596.4786276135
22.08.2025;22:10:00;8676.7;8677.8;8672.1;8673.2;946.0;8597.3118413373
22.08.2025;22:20:00;8673.7;8675.0;8673.0;8673.6;384.0;8598.136722924
22.08.2025;22:30:00;8675.0;8675.0;8672.2;8675.0;505.0;8598.9533556947
22.08.2025;22:40:00;8675.0;8678.0;8673.0;8677.3;1828.0;8599.7618221378
22.08.2025;22:50:00;8677.4;8679.8;8675.9;8679.5;600.0;8600.5622039164
22.08.2025;23:00:00;8679.3;8679.3;8676.0;8676.0;88.0;8601.3545818772
22.08.2025;23:10:00;8676.8;8679.9;8676.0;8677.0;693.0;8602.1390360585
22.08.2025;23:20:00;8677.0;8678.0;8675.9;8678.0;393.0;8602.9166456979
22.08.2025;23:30:00;8676.4;8677.0;8675.9;8677.0;675.0;8603.6864792409
22.08.2025;23:40:00;8676.8;8677.5;8665.1;8672.7;1563.0;8604.4486144485
23.08.2025;09:50:00;8672.7;8672.7;8672.7;8672.7;78.0;8605.203128304
23.08.2025;10:00:00;8675.0;8675.0;8672.7;8672.8;172.0;8605.950097021
23.08.2025;10:10:00;8672.8;8674.9;8672.7;8672.7;149.0;8606.6895960507
23.08.2025;10:20:00;8672.8;8674.8;8672.7;8674.8;26.0;8607.4217000902
23.08.2025;10:30:00;8672.8;8672.8;8659.7;8667.8;711.0;8608.1464830893
23.08.2025;10:40:00;8666.9;8666.9;8664.5;8665.0;232.0;8608.8640182584
23.08.2025;10:50:00;8665.0;8665.0;8662.0;8663.0;4.0;8609.5743780759
23.08.2025;11:00:00;8663.0;8663.0;8660.3;8660.3;19.0;8610.2776342951
23.08.2025;11:10:00;8662.8;8662.8;8662.0;8662.7;69.0;8610.9738579522
23.08.2025;11:20:00;8662.6;8662.7;8662.0;8662.6;134.0;8611.6631193726
23.08.2025;11:30:00;8662.7;8662.7;8658.0;8658.0;486.0;8612.3454881789
23.08.2025;11:40:00;8660.0;8660.0;8658.0;8660.0;66.0;8613.0210332971
23.08.2025;11:50:00;8660.0;8660.0;8660.0;8660.0;463.0;8613.6898229641
23.08.2025;12:00:00;8660.0;8660.0;8660.0;8660.0;122.0;8614.3519247345
23.08.2025;12:10:00;8660.0;8664.9;8659.8;8664.5;109.0;8615.0074054872
23.08.2025;12:20:00;8664.3;8664.5;8664.1;8664.5;3.0;8615.6563314323
23.08.2025;12:30:00;8664.5;8664.5;8657.8;8657.8;295.0;8616.298768118
23.08.2025;12:40:00;8657.8;8658.0;8657.8;8658.0;86.0;8616.9347804368
23.08.2025;12:50:00;8657.8;8658.0;8657.8;8658.0;150.0;8617.5644326324
23.08.2025;13:00:00;8658.0;8658.0;8652.5;8652.5;888.0;8618.1877883061
23.08.2025;13:10:00;8654.5;8657.0;8652.6;8657.0;35.0;8618.804910423
23.08.2025;13:20:00;8656.9;8657.0;8656.9;8657.0;13.0;8619.4158613188
23.08.2025;13:30:00;8654.8;8657.0;8654.8;8655.8;288.0;8620.0207027056
23.08.2025;13:40:00;8655.8;8656.0;8654.8;8656.0;161.0;8620.6194956786
23.08.2025;13:50:00;8656.0;8658.0;8654.8;8658.0;828.0;8621.2123007218
23.08.2025;14:00:00;8658.0;8658.0;8657.7;8658.0;502.0;8621.7991777145
23.08.2025;14:10:00;8658.0;8658.0;8655.1;8655.1;430.0;8622.3801859374
23.08.2025;14:20:00;8658.0;8658.0;8655.1;8658.0;213.0;8622.955384078
23.08.2025;14:30:00;8658.0;8664.1;8655.1;8664.0;191.0;8623.5248302372
23.08.2025;14:40:00;8664.0;8664.1;8659.0;8659.0;313.0;8624.0885819349
23.08.2025;14:50:00;8659.1;8659.1;8659.0;8659.1;36.0;8624.6466961155
23.08.2025;15:00:00;8663.9;8663.9;8663.9;8663.9;21.0;8625.1992291544
23.08.2025;15:20:00;8663.7;8663.7;8663.7;8663.7;4.0;8625.7462368628
23.08.2025;15:30:00;8661.3;8663.7;8661.3;8663.7;34.0;8626.2877744942
23.08.2025;15:40:00;8663.6;8663.6;8663.6;8663.6;10.0;8626.8238967493
23.08.2025;15:50:00;8663.7;8664.8;8661.9;8664.8;116.0;8627.3546577818
23.08.2025;16:00:00;8664.8;8669.6;8661.7;8661.7;1058.0;8627.8801112039
23.08.2025;16:10:00;8666.9;8667.0;8661.5;8666.8;408.0;8628.4003100919
23.08.2025;16:20:00;8665.0;8665.0;8662.2;8662.2;10.0;8628.915306991
23.08.2025;16:30:00;8666.6;8667.0;8666.6;8667.0;500.0;8629.4251539211
23.08.2025;16:40:00;8667.0;8667.0;8661.5;8661.5;1049.0;8629.9299023819
23.08.2025;17:00:00;8661.5;8661.6;8661.5;8661.6;5.0;8630.429603358
23.08.2025;17:10:00;8666.8;8666.8;8666.8;8666.8;3.0;8630.9243073245
23.08.2025;17:20:00;8661.6;8661.6;8661.6;8661.6;5.0;8631.4140642512
23.08.2025;17:40:00;8661.8;8661.8;8661.6;8661.6;7.0;8631.8989236087
23.08.2025;18:00:00;8666.8;8666.8;8666.8;8666.8;9.0;8632.3789343726
23.08.2025;18:10:00;8662.2;8662.2;8661.9;8661.9;9.0;8632.8541450289
23.08.2025;18:20:00;8662.0;8662.0;8661.6;8661.6;35.0;8633.3246035786
23.08.2025;18:30:00;8661.6;8661.6;8661.0;8661.0;244.0;8633.7903575428
23.08.2025;18:40:00;8661.0;8661.0;8660.0;8660.0;31.0;8634.2514539674
23.08.2025;18:50:00;8661.0;8661.0;8661.0;8661.0;10.0;8634.7079394277
24.08.2025;10:00:00;8661.0;8669.6;8656.0;8656.2;214.0;8635.1598600334
24.08.2025;10:10:00;8666.0;8666.5;8666.0;8666.5;157.0;8635.6072614331
24.08.2025;10:20:00;8661.7;8669.0;8661.7;8666.6;71.0;8636.0501888188
24.08.2025;10:30:00;8666.6;8669.0;8666.6;8668.5;51.0;8636.4886869306
24.08.2025;10:40:00;8668.5;8668.5;8668.3;8668.3;2.0;8636.9228000613
24.08.2025;11:00:00;8668.0;8670.0;8661.8;8670.0;415.0;8637.3525720607
24.08.2025;11:10:00;8661.8;8670.0;8661.7;8661.7;52.0;8637.7780463401
24.08.2025;11:20:00;8669.9;8669.9;8669.9;8669.9;12.0;8638.1992658767
24.08.2025;11:30:00;8669.6;8669.7;8662.2;8662.2;118.0;8638.6162732179
24.08.2025;11:40:00;8662.4;8662.5;8662.0;8662.0;329.0;8639.0291104857
24.08.2025;11:50:00;8662.0;8662.0;8661.9;8662.0;168.0;8639.4378193809
24.08.2025;12:00:00;8662.0;8662.0;8662.0;8662.0;48.0;8639.8424411871
24.08.2025;12:10:00;8662.0;8662.0;8661.9;8662.0;47.0;8640.2430167752
24.08.2025;12:20:00;8661.9;8662.0;8661.9;8662.0;6.0;8640.6395866074
24.08.2025;12:30:00;8661.9;8661.9;8661.9;8661.9;10.0;8641.0321907414
24.08.2025;12:50:00;8663.0;8663.0;8663.0;8663.0;113.0;8641.4208688339
24.08.2025;13:00:00;8663.0;8669.9;8663.0;8669.1;725.0;8641.8056601456
24.08.2025;13:10:00;8669.0;8669.0;8660.0;8660.0;282.0;8642.1866035441
24.08.2025;13:20:00;8660.0;8660.0;8657.1;8659.4;161.0;8642.5637375087
24.08.2025;13:30:00;8667.0;8667.0;8659.6;8659.6;9.0;8642.9371001336
24.08.2025;13:40:00;8659.8;8669.0;8659.6;8669.0;196.0;8643.3067291323
24.08.2025;13:50:00;8669.0;8669.0;8669.0;8669.0;2.0;8643.672661841
24.08.2025;14:00:00;8668.7;8669.3;8659.8;8669.3;481.0;8644.0349352226
24.08.2025;14:10:00;8669.1;8669.4;8661.3;8668.9;78.0;8644.3935858703
24.08.2025;14:20:00;8664.3;8664.3;8664.1;8664.1;16.0;8644.7486500116
24.08.2025;14:30:00;8664.4;8668.9;8664.4;8668.9;86.0;8645.1001635115
24.08.2025;14:50:00;8667.5;8668.9;8664.2;8664.2;410.0;8645.4481618764
24.08.2025;15:10:00;8665.9;8666.0;8664.6;8664.6;3.0;8645.7926802576
24.08.2025;15:20:00;8664.6;8665.0;8664.3;8665.0;84.0;8646.1337534551
24.08.2025;15:30:00;8665.0;8665.0;8664.0;8664.0;9.0;8646.4714159205
24.08.2025;16:00:00;8663.5;8663.5;8659.0;8659.2;429.0;8646.8057017613
24.08.2025;16:10:00;8664.8;8665.8;8664.8;8665.8;10.0;8647.1366447437
24.08.2025;16:30:00;8665.8;8665.8;8665.8;8665.8;1.0;8647.4642782962
24.08.2025;16:50:00;8659.5;8666.0;8659.4;8659.4;39.0;8647.7886355133
24.08.2025;17:00:00;8665.8;8666.0;8660.0;8660.0;46.0;8648.1097491581
24.08.2025;17:10:00;8660.0;8660.0;8659.4;8659.4;10.0;8648.4276516666
24.08.2025;17:20:00;8665.7;8665.7;8665.7;8665.7;1.0;8648.7423751499
24.08.2025;17:30:00;8665.7;8666.0;8665.7;8666.0;50.0;8649.0539513984
24.08.2025;17:40:00;8665.9;8665.9;8665.9;8665.9;1.0;8649.3624118844
24.08.2025;17:50:00;8665.9;8666.0;8665.9;8666.0;40.0;8649.6677877656
24.08.2025;18:00:00;8659.8;8662.0;8659.8;8659.8;17.0;8649.9701098879
24.08.2025;18:10:00;8665.9;8666.0;8665.9;8666.0;217.0;8650.269408789
24.08.2025;18:30:00;8665.9;8666.0;8659.2;8659.2;30.0;8650.5657147012
24.08.2025;18:40:00;8666.0;8666.0;8666.0;8666.0;1.0;8650.8590575541
24.08.2025;18:50:00;8665.0;8666.0;8659.7;8659.7;52.0;8651.1494669786
25.08.2025;08:50:00;8656.0;8656.0;8656.0;8656.0;100.0;8651.4369723088
25.08.2025;09:00:00;8656.0;8673.8;8653.0;8673.8;5734.0;8651.7216025857
25.08.2025;09:10:00;8671.5;8676.5;8668.8;8673.5;2305.0;8652.0033865599
25.08.2025;09:20:00;8673.5;8676.7;8672.8;8675.4;730.0;8652.2823526943
25.08.2025;09:30:00;8675.8;8676.7;8671.0;8671.0;1452.0;8652.5585291673
25.08.2025;09:40:00;8671.0;8675.0;8666.3;8675.0;2435.0;8652.8319438757
25.08.2025;09:50:00;8672.9;8674.4;8670.4;8673.2;605.0;8653.1026244369
25.08.2025;10:00:00;8672.9;8674.3;8658.0;8672.9;16590.0;8653.3705981925
25.08.2025;10:10:00;8672.9;8673.0;8662.0;8668.4;4042.0;8653.6358922106
25.08.2025;10:20:00;8667.3;8670.4;8665.1;8670.4;1300.0;8653.8985332885
25.08.2025;10:30:00;8670.4;8677.8;8669.9;8676.7;15745.0;8654.1585479556
25.08.2025;10:40:00;8676.7;8684.5;8676.4;8677.0;22380.0;8654.4159624761
25.08.2025;10:50:00;8676.8;8683.0;8676.7;8681.1;4380.0;8654.7168028513
25.08.2025;11:00:00;8681.2;8686.3;8677.2;8685.4;9047.0;8655.0146348228
25.08.2025;11:10:00;8685.0;8687.9;8679.5;8679.5;1976.0;8655.3274884746
25.08.2025;11:20:00;8679.4;8679.7;8675.3;8677.0;7531.0;8655.6532135898
25.08.2025;11:30:00;8677.4;8677.6;8671.4;8671.4;4767.0;8655.9756814539
25.08.2025;11:40:00;8671.4;8674.7;8666.1;8673.7;13083.0;8656.2949246394
25.08.2025;11:50:00;8673.5;8675.9;8668.5;8673.0;8307.0;8656.610975393
25.08.2025;12:00:00;8672.5;8675.1;8666.5;8666.8;5480.0;8656.923865639
25.08.2025;12:10:00;8666.6;8669.3;8666.0;8667.3;1603.0;8657.2336269827
25.08.2025;12:20:00;8667.3;8672.3;8664.2;8668.0;9368.0;8657.5402907128
25.08.2025;12:30:00;8669.1;8674.8;8664.2;8672.2;9745.0;8657.8438878057
25.08.2025;12:40:00;8670.6;8673.6;8666.3;8667.3;1445.0;8658.1444489276
25.08.2025;12:50:00;8667.2;8675.5;8667.2;8675.5;983.0;8658.4420044384
25.08.2025;13:00:00;8674.9;8683.8;8674.9;8682.0;4498.0;8658.736584394
25.08.2025;13:10:00;8680.9;8681.6;8678.5;8678.5;2944.0;8659.02821855
25.08.2025;13:20:00;8678.6;8680.0;8672.3;8674.6;5185.0;8659.3169363645
25.08.2025;13:30:00;8673.3;8678.6;8666.2;8672.2;13059.0;8659.6027670009
25.08.2025;13:40:00;8672.2;8683.0;8672.2;8678.0;9260.0;8659.8857393309
25.08.2025;13:50:00;8676.7;8679.1;8673.5;8676.1;1291.0;8660.1658819376
25.08.2025;14:00:00;8675.3;8677.8;8674.5;8677.2;5285.0;8660.4432231182
25.08.2025;14:10:00;8675.5;8676.4;8671.5;8673.1;3873.0;8660.717790887
25.08.2025;14:20:00;8672.2;8680.1;8671.8;8679.8;2149.0;8660.9896129782
25.08.2025;14:30:00;8678.6;8683.9;8678.6;8680.9;1482.0;8661.2587168484
25.08.2025;14:40:00;8680.4;8681.9;8676.1;8679.8;1721.0;8661.5251296799
25.08.2025;14:50:00;8679.8;8682.5;8678.0;8681.7;812.0;8661.7888783831
25.08.2025;15:00:00;8682.2;8682.5;8676.7;8680.1;3170.0;8662.0499895993
25.08.2025;15:10:00;8680.7;8683.2;8677.0;8678.1;1431.0;8662.3084897033
25.08.2025;15:20:00;8679.2;8683.3;8675.1;8677.7;3504.0;8662.5644048062
25.08.2025;15:30:00;8678.6;8678.6;8665.2;8670.2;4218.0;8662.8177607582
25.08.2025;15:40:00;8668.0;8668.5;8661.8;8664.8;12547.0;8687.9
25.08.2025;15:50:00;8665.3;8665.7;8655.6;8658.5;9306.0;8687.378
25.08.2025;16:00:00;8656.7;8658.9;8649.1;8649.6;11267.0;8687.06022
25.08.2025;16:10:00;8649.6;8659.6;8646.8;8653.7;8251.0;8686.6806178
25.08.2025;16:20:00;8652.9;8654.0;8647.0;8649.5;5915.0;8686.281811622
25.08.2025;16:30:00;8649.5;8652.9;8648.5;8652.9;3709.0;8685.8869935058
25.08.2025;16:40:00;8651.8;8657.9;8649.3;8649.4;3819.0;8685.4961235707
25.08.2025;16:50:00;8649.4;8656.0;8649.4;8655.4;1254.0;8685.109162335
25.08.2025;17:00:00;8653.9;8653.9;8642.6;8642.7;6749.0;8684.7260707117
25.08.2025;17:10:00;8643.7;8645.4;8638.0;8640.5;5629.0;8684.3048100045
25.08.2025;17:20:00;8640.9;8641.6;8627.0;8629.5;6351.0;8683.8417619045
25.08.2025;17:30:00;8629.5;8630.0;8623.8;8629.4;5303.0;8683.2733442855
25.08.2025;17:40:00;8629.3;8635.2;8628.4;8629.9;6088.0;8682.6786108426
25.08.2025;17:50:00;8630.0;8643.0;8628.4;8633.0;19603.0;8682.0898247342
25.08.2025;18:00:00;8631.6;8632.7;8626.8;8630.0;3988.0;8681.5069264868
25.08.2025;18:10:00;8629.7;8637.5;8629.7;8637.5;1787.0;8680.929857222
25.08.2025;18:20:00;8635.1;8638.0;8633.5;8633.9;2550.0;8680.3585586497
25.08.2025;18:30:00;8633.9;8634.7;8622.5;8629.5;5031.0;8679.7929730632
25.08.2025;18:40:00;8629.5;8646.5;8622.9;8640.3;14360.0;8679.2200433326
25.08.2025;19:00:00;8643.0;8652.9;8620.1;8628.5;2628.0;8678.6528428993
25.08.2025;19:10:00;8624.6;8637.8;8624.6;8632.3;1623.0;8678.0673144703
25.08.2025;19:20:00;8630.3;8632.6;8629.9;8632.2;84.0;8677.4876413256
25.08.2025;19:30:00;8631.3;8642.6;8631.3;8637.2;455.0;8676.9137649123
25.08.2025;19:40:00;8638.9;8650.9;8638.9;8646.9;2755.0;8676.3456272632
25.08.2025;19:50:00;8644.9;8646.0;8639.0;8644.2;470.0;8675.7831709906
25.08.2025;20:00:00;8644.0;8644.0;8637.3;8637.3;416.0;8675.2263392807
25.08.2025;20:10:00;8637.1;8639.8;8637.1;8639.7;189.0;8674.6750758879
25.08.2025;20:20:00;8639.6;8639.6;8637.0;8637.0;681.0;8674.129325129
25.08.2025;20:30:00;8636.1;8636.1;8632.3;8633.5;449.0;8673.5890318777
25.08.2025;20:40:00;8634.0;8640.0;8633.4;8640.0;960.0;8673.0541415589
25.08.2025;20:50:00;8638.4;8647.1;8634.9;8636.9;6100.0;8672.5246001433
25.08.2025;21:00:00;8636.1;8636.1;8633.3;8633.3;234.0;8672.0003541419
25.08.2025;21:10:00;8634.6;8637.4;8633.0;8636.3;575.0;8671.4813506005
25.08.2025;21:20:00;8637.4;8643.6;8637.4;8640.2;957.0;8670.9675370945
25.08.2025;21:30:00;8639.9;8642.8;8639.4;8639.5;551.0;8670.4588617235
25.08.2025;21:40:00;8639.0;8640.5;8639.0;8639.8;87.0;8669.9552731063
25.08.2025;21:50:00;8639.8;8639.9;8636.3;8636.3;361.0;8669.4567203752
25.08.2025;22:00:00;8636.0;8636.3;8632.0;8632.6;1166.0;8668.9631531715
25.08.2025;22:10:00;8632.0;8633.2;8631.5;8632.0;381.0;8668.4745216398
25.08.2025;22:20:00;8633.0;8633.0;8627.1;8627.1;1013.0;8667.9907764234
25.08.2025;22:30:00;8627.1;8630.2;8627.1;8627.3;354.0;8667.5118686591
25.08.2025;22:40:00;8627.3;8628.9;8623.8;8625.9;1323.0;8667.0377499725
25.08.2025;22:50:00;8625.9;8626.5;8623.3;8623.3;664.0;8666.5683724728
25.08.2025;23:00:00;8623.6;8624.9;8622.0;8622.0;701.0;8666.1036887481
25.08.2025;23:10:00;8622.0;8624.1;8620.8;8620.9;184.0;8665.6436518606
25.08.2025;23:20:00;8620.9;8625.0;8620.8;8625.0;247.0;8665.188215342
25.08.2025;23:30:00;8625.0;8625.0;8623.2;8623.2;38.0;8664.7373331886
25.08.2025;23:40:00;8624.1;8629.0;8623.6;8623.6;205.0;8664.2909598567
26.08.2025;08:50:00;8632.5;8632.5;8632.5;8632.5;486.0;8663.8490502581
26.08.2025;09:00:00;8633.0;8658.9;8633.0;8648.0;3298.0;8663.4115597555
26.08.2025;09:10:00;8648.0;8653.6;8645.3;8649.9;1210.0;8662.978444158
26.08.2025;09:20:00;8649.8;8649.8;8639.8;8641.3;869.0;8662.5496597164
26.08.2025;09:30:00;8640.9;8642.9;8636.1;8642.4;788.0;8662.1251631192
26.08.2025;09:40:00;8641.0;8645.1;8638.3;8644.5;312.0;8661.7049114881
26.08.2025;09:50:00;8645.1;8648.5;8643.8;8643.8;663.0;8661.2888623732
26.08.2025;10:00:00;8645.4;8652.2;8637.8;8646.2;4372.0;8660.8769737494
26.08.2025;10:10:00;8646.1;8647.4;8640.6;8644.0;1517.0;8660.4692040119
26.08.2025;10:20:00;8644.1;8648.7;8639.5;8647.2;2687.0;8660.0655119718
26.08.2025;10:30:00;8646.9;8658.3;8644.1;8658.3;4984.0;8659.6658568521
26.08.2025;10:40:00;8658.3;8667.2;8656.7;8664.3;4190.0;8620.1
26.08.2025;10:50:00;8666.3;8668.7;8662.2;8666.7;4250.0;8621.042
26.08.2025;11:00:00;8668.1;8669.9;8656.1;8659.6;2625.0;8621.51858
26.08.2025;11:10:00;8657.8;8672.8;8657.4;8663.6;4812.0;8622.0023942
26.08.2025;11:20:00;8663.6;8672.7;8659.3;8672.6;2033.0;8622.510370258
26.08.2025;11:30:00;8672.8;8674.3;8662.0;8662.0;1661.0;8623.0132665554
26.08.2025;11:40:00;8663.2;8667.4;8662.5;8665.8;1415.0;8623.5261338899
26.08.2025;11:50:00;8663.9;8666.9;8659.2;8661.0;1721.0;8624.033872551
26.08.2025;12:00:00;8661.0;8663.3;8658.1;8659.0;1456.0;8624.5365338255
26.08.2025;12:10:00;8659.9;8667.0;8656.7;8667.0;3354.0;8625.0341684872
26.08.2025;12:20:00;8664.4;8665.3;8656.8;8657.4;1623.0;8625.5268268023
26.08.2025;12:30:00;8657.2;8660.0;8654.0;8657.9;4403.0;8626.0145585343
26.08.2025;12:40:00;8658.0;8660.7;8652.4;8654.9;1591.0;8626.497412949
26.08.2025;12:50:00;8652.1;8659.0;8652.0;8656.1;698.0;8626.9754388195
26.08.2025;13:00:00;8655.0;8659.4;8654.3;8655.6;442.0;8627.4486844313
26.08.2025;13:10:00;8655.8;8658.5;8655.4;8658.0;81.0;8627.917197587
26.08.2025;13:20:00;8657.8;8658.0;8652.5;8653.3;960.0;8628.3810256111
26.08.2025;13:30:00;8653.7;8653.7;8650.7;8650.7;916.0;8628.840215355
26.08.2025;13:40:00;8650.0;8653.1;8648.5;8653.1;505.0;8629.2948132014
26.08.2025;13:50:00;8653.1;8655.0;8652.4;8654.2;783.0;8629.7448650694
26.08.2025;14:00:00;8654.8;8662.5;8654.7;8660.5;3479.0;8630.1904164187
26.08.2025;14:10:00;8662.9;8666.2;8659.7;8663.7;2001.0;8630.6315122545
26.08.2025;14:20:00;8664.2;8665.8;8661.8;8664.2;244.0;8631.068197132
26.08.2025;14:30:00;8663.7;8667.9;8660.0;8663.5;2839.0;8631.5005151607
26.08.2025;14:40:00;8663.5;8667.7;8663.4;8663.5;2144.0;8631.9285100091
26.08.2025;14:50:00;8663.5;8664.1;8658.7;8659.1;420.0;8632.352224909
26.08.2025;15:00:00;8660.0;8661.6;8656.8;8660.7;1231.0;8632.7717026599
26.08.2025;15:10:00;8661.2;8664.4;8660.6;8664.4;1146.0;8633.1869856333
26.08.2025;15:20:00;8665.0;8666.6;8662.5;8663.0;1551.0;8633.598115777
26.08.2025;15:30:00;8662.9;8664.0;8658.9;8660.2;1037.0;8634.0051346192
26.08.2025;15:40:00;8660.2;8663.4;8657.6;8661.1;710.0;8634.408083273
26.08.2025;15:50:00;8660.8;8661.5;8652.4;8656.0;2020.0;8634.8070024403
26.08.2025;16:00:00;8653.7;8657.3;8650.9;8652.7;1369.0;8635.2019324159
26.08.2025;16:10:00;8651.2;8654.9;8651.0;8651.9;1435.0;8635.5929130917
26.08.2025;16:20:00;8651.1;8656.6;8650.0;8656.6;5721.0;8635.9799839608
26.08.2025;16:30:00;8656.6;8664.9;8656.0;8662.5;1716.0;8636.3631841212
26.08.2025;16:40:00;8661.1;8663.3;8654.5;8658.5;3134.0;8636.74255228
26.08.2025;16:50:00;8658.4;8669.9;8658.4;8669.1;3088.0;8637.1181267572
26.08.2025;17:00:00;8668.2;8669.0;8662.2;8662.5;2299.0;8637.4899454896
26.08.2025;17:10:00;8662.7;8670.0;8661.2;8670.0;4559.0;8637.8580460347
26.08.2025;17:20:00;8669.9;8670.5;8665.9;8667.8;3601.0;8638.2224655744
26.08.2025;17:30:00;8667.9;8676.5;8666.0;8675.8;5448.0;8638.5832409186
26.08.2025;17:40:00;8675.4;8682.0;8672.2;8681.9;7236.0;8638.9624085094
26.08.2025;17:50:00;8681.4;8685.0;8678.8;8683.0;3609.0;8639.3927844243
26.08.2025;18:00:00;8683.1;8693.0;8683.0;8691.2;10979.0;8639.8488565801
26.08.2025;18:10:00;8690.5;8694.0;8685.7;8689.6;8432.0;8640.3803680143
26.08.2025;18:20:00;8689.6;8700.0;8689.1;8698.5;7963.0;8640.9165643341
26.08.2025;18:30:00;8698.2;8701.9;8695.8;8699.8;5601.0;8641.5073986908
26.08.2025;18:40:00;8699.8;8701.6;8697.6;8698.4;6097.0;8642.1113247039
26.08.2025;19:00:00;8701.0;8713.5;8693.9;8700.2;4177.0;8642.7092114569
26.08.2025;19:10:00;8699.6;8702.4;8692.1;8692.8;1358.0;8643.4171193423
26.08.2025;19:20:00;8692.1;8698.6;8692.1;8697.2;2108.0;8644.1179481489
26.08.2025;19:30:00;8698.0;8702.4;8696.8;8699.8;1398.0;8644.8117686674
26.08.2025;19:40:00;8699.9;8700.8;8696.4;8696.4;1144.0;8645.4986509807
26.08.2025;19:50:00;8696.9;8697.6;8692.7;8695.8;523.0;8646.1786644709
26.08.2025;20:00:00;8695.7;8697.7;8695.6;8697.5;569.0;8646.8518778262
26.08.2025;20:10:00;8697.6;8697.7;8697.4;8697.5;552.0;8647.5183590479
26.08.2025;20:20:00;8697.7;8697.7;8694.6;8694.6;434.0;8648.1781754574
26.08.2025;20:30:00;8694.5;8696.1;8693.2;8693.2;149.0;8648.8313937029
26.08.2025;20:40:00;8693.3;8694.4;8693.2;8694.4;56.0;8649.4780797658
26.08.2025;20:50:00;8694.4;8695.0;8693.6;8694.0;41.0;8650.1182989682
26.08.2025;21:00:00;8693.2;8694.0;8685.3;8688.7;1777.0;8650.7521159785
26.08.2025;21:10:00;8688.8;8700.0;8688.8;8696.1;2692.0;8651.3795948187
26.08.2025;21:20:00;8696.8;8700.1;8696.8;8700.0;141.0;8652.0007988705
26.08.2025;21:30:00;8700.0;8704.8;8700.0;8704.8;698.0;8652.6157908818
26.08.2025;21:40:00;8704.6;8713.0;8704.5;8710.1;3554.0;8653.224632973
26.08.2025;21:50:00;8710.1;8712.5;8710.0;8712.0;2483.0;8653.8273866433
26.08.2025;22:00:00;8712.1;8712.4;8708.9;8711.4;348.0;8654.4241127768
26.08.2025;22:10:00;8709.8;8711.5;8706.1;8710.3;871.0;8655.0148716491
26.08.2025;22:20:00;8706.1;8709.7;8703.5;8706.1;1156.0;8655.5997229326
26.08.2025;22:30:00;8706.2;8706.2;8703.1;8704.8;539.0;8656.1787257033
26.08.2025;22:40:00;8704.9;8708.6;8704.6;8708.6;455.0;8656.7519384462
26.08.2025;22:50:00;8708.9;8710.0;8708.3;8709.2;489.0;8657.3194190618
26.08.2025;23:00:00;8709.0;8709.1;8709.0;8709.0;219.0;8657.8812248711
26.08.2025;23:10:00;8709.0;8715.0;8709.0;8712.8;710.0;8658.4374126224
26.08.2025;23:20:00;8714.0;8716.9;8707.5;8707.5;670.0;8659.0030384962
26.08.2025;23:30:00;8708.3;8712.1;8708.3;8712.1;105.0;8659.5820081112
26.08.2025;23:40:00;8711.8;8713.8;8708.6;8708.6;341.0;8660.1551880301
27.08.2025;08:50:00;8683.2;8683.2;8683.2;8683.2;425.0;8660.7226361498
27.08.2025;09:00:00;8683.1;8697.0;8678.0;8694.1;2044.0;8661.2844097883
27.08.2025;09:10:00;8694.1;8700.0;8692.6;8698.3;4754.0;8661.8405656905
27.08.2025;09:20:00;8698.9;8699.2;8697.1;8698.0;278.0;8662.3911600335
27.08.2025;09:30:00;8698.0;8698.0;8693.2;8693.8;465.0;8662.9362484332
27.08.2025;09:40:00;8693.2;8693.7;8689.8;8689.8;620.0;8663.4758859489
27.08.2025;09:50:00;8690.9;8696.2;8690.1;8696.2;1495.0;8664.0101270894
27.08.2025;10:00:00;8694.1;8697.0;8672.2;8674.2;4347.0;8664.5390258185
27.08.2025;10:10:00;8674.2;8675.1;8665.7;8668.0;4472.0;8665.0626355603
27.08.2025;10:20:00;8668.1;8668.1;8654.0;8658.3;12593.0;8716.9
27.08.2025;10:30:00;8657.2;8662.4;8655.2;8659.6;8459.0;8715.642
27.08.2025;10:40:00;8659.6;8662.0;8658.8;8660.0;4248.0;8714.40916
27.08.2025;10:50:00;8660.0;8668.1;8658.9;8667.6;3090.0;8713.2009768
27.08.2025;11:00:00;8667.8;8675.1;8664.1;8672.7;4634.0;8712.016957264
27.08.2025;11:10:00;8673.0;8676.4;8667.8;8673.0;2362.0;8710.8566181187
27.08.2025;11:20:00;8673.7;8677.8;8671.0;8676.5;3792.0;8709.7194857563
27.08.2025;11:30:00;8675.8;8677.2;8671.6;8675.4;3159.0;8708.6050960412
27.08.2025;11:40:00;8675.4;8686.6;8674.8;8683.1;6528.0;8707.5129941204
27.08.2025;11:50:00;8683.8;8685.5;8676.1;8684.9;1815.0;8706.442734238
27.08.2025;12:00:00;8685.9;8686.6;8679.5;8684.9;2677.0;8705.3938795532
27.08.2025;12:10:00;8683.5;8686.5;8680.5;8685.9;1387.0;8704.3660019622
27.08.2025;12:20:00;8685.9;8686.8;8683.3;8684.1;2898.0;8703.3586819229
27.08.2025;12:30:00;8683.1;8685.0;8682.0;8683.5;1572.0;8702.3715082845
27.08.2025;12:40:00;8683.6;8683.7;8675.8;8682.9;3646.0;8701.4040781188
27.08.2025;12:50:00;8681.9;8682.7;8678.0;8678.0;2181.0;8700.4559965564
27.08.2025;13:00:00;8677.1;8679.3;8674.0;8674.5;2847.0;8699.5268766253
27.08.2025;13:10:00;8674.8;8677.4;8672.2;8676.4;1280.0;8698.6163390928
27.08.2025;13:20:00;8676.2;8677.7;8674.4;8675.0;1342.0;8697.7240123109
27.08.2025;13:30:00;8674.2;8677.3;8673.9;8676.1;1341.0;8696.8495320647
27.08.2025;13:40:00;8676.1;8678.0;8674.3;8675.0;3041.0;8695.9925414234
27.08.2025;13:50:00;8675.0;8678.5;8672.8;8677.5;1139.0;8695.1526905949
27.08.2025;14:00:00;8677.6;8677.7;8674.2;8677.7;1099.0;8694.329636783
27.08.2025;14:10:00;8675.5;8677.8;8675.0;8676.4;1243.0;8693.5230440474
27.08.2025;14:20:00;8676.4;8677.5;8670.2;8671.8;1500.0;8692.7325831664
27.08.2025;14:30:00;8670.6;8670.6;8665.0;8665.1;552.0;8691.9579315031
27.08.2025;14:40:00;8665.3;8666.6;8664.0;8666.0;1149.0;8691.198772873
27.08.2025;14:50:00;8666.0;8676.9;8663.9;8675.9;2577.0;8690.4547974156
27.08.2025;15:00:00;8674.0;8674.7;8665.5;8670.7;1925.0;8689.7257014673
27.08.2025;15:10:00;8671.2;8671.6;8667.9;8669.6;575.0;8689.0111874379
27.08.2025;15:20:00;8670.0;8682.0;8670.0;8680.7;2508.0;8688.3109636892
27.08.2025;15:30:00;8680.7;8685.6;8679.3;8679.3;3349.0;8687.6247444154
27.08.2025;15:40:00;8680.4;8680.8;8676.9;8679.9;426.0;8686.9522495271
27.08.2025;15:50:00;8680.0;8680.0;8675.3;8675.9;446.0;8686.2932045365
27.08.2025;16:00:00;8676.9;8679.7;8676.3;8679.1;476.0;8685.6473404458
27.08.2025;16:10:00;8679.4;8682.1;8674.0;8681.0;4146.0;8685.0143936369
27.08.2025;16:20:00;8679.6;8682.5;8678.9;8682.1;1438.0;8684.3941057641
27.08.2025;16:30:00;8682.1;8686.2;8677.7;8686.2;2201.0;8654.0
27.08.2025;16:40:00;8686.2;8691.3;8681.6;8689.2;5900.0;8654.644
27.08.2025;16:50:00;8689.9;8692.4;8686.6;8688.9;6606.0;8655.01056
27.08.2025;17:00:00;8690.4;8699.7;8690.4;8695.6;4431.0;8655.3844544
27.08.2025;17:10:00;8698.1;8703.2;8693.2;8700.7;1941.0;8655.827609856
27.08.2025;17:20:00;8700.8;8708.4;8700.4;8707.0;3951.0;8656.3013337574
27.08.2025;17:30:00;8706.9;8709.5;8705.1;8707.3;3387.0;8656.8223204199
27.08.2025;17:40:00;8707.4;8712.4;8707.2;8707.7;3738.0;8657.3490972157
27.08.2025;17:50:00;8707.6;8719.7;8707.6;8715.4;10107.0;8657.8996062435
27.08.2025;18:00:00;8714.0;8715.3;8701.5;8709.9;2205.0;8658.5176101811
27.08.2025;18:10:00;8709.4;8720.2;8709.3;8715.1;3060.0;8659.1294340793
27.08.2025;18:20:00;8712.4;8715.0;8702.1;8707.0;6662.0;8659.7401397385
27.08.2025;18:30:00;8706.8;8712.6;8703.7;8710.7;1391.0;8660.3447383411
27.08.2025;18:40:00;8711.7;8713.2;8704.4;8707.0;1739.0;8660.9432909577
27.08.2025;19:00:00;8707.0;8718.9;8707.0;8710.0;2210.0;8661.5358580481
27.08.2025;19:10:00;8712.5;8713.4;8703.4;8712.1;2311.0;8662.1224994676
27.08.2025;19:20:00;8713.0;8717.8;8712.5;8716.0;1489.0;8662.7032744729
27.08.2025;19:30:00;8716.0;8736.9;8714.9;8730.0;4120.0;8663.2782417282
27.08.2025;19:40:00;8729.9;8731.8;8723.6;8731.5;2627.0;8664.0144593109
27.08.2025;19:50:00;8731.5;8733.0;8728.0;8730.0;1361.0;8664.7433147178
27.08.2025;20:00:00;8732.5;8732.5;8729.1;8730.4;426.0;8665.4648815706
27.08.2025;20:10:00;8730.4;8731.3;8725.2;8729.0;848.0;8666.1792327549
27.08.2025;20:20:00;8729.0;8732.0;8729.0;8731.9;423.0;8666.8864404274
27.08.2025;20:30:00;8732.0;8734.0;8731.5;8734.0;1495.0;8667.5865760231
27.08.2025;20:40:00;8733.9;8734.3;8731.6;8732.9;320.0;8668.2797102629
27.08.2025;20:50:00;8731.6;8734.9;8730.0;8730.2;1429.0;8668.9659131603
27.08.2025;21:00:00;8730.3;8730.3;8721.1;8721.1;763.0;8669.6452540287
27.08.2025;21:10:00;8721.0;8727.3;8720.2;8726.3;642.0;8670.3178014884
27.08.2025;21:20:00;8726.2;8734.2;8726.2;8732.5;2520.0;8670.9836234735
27.08.2025;21:30:00;8732.4;8734.7;8719.5;8723.4;4956.0;8671.6427872387
27.08.2025;21:40:00;8724.0;8727.6;8721.1;8725.7;1391.0;8672.2953593664
27.08.2025;21:50:00;8725.7;8727.1;8722.2;8723.9;407.0;8672.9414057727
27.08.2025;22:00:00;8723.9;8725.9;8720.6;8724.4;160.0;8673.580991715
27.08.2025;22:10:00;8723.0;8725.1;8722.3;8724.1;137.0;8674.2141817978
27.08.2025;22:20:00;8724.0;8729.3;8723.3;8728.0;545.0;8674.8410399798
27.08.2025;22:30:00;8727.1;8734.8;8727.0;8730.9;2307.0;8675.46162958
27.08.2025;22:40:00;8730.9;8731.0;8729.7;8729.9;366.0;8676.0760132842
27.08.2025;22:50:00;8730.9;8733.9;8729.7;8733.7;665.0;8676.6842531514
27.08.2025;23:00:00;8733.6;8733.6;8729.8;8730.0;509.0;8677.2864106199
27.08.2025;23:10:00;8730.0;8731.0;8728.9;8731.0;227.0;8677.8825465137
27.08.2025;23:20:00;8730.9;8733.0;8730.4;8731.3;534.0;8678.4727210486
27.08.2025;23:30:00;8731.1;8735.0;8727.3;8731.0;1401.0;8679.0569938381
27.08.2025;23:40:00;8731.0;8733.7;8723.6;8733.7;1176.0;8679.6354238997
28.08.2025;08:50:00;8731.2;8731.2;8731.2;8731.2;296.0;8680.2080696607
28.08.2025;09:00:00;8731.0;8731.0;8724.3;8727.0;1336.0;8680.7749889641
28.08.2025;09:10:00;8727.0;8727.0;8722.2;8722.2;626.0;8681.3362390744
28.08.2025;09:20:00;8722.2;8723.7;8721.3;8721.3;694.0;8681.8918766837
28.08.2025;09:30:00;8721.2;8729.7;8721.1;8729.7;527.0;8682.4419579169
28.08.2025;09:40:00;8729.6;8733.7;8729.5;8733.7;380.0;8682.9865383377
28.08.2025;09:50:00;8733.7;8733.7;8730.0;8730.0;515.0;8683.5256729543
28.08.2025;10:00:00;8730.0;8731.7;8710.8;8712.7;5428.0;8684.0594162248
28.08.2025;10:10:00;8712.7;8714.0;8711.0;8713.8;7666.0;8684.5878220625
28.08.2025;10:20:00;8713.8;8713.8;8709.0;8712.1;2811.0;8685.1109438419
28.08.2025;10:30:00;8711.4;8713.3;8708.3;8711.0;1813.0;8685.6288344035
28.08.2025;10:40:00;8711.3;8712.9;8708.0;8708.3;3300.0;8686.1415460594
28.08.2025;10:50:00;8708.2;8712.9;8705.0;8712.0;2564.0;8686.6491305989
28.08.2025;11:00:00;8711.9;8713.2;8705.0;8705.9;2793.0;8687.1516392929
28.08.2025;11:10:00;8706.0;8710.6;8705.0;8708.4;2654.0;8687.6491228999
28.08.2025;11:20:00;8708.4;8713.2;8708.0;8712.0;3292.0;8688.1416316709
28.08.2025;11:30:00;8712.0;8716.4;8710.9;8715.9;4069.0;8688.6292153542
28.08.2025;11:40:00;8716.6;8720.2;8713.9;8717.9;4654.0;8689.1119232007
28.08.2025;11:50:00;8717.9;8723.2;8716.8;8722.0;2111.0;8689.5898039687
28.08.2025;12:00:00;8722.5;8730.0;8718.9;8725.6;6437.0;8690.062905929
28.08.2025;12:10:00;8725.4;8727.1;8715.3;8722.4;4869.0;8690.5312768697
28.08.2025;12:20:00;8720.6;8725.3;8718.5;8721.2;3033.0;8690.994964101
28.08.2025;12:30:00;8721.2;8722.8;8717.5;8719.3;1137.0;8691.45401446
28.08.2025;12:40:00;8719.6;8719.6;8715.1;8715.7;119.0;8691.9084743154
28.08.2025;12:50:00;8717.1;8719.0;8715.3;8716.7;720.0;8692.3583895722
28.08.2025;13:00:00;8716.7;8719.8;8713.3;8717.7;2896.0;8692.8038056765
28.08.2025;13:10:00;8716.9;8721.4;8713.7;8715.1;3848.0;8693.2447676198
28.08.2025;13:20:00;8714.5;8714.9;8712.0;8712.0;1332.0;8693.6813199436
28.08.2025;13:30:00;8712.1;8712.7;8710.0;8710.1;2955.0;8694.1135067441
28.08.2025;13:40:00;8710.0;8712.0;8710.0;8710.0;913.0;8694.5413716767
28.08.2025;13:50:00;8710.0;8714.4;8707.1;8712.8;2211.0;8694.9649579599
28.08.2025;14:00:00;8713.6;8719.9;8710.7;8713.0;2345.0;8695.3843083803
28.08.2025;14:10:00;8713.9;8722.4;8713.9;8720.9;4204.0;8695.7994652965
28.08.2025;14:20:00;8718.9;8725.5;8717.7;8724.1;2357.0;8696.2104706435
28.08.2025;14:30:00;8725.5;8730.9;8723.4;8729.9;4838.0;8696.6173659371
28.08.2025;14:40:00;8729.3;8730.9;8726.1;8728.4;598.0;8697.0201922777
28.08.2025;14:50:00;8728.3;8729.3;8723.1;8724.5;5051.0;8697.418990355
28.08.2025;15:00:00;8724.1;8728.2;8720.4;8725.5;2272.0;8697.8138004514
28.08.2025;15:10:00;8725.1;8730.0;8722.9;8726.7;1969.0;8698.2046624469
28.08.2025;15:20:00;8726.5;8728.2;8723.2;8724.4;2127.0;8698.5916158224
28.08.2025;15:30:00;8722.3;8723.8;8705.3;8707.8;6973.0;8698.9746996642
28.08.2025;15:40:00;8707.4;8709.5;8700.5;8702.9;9793.0;8699.3539526676
28.08.2025;15:50:00;8702.9;8710.5;8700.7;8709.6;15533.0;8699.7294131409
28.08.2025;16:00:00;8709.6;8710.9;8702.5;8706.8;13347.0;8700.1011190095
28.08.2025;16:10:00;8706.8;8713.1;8706.3;8711.0;2526.0;8700.4691078194
28.08.2025;16:20:00;8710.5;8716.5;8707.2;8711.0;1676.0;8700.8334167412
28.08.2025;16:30:00;8712.4;8716.9;8706.6;8714.5;2778.0;8701.1940825738
28.08.2025;16:40:00;8714.8;8717.8;8713.0;8716.4;1951.0;8701.551141748
28.08.2025;16:50:00;8717.7;8721.3;8717.4;8720.0;2126.0;8701.9046303306
28.08.2025;17:00:00;8718.0;8722.8;8717.5;8719.1;7856.0;8702.2545840273
28.08.2025;17:10:00;8718.6;8722.9;8717.7;8720.0;1495.0;8702.601038187
28.08.2025;17:20:00;8720.7;8723.2;8717.1;8722.8;3687.0;8702.9440278051
28.08.2025;17:30:00;8722.8;8727.0;8722.8;8724.6;2418.0;8703.2835875271
28.08.2025;17:40:00;8725.0;8728.4;8720.5;8725.9;4218.0;8703.6197516518
28.08.2025;17:50:00;8725.5;8727.6;8722.4;8726.3;1375.0;8703.9525541353
28.08.2025;18:00:00;8726.2;8729.0;8723.0;8723.0;2098.0;8704.2820285939
28.08.2025;18:10:00;8722.6;8723.5;8715.4;8715.6;1687.0;8704.608208308
28.08.2025;18:20:00;8715.5;8717.7;8710.5;8710.8;3168.0;8704.9311262249
28.08.2025;18:30:00;8711.3;8719.6;8710.0;8716.3;2548.0;8705.2508149626
28.08.2025;18:40:00;8716.5;8720.8;8714.9;8715.0;3010.0;8705.567306813
28.08.2025;19:40:00;8720.8;8755.4;8719.9;8754.0;7554.0;8705.8806337449
28.08.2025;19:50:00;8754.8;8754.8;8721.1;8737.5;10669.0;8706.3758274074
28.08.2025;20:00:00;8737.8;8747.0;8737.8;8747.0;1057.0;8706.8660691334
28.08.2025;20:10:00;8747.0;8748.8;8742.0;8742.0;838.0;8707.351408442
28.08.2025;20:20:00;8742.6;8746.5;8740.6;8744.8;1346.0;8707.8318943576
28.08.2025;20:30:00;8744.6;8747.5;8743.0;8746.9;1245.0;8708.307575414
28.08.2025;20:40:00;8747.0;8765.6;8746.3;8764.3;8519.0;8708.7784996599
28.08.2025;20:50:00;8764.3;8777.0;8764.3;8775.1;10877.0;8709.3467146633
28.08.2025;21:00:00;8775.3;8778.0;8775.1;8776.5;6456.0;8710.0232475167
28.08.2025;21:10:00;8776.5;8778.0;8771.3;8776.9;4743.0;8710.7030150415
28.08.2025;21:20:00;8777.9;8783.0;8774.6;8781.8;3552.0;8711.3759848911
28.08.2025;21:30:00;8783.0;8783.0;8774.0;8774.6;1657.0;8712.0922250422
28.08.2025;21:40:00;8774.5;8775.7;8770.0;8771.0;721.0;8712.8013027917
28.08.2025;21:50:00;8771.2;8780.9;8768.8;8779.5;3475.0;8713.5032897638
28.08.2025;22:00:00;8780.8;8782.9;8772.6;8776.5;689.0;8714.1982568662
28.08.2025;22:10:00;8775.2;8776.4;8769.1;8772.9;1568.0;8714.8862742975
28.08.2025;22:20:00;8773.0;8774.0;8767.5;8767.5;442.0;8715.5674115546
28.08.2025;22:30:00;8767.5;8768.7;8764.0;8765.1;834.0;8716.241737439
28.08.2025;22:40:00;8765.2;8772.9;8765.0;8770.8;408.0;8716.9093200646
28.08.2025;22:50:00;8772.1;8775.2;8769.5;8775.0;492.0;8717.570226864
28.08.2025;23:00:00;8775.0;8775.1;8767.7;8768.4;624.0;8718.2245245953
28.08.2025;23:10:00;8766.1;8766.1;8756.4;8756.4;2056.0;8718.8722793494
28.08.2025;23:20:00;8756.5;8771.7;8756.5;8761.5;1076.0;8719.5135565559
28.08.2025;23:30:00;8761.6;8764.3;8761.6;8761.8;113.0;8720.1484209903
28.08.2025;23:40:00;8762.0;8762.0;8758.8;8760.0;564.0;8720.7769367804
29.08.2025;08:50:00;8756.7;8756.7;8756.7;8756.7;521.0;8721.3991674126
29.08.2025;09:00:00;8756.0;8763.8;8751.5;8759.7;2822.0;8722.0151757385
29.08.2025;09:10:00;8759.7;8760.0;8759.7;8759.7;983.0;8722.6250239811
29.08.2025;09:20:00;8760.0;8762.7;8760.0;8762.4;653.0;8723.2287737413
29.08.2025;09:30:00;8762.5;8771.2;8762.5;8766.4;767.0;8723.8264860039
29.08.2025;09:40:00;8766.4;8766.8;8765.3;8766.1;332.0;8724.4182211438
29.08.2025;09:50:00;8766.0;8766.3;8756.2;8756.8;901.0;8725.0040389324
29.08.2025;10:00:00;8759.3;8768.0;8755.7;8763.1;8237.0;8725.5839985431
29.08.2025;10:10:00;8761.3;8763.0;8755.5;8758.0;3250.0;8726.1581585577
29.08.2025;10:20:00;8758.1;8758.4;8749.1;8750.8;6031.0;8726.7265769721
29.08.2025;10:30:00;8751.1;8758.5;8750.9;8758.3;6779.0;8727.2893112024
29.08.2025;10:40:00;8758.3;8762.5;8751.4;8753.6;6471.0;8727.8464180903
29.08.2025;10:50:00;8753.1;8758.5;8745.0;8755.6;8573.0;8728.3979539094
29.08.2025;11:00:00;8755.8;8757.7;8751.7;8755.7;4399.0;8728.9439743703
29.08.2025;11:10:00;8755.7;8757.7;8752.6;8753.6;1709.0;8729.4845346266
29.08.2025;11:20:00;8753.6;8756.1;8752.0;8752.4;1179.0;8730.0196892804
29.08.2025;11:30:00;8754.0;8758.2;8752.3;8758.2;3430.0;8730.5494923876
29.08.2025;11:40:00;8758.2;8761.9;8756.6;8761.9;2513.0;8731.0739974637
29.08.2025;11:50:00;8761.9;8763.8;8758.5;8763.8;1980.0;8731.593257489
29.08.2025;12:00:00;8763.4;8763.4;8760.1;8760.6;1054.0;8732.1073249142
29.08.2025;12:10:00;8760.5;8763.0;8760.5;8761.3;659.0;8732.616251665
29.08.2025;12:20:00;8761.6;8765.0;8760.2;8761.7;2152.0;8733.1200891484
29.08.2025;12:30:00;8762.7;8763.0;8752.6;8759.0;2749.0;8733.6188882569
29.08.2025;12:40:00;8759.0;8764.1;8757.0;8763.3;1062.0;8734.1126993743
29.08.2025;12:50:00;8764.5;8771.2;8763.1;8768.1;4791.0;8734.6015723806
29.08.2025;13:00:00;8768.1;8771.3;8762.3;8763.3;5695.0;8735.0855566568
29.08.2025;13:10:00;8763.2;8766.0;8758.8;8759.0;3282.0;8735.5647010902
29.08.2025;13:20:00;8759.1;8760.0;8755.1;8757.0;1326.0;8736.0390540793
29.08.2025;13:30:00;8755.6;8762.9;8755.2;8762.9;2609.0;8736.5086635385
29.08.2025;13:40:00;8762.9;8770.0;8762.9;8768.9;1810.0;8736.9735769031
29.08.2025;13:50:00;8769.0;8769.0;8760.0;8761.8;933.0;8737.4338411341
29.08.2025;14:00:00;8760.6;8766.9;8759.1;8766.4;766.0;8737.8895027227
29.08.2025;14:10:00;8766.4;8768.3;8765.0;8767.7;1428.0;8738.3406076955
29.08.2025;14:20:00;8766.9;8768.9;8760.9;8765.1;221.0;8738.7872016186
29.08.2025;14:30:00;8766.4;8767.0;8761.3;8765.8;1544.0;8739.2293296024
29.08.2025;14:40:00;8764.9;8769.3;8764.3;8769.3;1117.0;8739.6670363064
29.08.2025;14:50:00;8769.3;8770.8;8768.0;8769.4;1231.0;8740.1003659433
29.08.2025;15:00:00;8770.7;8774.6;8770.7;8772.1;3195.0;8740.5293622839
29.08.2025;15:10:00;8771.1;8772.4;8765.3;8768.7;1464.0;8740.954068661
29.08.2025;15:20:00;8768.7;8772.6;8768.6;8769.6;655.0;8741.3745279744
29.08.2025;15:30:00;8772.2;8778.3;8771.2;8775.9;2570.0;8741.7907826947
29.08.2025;15:40:00;8776.9;8778.8;8774.4;8778.6;1317.0;8742.2028748677
29.08.2025;15:50:00;8778.6;8778.7;8775.4;8776.8;3249.0;8742.610846119
29.08.2025;16:00:00;8776.8;8777.4;8771.0;8774.7;1469.0;8743.0147376579
29.08.2025;16:10:00;8774.7;8778.8;8773.2;8777.9;4447.0;8743.4145902813
29.08.2025;16:20:00;8776.7;8777.9;8772.3;8773.4;1234.0;8743.8104443785
29.08.2025;16:30:00;8773.3;8789.0;8773.3;8783.4;5050.0;8744.2023399347
29.08.2025;16:40:00;8783.5;8787.6;8777.2;8785.0;2653.0;8744.6503165353
29.08.2025;16:50:00;8786.4;8797.8;8785.4;8796.3;7788.0;8745.09381337
29.08.2025;17:00:00;8797.4;8805.0;8796.4;8802.5;6266.0;8745.6208752363
29.08.2025;17:10:00;8802.1;8826.0;8801.7;8806.0;22786.0;8746.2146664839
29.08.2025;17:20:00;8804.6;8818.0;8802.8;8814.0;4932.0;8747.0125198191
29.08.2025;17:30:00;8814.5;8818.4;8811.1;8814.6;3094.0;8747.8023946209
29.08.2025;17:40:00;8812.4;8815.5;8810.4;8812.0;3482.0;8748.5843706747
29.08.2025;17:50:00;8811.8;8818.1;8810.0;8815.9;4126.0;8749.3585269679
29.08.2025;18:00:00;8816.4;8821.1;8813.8;8814.4;2930.0;8750.1249416982
29.08.2025;18:10:00;8814.9;8830.0;8814.5;8828.6;8495.0;8750.8836922813
29.08.2025;18:20:00;8828.5;8834.7;8826.7;8829.5;7304.0;8751.6748553585
29.08.2025;18:30:00;8828.1;8835.4;8827.2;8834.4;2902.0;8752.5051068049
29.08.2025;18:40:00;8834.6;8839.9;8831.5;8836.8;3957.0;8753.3340557368
29.08.2025;19:00:00;8832.9;8846.0;8832.9;8842.3;2229.0;8754.1997151794
29.08.2025;19:10:00;8844.2;8846.8;8829.4;8835.9;3956.0;8755.1177180277
29.08.2025;19:20:00;8835.9;8841.8;8832.0;8840.1;2181.0;8756.0345408474
29.08.2025;19:30:00;8841.0;8841.5;8836.9;8836.9;2089.0;8756.9421954389
29.08.2025;19:40:00;8836.8;8837.4;8834.6;8836.3;498.0;8757.8407734845
29.08.2025;19:50:00;8835.2;8841.0;8834.2;8841.0;831.0;8758.7303657497
29.08.2025;20:00:00;8840.7;8848.9;8837.9;8845.0;1728.0;8759.6110620922
29.08.2025;20:10:00;8845.0;8849.0;8838.0;8843.2;3437.0;8760.5039514713
29.08.2025;20:20:00;8843.2;8846.1;8841.5;8841.5;425.0;8761.3889119565
29.08.2025;20:30:00;8842.3;8842.9;8840.4;8840.8;840.0;8762.265022837
29.08.2025;20:40:00;8840.9;8840.9;8833.0;8833.0;657.0;8763.1323726086
29.08.2025;20:50:00;8832.7;8838.0;8832.7;8833.1;695.0;8763.9910488825
29.08.2025;21:00:00;8833.2;8835.1;8828.0;8828.1;964.0;8764.8411383937
29.08.2025;21:10:00;8829.8;8836.0;8829.8;8835.5;957.0;8765.6827270098
29.08.2025;21:20:00;8833.1;8840.0;8832.8;8834.7;1406.0;8766.5158997397
29.08.2025;21:30:00;8835.7;8836.7;8833.3;8836.0;1266.0;8767.3407407423
29.08.2025;21:40:00;8836.0;8841.0;8835.1;8836.7;378.0;8768.1573333348
29.08.2025;21:50:00;8839.2;8841.2;8837.4;8838.6;570.0;8768.9657600015
29.08.2025;22:00:00;8833.6;8837.0;8833.6;8834.1;90.0;8769.7661024015
29.08.2025;22:10:00;8834.1;8835.7;8832.6;8835.1;487.0;8770.5584413775
29.08.2025;22:20:00;8835.1;8840.3;8835.1;8840.3;446.0;8771.3428569637
29.08.2025;22:30:00;8840.4;8845.8;8840.4;8845.8;486.0;8772.1194283941
29.08.2025;22:40:00;8845.0;8850.0;8844.2;8849.7;1274.0;8772.8882341101
29.08.2025;22:50:00;8849.5;8877.0;8849.4;8859.4;6696.0;8773.659351769
29.08.2025;23:00:00;8859.8;8860.0;8851.5;8855.1;1028.0;8774.6927582513
29.08.2025;23:10:00;8851.7;8853.6;8851.6;8853.6;520.0;8775.7158306688
29.08.2025;23:20:00;8854.0;8859.3;8853.6;8856.3;1114.0;8776.7286723621
29.08.2025;23:30:00;8858.5;8860.0;8855.1;8856.0;394.0;8777.7313856385
29.08.2025;23:40:00;8855.0;8863.0;8852.6;8863.0;735.0;8778.7240717821
30.08.2025;09:50:00;8860.0;8860.0;8860.0;8860.0;5.0;8779.7068310643
30.08.2025;10:00:00;8854.0;8865.0;8852.1;8852.2;204.0;8780.6797627536
30.08.2025;10:10:00;8861.9;8864.2;8852.2;8852.5;119.0;8781.6429651261
30.08.2025;10:20:00;8853.2;8859.0;8852.1;8852.2;132.0;8782.5965354748
30.08.2025;10:30:00;8853.0;8858.5;8852.1;8852.1;115.0;8783.5405701201
30.08.2025;10:40:00;8858.5;8859.5;8852.2;8852.2;244.0;8784.4751644189
30.08.2025;10:50:00;8859.5;8859.9;8853.0;8853.4;24.0;8785.4004127747
30.08.2025;11:00:00;8859.6;8859.7;8853.5;8859.0;34.0;8786.316408647
30.08.2025;11:10:00;8859.4;8859.7;8854.2;8859.7;138.0;8787.2232445605
30.08.2025;11:20:00;8859.9;8860.0;8852.4;8853.2;236.0;8788.1210121149
30.08.2025;11:30:00;8853.3;8857.8;8852.3;8857.8;137.0;8789.0098019937
30.08.2025;11:40:00;8857.0;8857.0;8853.1;8857.0;8.0;8789.8897039738
30.08.2025;11:50:00;8853.2;8856.7;8852.5;8856.7;56.0;8790.7608069341
30.08.2025;12:00:00;8852.7;8857.5;8852.6;8857.5;127.0;8791.6231988647
30.08.2025;12:10:00;8856.0;8860.0;8856.0;8860.0;215.0;8792.4769668761
30.08.2025;12:20:00;8860.5;8878.5;8856.1;8856.1;1188.0;8793.3221972073
30.08.2025;12:30:00;8866.0;8867.8;8858.1;8858.2;16.0;8794.1739752352
30.08.2025;12:40:00;8858.2;8859.7;8857.0;8859.7;65.0;8795.0172354829
30.08.2025;12:50:00;8859.7;8860.0;8857.6;8858.1;73.0;8795.8520631281
30.08.2025;13:00:00;8858.3;8858.3;8858.2;8858.2;57.0;8796.6785424968
30.08.2025;13:10:00;8859.9;8860.1;8858.2;8858.2;89.0;8797.4967570718
30.08.2025;13:20:00;8858.3;8866.2;8858.1;8858.4;154.0;8798.3067895011
30.08.2025;13:30:00;8858.5;8858.6;8858.4;8858.5;26.0;8799.1087216061
30.08.2025;13:40:00;8858.5;8861.8;8858.5;8861.8;46.0;8799.90263439
30.08.2025;13:50:00;8861.7;8861.9;8858.7;8861.9;44.0;8800.6886080461
30.08.2025;14:00:00;8861.9;8862.0;8859.1;8862.0;43.0;8801.4667219657
30.08.2025;14:10:00;8862.0;8862.0;8859.1;8859.1;12.0;8802.237054746
30.08.2025;14:20:00;8859.3;8859.4;8859.3;8859.4;11.0;8802.9996841985
30.08.2025;14:30:00;8859.9;8859.9;8859.3;8859.3;42.0;8803.7546873566
30.08.2025;14:40:00;8861.7;8861.9;8861.7;8861.9;13.0;8804.502140483
30.08.2025;14:50:00;8859.4;8861.7;8859.4;8861.7;15.0;8805.2421190782
30.08.2025;15:00:00;8860.2;8862.0;8859.8;8861.9;47.0;8805.9746978874
30.08.2025;15:10:00;8861.9;8861.9;8860.1;8860.1;6.0;8806.6999509085
30.08.2025;15:20:00;8860.2;8867.8;8860.2;8863.1;149.0;8807.4179513994
30.08.2025;15:30:00;8863.0;8863.0;8863.0;8863.0;15.0;8808.1287718854
30.08.2025;15:40:00;8864.6;8868.0;8864.6;8868.0;95.0;8808.8324841666
30.08.2025;15:50:00;8864.6;8864.6;8864.1;8864.1;3.0;8809.5291593249
30.08.2025;16:00:00;8861.0;8861.1;8861.0;8861.1;4.0;8810.2188677317
30.08.2025;16:10:00;8866.6;8866.6;8864.6;8864.6;2.0;8810.9016790543
30.08.2025;16:20:00;8862.3;8863.6;8859.2;8859.2;605.0;8811.5776622638
30.08.2025;16:30:00;8859.2;8859.2;8856.1;8856.1;353.0;8812.2468856412
30.08.2025;16:40:00;8856.1;8864.8;8853.0;8855.7;297.0;8812.9094167848
30.08.2025;16:50:00;8864.6;8864.6;8856.1;8856.1;2.0;8813.5653226169
30.08.2025;17:00:00;8862.9;8862.9;8862.7;8862.7;20.0;8814.2146693907
30.08.2025;17:10:00;8856.1;8856.1;8856.1;8856.1;3.0;8814.8575226968
30.08.2025;17:20:00;8856.1;8860.0;8854.8;8854.8;173.0;8815.4939474699
30.08.2025;17:30:00;8854.8;8860.0;8854.8;8860.0;4.0;8816.1240079952
30.08.2025;17:40:00;8862.5;8862.6;8856.7;8856.7;25.0;8816.7477679152
30.08.2025;17:50:00;8856.7;8862.7;8855.1;8862.7;158.0;8817.3652902361
30.08.2025;18:00:00;8862.4;8862.4;8862.4;8862.4;3.0;8817.9766373337
30.08.2025;18:10:00;8855.6;8855.6;8855.6;8855.6;5.0;8818.5818709604
30.08.2025;18:20:00;8858.2;8863.2;8858.0;8858.0;77.0;8819.1810522508
30.08.2025;18:30:00;8858.0;8858.0;8855.9;8855.9;19.0;8819.7742417283
30.08.2025;18:40:00;8855.9;8862.9;8855.9;8862.9;7.0;8820.361499311
30.08.2025;18:50:00;8856.4;8862.7;8856.0;8856.0;26.0;8820.9428843179
31.08.2025;09:50:00;8856.5;8856.5;8856.5;8856.5;10.0;8821.5184554747
31.08.2025;10:00:00;8855.9;8861.0;8855.5;8856.0;27.0;8822.0882709199
31.08.2025;10:10:00;8856.0;8864.7;8856.0;8856.0;45.0;8822.6523882107
31.08.2025;10:20:00;8856.0;8861.2;8853.4;8853.4;212.0;8823.2108643286
31.08.2025;10:30:00;8863.0;8864.0;8853.4;8853.4;36.0;8823.7637556853
31.08.2025;10:40:00;8853.4;8853.4;8849.3;8849.3;106.0;8824.3111181285
31.08.2025;10:50:00;8852.6;8853.2;8852.6;8852.6;16.0;8824.8530069472
31.08.2025;11:00:00;8852.6;8852.7;8852.6;8852.7;18.0;8825.3894768777
31.08.2025;11:10:00;8856.0;8860.0;8856.0;8860.0;6.0;8825.920582109
31.08.2025;11:20:00;8860.0;8862.8;8860.0;8862.8;31.0;8826.4463762879
31.08.2025;11:30:00;8855.0;8864.0;8852.6;8864.0;362.0;8826.966912525
31.08.2025;11:40:00;8854.1;8854.1;8854.1;8854.1;10.0;8827.4822433997
31.08.2025;11:50:00;8862.0;8864.0;8862.0;8864.0;26.0;8827.9924209657
31.08.2025;12:00:00;8863.7;8863.7;8863.6;8863.6;36.0;8828.4974967561
31.08.2025;12:10:00;8863.7;8863.7;8860.0;8863.7;16.0;8828.9975217885
31.08.2025;12:20:00;8860.0;8863.7;8860.0;8860.0;32.0;8829.4925465706
31.08.2025;12:30:00;8860.0;8860.0;8860.0;8860.0;83.0;8829.9826211049
31.08.2025;12:40:00;8859.0;8860.0;8859.0;8860.0;104.0;8830.4677948939
31.08.2025;12:50:00;8860.0;8864.1;8855.2;8855.2;101.0;8830.9481169449
31.08.2025;13:20:00;8855.3;8855.5;8855.3;8855.5;32.0;8831.4236357755
31.08.2025;13:30:00;8862.8;8862.8;8862.8;8862.8;1.0;8831.8943994177
31.08.2025;13:40:00;8860.0;8860.0;8855.8;8855.8;13.0;8832.3604554236
31.08.2025;13:50:00;8861.0;8862.8;8855.8;8855.8;20.0;8832.8218508693
31.08.2025;14:00:00;8855.8;8865.0;8855.8;8855.9;202.0;8833.2786323606
31.08.2025;14:10:00;8856.0;8864.0;8855.8;8863.7;112.0;8833.730846037
31.08.2025;14:20:00;8863.7;8863.7;8863.7;8863.7;10.0;8834.1785375767
31.08.2025;14:40:00;8863.3;8863.3;8863.2;8863.2;2.0;8834.6217522009
31.08.2025;14:50:00;8863.0;8863.0;8863.0;8863.0;8.0;8835.0605346789
31.08.2025;15:00:00;8863.0;8863.1;8863.0;8863.1;11.0;8835.4949293321
31.08.2025;15:10:00;8863.1;8863.1;8860.0;8860.0;4.0;8835.9249800388
31.08.2025;15:20:00;8863.1;8863.1;8863.1;8863.1;1.0;8836.3507302384
31.08.2025;15:30:00;8860.1;8863.6;8860.0;8860.6;66.0;8836.772222936
31.08.2025;15:40:00;8863.6;8863.6;8857.0;8862.8;54.0;8837.1895007066
31.08.2025;16:10:00;8858.0;8861.6;8857.3;8861.6;9.0;8837.6026056996
31.08.2025;16:20:00;8861.0;8862.5;8861.0;8862.5;50.0;8838.0115796426
31.08.2025;16:30:00;8862.5;8862.5;8857.4;8862.5;30.0;8838.4164638461
31.08.2025;16:40:00;8857.6;8862.5;8857.1;8857.1;54.0;8838.8172992077
31.08.2025;16:50:00;8857.1;8857.1;8856.5;8856.5;41.0;8839.2141262156
31.08.2025;17:00:00;8856.7;8856.7;8855.7;8855.7;419.0;8839.6069849535
31.08.2025;17:20:00;8861.0;8861.1;8860.9;8861.1;46.0;8839.9959151039
31.08.2025;17:40:00;8856.3;8859.9;8856.3;8859.9;26.0;8840.3809559529
31.08.2025;17:50:00;8856.3;8856.3;8856.2;8856.2;30.0;8840.7621463934
31.08.2025;18:00:00;8859.8;8860.0;8856.6;8856.6;159.0;8841.1395249294
31.08.2025;18:10:00;8858.0;8860.0;8858.0;8860.0;18.0;8841.5131296801
31.08.2025;18:20:00;8860.0;8860.0;8860.0;8860.0;165.0;8841.8829983833
31.08.2025;18:30:00;8860.0;8860.0;8860.0;8860.0;20.0;8842.2491683995
31.08.2025;18:40:00;8860.0;8860.0;8857.3;8857.3;86.0;8842.6116767155
31.08.2025;18:50:00;8857.3;8857.3;8857.2;8857.2;89.0;8842.9705599483
01.09.2025;08:50:00;8920.0;8920.0;8920.0;8920.0;1298.0;8843.3258543489
01.09.2025;09:00:00;8920.0;8948.4;8894.3;8934.1;14879.0;8844.0925958054
01.09.2025;09:10:00;8934.0;8951.6;8933.0;8951.6;7558.0;8845.1356698473
01.09.2025;09:20:00;8951.6;8971.5;8948.2;8961.8;12707.0;8846.2003131488
01.09.2025;09:30:00;8959.5;8961.9;8953.9;8956.1;2820.0;8847.4533100174
01.09.2025;09:40:00;8956.8;8957.9;8939.9;8953.1;5748.0;8848.6937769172
01.09.2025;09:50:00;8953.0;8955.0;8944.0;8944.0;1883.0;8849.921839148
01.09.2025;10:00:00;8943.7;8946.3;8913.6;8918.7;15591.0;8851.1376207565
01.09.2025;10:10:00;8917.0;8917.0;8910.5;8913.5;6729.0;8852.341244549
01.09.2025;10:20:00;8913.5;8916.8;8902.1;8906.0;5628.0;8853.5328321035
01.09.2025;10:30:00;8902.6;8904.6;8896.7;8897.8;6293.0;8854.7125037824
01.09.2025;10:40:00;8899.0;8916.6;8897.7;8915.3;6364.0;8855.8803787446
01.09.2025;10:50:00;8915.2;8932.7;8915.2;8931.0;4443.0;8857.0365749572
01.09.2025;11:00:00;8930.3;8933.3;8924.3;8926.8;8821.0;8858.1812092076
01.09.2025;11:10:00;8926.8;8930.9;8922.5;8925.9;2067.0;8859.3143971155
01.09.2025;11:20:00;8925.8;8927.9;8923.0;8927.5;7107.0;8860.4362531444
01.09.2025;11:30:00;8927.0;8928.5;8924.6;8926.0;1511.0;8861.5468906129
01.09.2025;11:40:00;8926.1;8931.8;8924.3;8931.8;2329.0;8862.6464217068
01.09.2025;11:50:00;8931.9;8932.0;8927.3;8931.3;825.0;8863.7349574897
01.09.2025;12:00:00;8930.0;8930.4;8922.0;8922.1;4846.0;8864.8126079148
01.09.2025;12:10:00;8922.2;8928.0;8919.2;8921.0;11837.0;8865.8794818357
01.09.2025;12:20:00;8920.7;8924.4;8919.0;8919.1;5171.0;8866.9356870173
01.09.2025;12:30:00;8919.1;8920.0;8914.6;8917.6;3707.0;8867.9813301471
01.09.2025;12:40:00;8917.0;8920.0;8915.9;8917.5;4235.0;8869.0165168457
01.09.2025;12:50:00;8917.2;8917.2;8908.5;8910.6;4945.0;8870.0413516772
01.09.2025;13:00:00;8910.6;8919.1;8908.7;8918.9;2860.0;8871.0559381605
01.09.2025;13:10:00;8918.9;8927.0;8918.9;8921.0;9273.0;8872.0603787788
01.09.2025;13:20:00;8921.0;8922.2;8911.1;8913.5;10769.0;8873.0547749911
01.09.2025;13:30:00;8913.4;8914.8;8909.9;8910.6;2861.0;8874.0392272411
01.09.2025;13:40:00;8911.0;8913.2;8909.4;8912.1;7555.0;8875.0138349687
01.09.2025;13:50:00;8912.1;8913.2;8910.1;8912.8;2853.0;8875.978696619
01.09.2025;14:00:00;8912.8;8913.9;8911.1;8913.8;1053.0;8876.9339096529
01.09.2025;14:10:00;8913.3;8916.7;8907.6;8908.7;3608.0;8877.8795705563
01.09.2025;14:20:00;8908.8;8910.1;8906.2;8907.3;1652.0;8878.8157748508
01.09.2025;14:30:00;8907.8;8910.0;8904.3;8910.0;2701.0;8879.7426171023
01.09.2025;14:40:00;8909.1;8910.0;8904.0;8906.7;1627.0;8880.6601909312
01.09.2025;14:50:00;8905.2;8908.8;8904.1;8904.5;1777.0;8881.5685890219
01.09.2025;15:00:00;8905.7;8908.0;8902.3;8905.5;1988.0;8882.4679031317
01.09.2025;15:10:00;8905.7;8912.0;8905.7;8910.2;1027.0;8883.3582241004
01.09.2025;15:20:00;8910.7;8912.3;8902.0;8904.8;2448.0;8884.2396418594
01.09.2025;15:30:00;8905.0;8908.2;8874.3;8877.4;12128.0;8971.5
01.09.2025;15:40:00;8877.3;8888.5;8876.7;8888.5;6432.0;8969.556
01.09.2025;15:50:00;8889.0;8899.5;8887.5;8887.6;5233.0;8967.65088
01.09.2025;16:00:00;8887.0;8910.1;8883.1;8908.2;6988.0;8965.7838624
01.09.2025;16:10:00;8907.2;8915.9;8903.8;8914.3;5778.0;8963.954185152
01.09.2025;16:20:00;8913.8;8914.3;8901.2;8904.9;4063.0;8962.161101449
01.09.2025;16:30:00;8904.9;8911.5;8904.6;8906.3;1909.0;8960.40387942
01.09.2025;16:40:00;8906.3;8909.5;8904.5;8906.2;1445.0;8958.6818018316
01.09.2025;16:50:00;8906.1;8910.8;8899.3;8900.0;1353.0;8956.994165795
01.09.2025;17:00:00;8900.0;8900.0;8892.5;8893.6;2765.0;8955.3402824791
01.09.2025;17:10:00;8894.0;8899.7;8894.0;8898.6;845.0;8953.7194768295
01.09.2025;17:20:00;8899.7;8911.8;8899.7;8905.5;1967.0;8952.1310872929
01.09.2025;17:30:00;8905.8;8915.2;8903.4;8910.9;5186.0;8950.574465547
01.09.2025;17:40:00;8909.3;8909.3;8896.1;8898.3;1351.0;8949.0489762361
01.09.2025;17:50:00;8898.3;8906.6;8897.2;8903.8;1214.0;8947.5539967114
01.09.2025;18:00:00;8904.1;8907.0;8895.0;8897.1;2196.0;8946.0889167771
01.09.2025;18:10:00;8897.1;8905.0;8894.2;8903.3;2277.0;8944.6531384416
01.09.2025;18:20:00;8902.7;8904.3;8896.2;8896.3;3180.0;8943.2460756728
01.09.2025;18:30:00;8896.1;8898.8;8887.3;8890.8;3828.0;8941.8671541593
01.09.2025;18:40:00;8890.5;8896.3;8884.0;8890.1;4280.0;8940.5158110761
01.09.2025;19:00:00;8892.1;8892.1;8884.2;8886.8;1034.0;8939.1914948546
01.09.2025;19:10:00;8885.2;8890.1;8884.0;8890.1;3899.0;8937.8936649575
01.09.2025;19:20:00;8890.1;8894.9;8890.0;8893.3;1370.0;8936.6217916584
01.09.2025;19:30:00;8893.1;8893.8;8891.0;8892.0;440.0;8935.3753558252
01.09.2025;19:40:00;8893.1;8901.0;8892.6;8901.0;2872.0;8934.1538487087
01.09.2025;19:50:00;8901.2;8909.9;8900.9;8909.9;654.0;8932.9567717345
01.09.2025;20:00:00;8910.0;8910.0;8908.8;8909.2;848.0;8931.7836362998
01.09.2025;20:10:00;8909.2;8909.2;8907.0;8907.0;258.0;8930.6339635738
01.09.2025;20:20:00;8907.0;8907.0;8905.3;8906.9;262.0;8929.5072843023
01.09.2025;20:30:00;8906.8;8907.0;8903.6;8904.7;283.0;8928.4031386163
01.09.2025;20:40:00;8905.6;8907.0;8905.6;8906.6;394.0;8927.321075844
01.09.2025;20:50:00;8906.6;8907.0;8904.0;8904.0;172.0;8926.2606543271
01.09.2025;21:00:00;8905.8;8907.3;8904.0;8905.3;449.0;8925.2214412406
01.09.2025;21:10:00;8905.3;8905.3;8904.0;8904.8;24.0;8924.2030124157
01.09.2025;21:20:00;8904.8;8905.3;8900.7;8900.7;193.0;8923.2049521674
01.09.2025;21:30:00;8900.7;8901.1;8899.4;8900.3;192.0;8922.2268531241
01.09.2025;21:40:00;8899.5;8900.9;8899.3;8900.9;449.0;8921.2683160616
01.09.2025;21:50:00;8900.8;8900.8;8894.6;8897.8;1673.0;8920.3289497404
01.09.2025;22:00:00;8895.2;8896.8;8891.1;8891.3;1862.0;8919.4083707456
01.09.2025;22:10:00;8891.3;8892.6;8890.0;8892.3;218.0;8918.5062033306
01.09.2025;22:20:00;8891.3;8891.3;8887.0;8887.6;1462.0;8917.622079264
01.09.2025;22:30:00;8887.6;8890.1;8885.0;8889.5;3925.0;8916.7556376788
01.09.2025;22:40:00;8889.6;8892.6;8881.8;8883.8;699.0;8915.9065249252
01.09.2025;22:50:00;8883.9;8883.9;8870.9;8880.1;1987.0;8915.0743944267
01.09.2025;23:00:00;8879.6;8879.6;8873.5;8875.7;660.0;8914.6326504824
01.09.2025;23:10:00;8876.0;8883.6;8876.0;8883.4;1021.0;8914.1953239776
01.09.2025;23:20:00;8884.0;8889.4;8884.0;8884.5;454.0;8913.7623707378
01.09.2025;23:30:00;8885.0;8885.5;8870.9;8870.9;820.0;8913.3337470304
01.09.2025;23:40:00;8880.0;8880.0;8870.9;8876.3;1810.0;8912.9094095601
02.09.2025;08:50:00;8906.0;8906.0;8906.0;8906.0;333.0;8912.4893154645
02.09.2025;09:00:00;8906.4;8949.5;8906.0;8940.5;16221.0;8870.9
02.09.2025;09:10:00;8940.5;8940.9;8921.9;8922.9;3172.0;8872.472
02.09.2025;09:20:00;8922.9;8926.7;8914.0;8919.4;3288.0;8874.01256
02.09.2025;09:30:00;8919.5;8924.7;8915.8;8919.0;1296.0;8875.5223088
02.09.2025;09:40:00;8919.7;8919.7;8907.2;8907.2;1329.0;8877.001862624
02.09.2025;09:50:00;8907.2;8912.5;8898.9;8912.0;3175.0;8878.4518253715
02.09.2025;10:00:00;8912.2;8923.0;8909.6;8920.2;8000.0;8879.8727888641
02.09.2025;10:10:00;8919.9;8932.1;8918.4;8927.9;3095.0;8881.2653330868
02.09.2025;10:20:00;8927.7;8930.9;8915.0;8925.0;3552.0;8882.6300264251
02.09.2025;10:30:00;8925.0;8927.5;8921.2;8926.2;1777.0;8883.9674258966
02.09.2025;10:40:00;8925.1;8941.6;8923.7;8935.6;6971.0;8885.2780773786
02.09.2025;10:50:00;8936.0;8937.5;8917.7;8922.7;4532.0;8886.5625158311
02.09.2025;11:00:00;8920.8;8924.0;8910.0;8912.9;4967.0;8887.8212655144
02.09.2025;11:10:00;8914.2;8920.0;8911.5;8920.0;3102.0;8889.0548402042
02.09.2025;11:20:00;8919.6;8928.0;8919.0;8924.6;1882.0;8890.2637434001
02.09.2025;11:30:00;8924.7;8925.2;8915.6;8920.9;1732.0;8891.4484685321
02.09.2025;11:40:00;8920.3;8921.3;8914.0;8918.1;5239.0;8892.6094991614
02.09.2025;11:50:00;8917.5;8918.4;8907.7;8915.6;2898.0;8893.7473091782
02.09.2025;12:00:00;8913.9;8920.8;8910.5;8910.5;1282.0;8894.8623629946
02.09.2025;12:10:00;8911.5;8922.6;8911.4;8922.6;1819.0;8895.9551157347
02.09.2025;12:20:00;8922.6;8924.0;8920.6;8922.1;2353.0;8897.02601342
02.09.2025;12:30:00;8922.2;8926.9;8921.9;8925.0;721.0;8898.0754931516
02.09.2025;12:40:00;8924.9;8927.1;8924.2;8925.8;608.0;8899.1039832886
02.09.2025;12:50:00;8926.7;8927.7;8923.5;8923.9;1072.0;8900.1119036228
02.09.2025;13:00:00;8923.9;8934.4;8923.9;8930.3;6049.0;8901.0996655504
02.09.2025;13:10:00;8930.7;8934.8;8925.2;8927.4;9051.0;8902.0676722394
02.09.2025;13:20:00;8929.6;8931.5;8926.2;8926.8;3359.0;8903.0163187946
02.09.2025;13:30:00;8928.0;8934.8;8927.2;8934.2;7159.0;8903.9459924187
02.09.2025;13:40:00;8934.1;8940.4;8934.1;8936.7;6321.0;8904.8570725703
02.09.2025;13:50:00;8937.6;8938.0;8933.3;8936.3;1655.0;8905.7499311189
02.09.2025;14:00:00;8937.1;8939.0;8936.1;8937.5;1348.0;8906.6249324965
02.09.2025;14:10:00;8938.9;8940.7;8937.2;8937.3;1610.0;8907.4824338466
02.09.2025;14:20:00;8936.6;8938.7;8927.2;8928.7;2892.0;8908.3227851697
02.09.2025;14:30:00;8929.7;8936.2;8927.3;8936.2;1499.0;8909.1463294663
02.09.2025;14:40:00;8936.8;8940.0;8933.6;8936.0;3351.0;8909.953402877
02.09.2025;14:50:00;8936.9;8952.6;8936.5;8952.0;5824.0;8910.7443348194
02.09.2025;15:00:00;8950.7;8958.0;8948.6;8950.3;8382.0;8911.1628914712
02.09.2025;15:10:00;8951.6;8952.5;8944.0;8947.8;10647.0;8911.6312625565
02.09.2025;15:20:00;8948.6;8953.5;8940.0;8940.1;12761.0;8912.0949499309
02.09.2025;15:30:00;8941.1;8954.3;8935.0;8935.0;11727.0;8912.5540004316
02.09.2025;15:40:00;8935.0;8937.2;8933.2;8934.0;7086.0;8913.0084604273
02.09.2025;15:50:00;8934.3;8950.0;8934.2;8938.1;3412.0;8913.4583758231
02.09.2025;16:00:00;8939.9;8945.3;8937.1;8940.5;1316.0;8913.9037920648
02.09.2025;16:10:00;8939.4;8948.4;8937.0;8941.5;2009.0;8914.3447541442
02.09.2025;16:20:00;8941.8;8946.0;8937.8;8945.2;1702.0;8914.7813066027
02.09.2025;16:30:00;8946.6;8949.8;8937.4;8939.4;4799.0;8915.2134935367
02.09.2025;16:40:00;8939.4;8948.0;8938.0;8939.2;16228.0;8915.6413586013
02.09.2025;16:50:00;8938.9;8947.5;8934.7;8941.4;2015.0;8916.0649450153
02.09.2025;17:00:00;8942.2;8954.9;8938.8;8950.2;12573.0;8916.4842955652
02.09.2025;17:10:00;8953.4;8958.0;8942.0;8957.7;9939.0;8916.8994526095
02.09.2025;17:20:00;8957.8;8988.6;8956.5;8983.8;15142.0;8917.3104580834
02.09.2025;17:30:00;8983.1;8993.7;8968.3;8985.0;12068.0;8918.0233535026
02.09.2025;17:40:00;8985.3;9000.0;8983.1;8994.7;19223.0;8918.7801199676
02.09.2025;17:50:00;8996.2;8997.5;8991.6;8997.0;7591.0;8919.5923187679
02.09.2025;18:00:00;8997.3;9011.3;8995.7;9011.0;54337.0;8920.3963955802
02.09.2025;18:10:00;9011.0;9011.0;9001.0;9007.2;8535.0;8921.3054316244
02.09.2025;18:20:00;9007.2;9008.0;9003.6;9005.8;5440.0;8922.2053773082
02.09.2025;18:30:00;9006.0;9012.0;9005.0;9008.9;4154.0;8923.0963235351
02.09.2025;18:40:00;9008.1;9019.9;9005.0;9019.9;5299.0;8923.9853602997
02.09.2025;19:00:00;9018.3;9035.2;9017.6;9029.8;4596.0;8924.9445066967
02.09.2025;19:10:00;9029.3;9032.4;9026.0;9026.0;5073.0;8926.0470616298
02.09.2025;19:20:00;9026.1;9031.0;9023.3;9031.0;9177.0;8927.1385910135
02.09.2025;19:30:00;9031.0;9041.0;9029.5;9040.9;5661.0;8928.2192051033
02.09.2025;19:40:00;9040.9;9047.2;9037.4;9041.0;3550.0;8929.3470130523
02.09.2025;19:50:00;9041.5;9049.3;9041.0;9047.0;2454.0;8930.5255429218
02.09.2025;20:00:00;9045.7;9047.0;9024.0;9033.2;6995.0;8931.7132874926
02.09.2025;20:10:00;9033.3;9037.2;9031.4;9034.6;2065.0;8932.8891546176
02.09.2025;20:20:00;9035.6;9037.5;9032.5;9035.9;1185.0;8934.0532630715
02.09.2025;20:30:00;9036.0;9040.0;9029.4;9030.9;1453.0;8935.2057304407
02.09.2025;20:40:00;9030.5;9034.9;9029.6;9031.9;400.0;8936.3466731363
02.09.2025;20:50:00;9032.0;9043.0;9031.7;9041.0;2145.0;8937.476206405
02.09.2025;21:00:00;9042.8;9043.5;9039.0;9042.1;1031.0;8938.5944443409
02.09.2025;21:10:00;9040.3;9042.9;9030.5;9034.9;1279.0;8939.7014998975
02.09.2025;21:20:00;9030.5;9034.9;9030.4;9033.4;944.0;8940.7974848985
02.09.2025;21:30:00;9030.6;9034.7;9030.4;9033.5;1207.0;8941.8825100496
02.09.2025;21:40:00;9033.5;9033.5;9030.4;9030.5;681.0;8942.9566849491
02.09.2025;21:50:00;9030.8;9039.4;9030.7;9032.3;2824.0;8944.0201180996
02.09.2025;22:00:00;9032.9;9038.6;9028.0;9037.9;2364.0;8945.0729169186
02.09.2025;22:10:00;9038.0;9044.0;9024.5;9041.9;4271.0;8946.1151877494
02.09.2025;22:20:00;9043.8;9044.0;9038.2;9042.3;1875.0;8947.1470358719
02.09.2025;22:30:00;9039.1;9055.0;9038.9;9052.6;4926.0;8948.1685655132
02.09.2025;22:40:00;9052.5;9054.4;9046.3;9047.1;2385.0;8949.236879858
02.09.2025;22:50:00;9048.4;9048.5;9038.6;9043.3;1065.0;8950.2945110595
02.09.2025;23:00:00;9043.8;9054.5;9043.8;9053.6;1869.0;8951.3415659489
02.09.2025;23:10:00;9053.9;9057.4;9050.0;9050.0;2373.0;8952.3781502894
02.09.2025;23:20:00;9050.0;9056.9;9048.0;9054.2;1714.0;8953.4283687865
02.09.2025;23:30:00;9054.4;9057.4;9051.0;9051.0;1022.0;8954.4680850986
02.09.2025;23:40:00;9052.6;9067.6;9048.8;9056.0;3525.0;8955.4974042476
03.09.2025;08:50:00;9030.7;9030.7;9030.7;9030.7;100.0;8956.6184302052
03.09.2025;09:00:00;9040.0;9050.0;9025.0;9043.1;2202.0;8957.7282459031
03.09.2025;09:10:00;9043.3;9056.2;9043.0;9051.0;1613.0;8958.8269634441
03.09.2025;09:20:00;9051.1;9057.2;9047.6;9057.0;3056.0;8959.9146938096
03.09.2025;09:30:00;9057.2;9075.4;9050.4;9063.0;15498.0;8960.9915468715
03.09.2025;09:40:00;9062.7;9067.8;9057.8;9064.8;3210.0;8962.1356314028
03.09.2025;09:50:00;9065.0;9075.7;9063.7;9069.8;2526.0;8963.2682750888
03.09.2025;10:00:00;9070.3;9070.3;9057.3;9066.0;13275.0;8964.3925923379
03.09.2025;10:10:00;9065.1;9066.1;9056.2;9056.2;3632.0;8965.5056664145
03.09.2025;10:20:00;9056.2;9065.9;9055.0;9060.9;4055.0;8966.6076097504
03.09.2025;10:30:00;9062.7;9076.7;9061.1;9071.8;7873.0;8967.6985336529
03.09.2025;10:40:00;9073.4;9091.2;9072.3;9083.8;17282.0;8968.7885483163
03.09.2025;10:50:00;9083.8;9084.2;9075.6;9075.9;5398.0;8970.0126628332
03.09.2025;11:00:00;9076.1;9090.1;9076.1;9088.9;12003.0;8971.2245362049
03.09.2025;11:10:00;9088.3;9153.9;9088.3;9094.5;33166.0;8972.4242908428
03.09.2025;11:20:00;9092.3;9108.1;9092.0;9106.3;9078.0;8974.2390479344
03.09.2025;11:30:00;9106.6;9107.2;9100.1;9105.6;11142.0;8976.035657455
03.09.2025;11:40:00;9106.0;9107.4;9101.2;9107.0;9189.0;8977.8143008805
03.09.2025;11:50:00;9106.2;9108.5;9104.9;9106.3;2901.0;8979.5751578717
03.09.2025;12:00:00;9106.5;9107.7;9101.7;9105.0;6875.0;8981.318406293
03.09.2025;12:10:00;9105.2;9115.0;9105.2;9113.5;11793.0;8983.04422223
03.09.2025;12:20:00;9112.0;9113.5;9106.4;9107.5;3798.0;8984.7527800077
03.09.2025;12:30:00;9107.0;9109.6;9103.5;9105.2;2096.0;8986.4442522077
03.09.2025;12:40:00;9104.1;9108.5;9102.4;9103.8;1929.0;8988.1188096856
03.09.2025;12:50:00;9102.7;9104.5;9094.9;9095.2;3384.0;8989.7766215887
03.09.2025;13:00:00;9096.2;9106.0;9090.2;9100.9;6688.0;8991.4178553728
03.09.2025;13:10:00;9101.6;9101.6;9093.2;9101.1;3128.0;8993.0426768191
03.09.2025;13:20:00;9101.5;9106.8;9100.9;9103.3;1367.0;8994.6512500509
03.09.2025;13:30:00;9103.4;9106.5;9098.7;9103.1;3347.0;8996.2437375504
03.09.2025;13:40:00;9101.5;9111.8;9099.0;9111.3;2354.0;8997.8203001749
03.09.2025;13:50:00;9111.9;9122.8;9111.7;9112.9;12243.0;8999.3810971732
03.09.2025;14:00:00;9112.2;9119.8;9109.4;9118.7;3261.0;9000.9262862014
03.09.2025;14:10:00;9118.6;9133.1;9117.5;9131.7;18012.0;9002.4560233394
03.09.2025;14:20:00;9132.2;9145.0;9128.6;9134.5;19654.0;9003.970463106
03.09.2025;14:30:00;9136.5;9149.8;9130.5;9138.0;9174.0;9005.469758475
03.09.2025;14:40:00;9137.8;9138.8;9132.4;9133.6;5352.0;9006.9540608902
03.09.2025;14:50:00;9134.8;9134.8;9124.4;9129.5;5076.0;9008.4235202813
03.09.2025;15:00:00;9129.5;9143.0;9126.9;9133.1;14062.0;9009.8782850785
03.09.2025;15:10:00;9133.1;9133.3;9112.0;9112.0;10403.0;9011.3185022277
03.09.2025;15:20:00;9112.5;9126.0;9110.6;9124.6;8674.0;9012.7443172054
03.09.2025;15:30:00;9124.9;9128.5;9119.0;9125.0;5214.0;9014.1558740334
03.09.2025;15:40:00;9125.1;9132.0;9120.2;9120.9;3500.0;9015.553315293
03.09.2025;15:50:00;9120.8;9127.9;9119.2;9126.8;2516.0;9016.9367821401
03.09.2025;16:00:00;9126.4;9139.0;9123.9;9137.7;8420.0;9018.3064143187
03.09.2025;16:10:00;9136.6;9144.5;9133.2;9142.0;9129.0;9019.6623501755
03.09.2025;16:20:00;9142.7;9144.0;9137.6;9143.8;6305.0;9021.0047266738
03.09.2025;16:30:00;9143.8;9146.0;9125.6;9131.5;8181.0;9022.333679407
03.09.2025;16:40:00;9133.0;9135.8;9115.6;9127.7;8509.0;9023.649342613
03.09.2025;16:50:00;9127.5;9132.3;9121.8;9128.0;8849.0;9024.9518491868
03.09.2025;17:00:00;9127.8;9134.2;9121.2;9124.0;4920.0;9026.241330695
03.09.2025;17:10:00;9125.3;9133.2;9122.4;9129.4;4039.0;9027.517917388
03.09.2025;17:20:00;9129.1;9142.8;9128.2;9139.5;9122.0;9028.7817382141
03.09.2025;17:30:00;9140.9;9146.0;9133.4;9142.6;7114.0;9030.032920832
03.09.2025;17:40:00;9141.5;9145.9;9138.4;9143.6;6504.0;9031.2715916237
03.09.2025;17:50:00;9144.0;9144.9;9130.0;9133.7;4729.0;9032.4978757074
03.09.2025;18:00:00;9133.7;9141.3;9133.2;9140.6;4113.0;9033.7118969504
03.09.2025;18:10:00;9141.0;9143.5;9140.3;9142.6;2730.0;9034.9137779809
03.09.2025;18:20:00;9142.5;9142.5;9137.3;9139.5;560.0;9036.103640201
03.09.2025;18:30:00;9139.9;9145.9;9138.0;9139.5;4431.0;9037.281603799
03.09.2025;18:40:00;9141.7;9144.9;9139.7;9143.4;930.0;9038.447787761
03.09.2025;19:00:00;9143.6;9150.0;9141.8;9150.0;2606.0;9039.6023098834
03.09.2025;19:10:00;9147.4;9150.4;9145.1;9146.2;1352.0;9040.7452867846
03.09.2025;19:20:00;9148.4;9160.0;9147.1;9157.2;4355.0;9041.8768339168
03.09.2025;19:30:00;9158.6;9163.7;9157.0;9158.3;2989.0;9043.0580655776
03.09.2025;19:40:00;9158.3;9169.8;9157.1;9167.0;3280.0;9044.2644849218
03.09.2025;19:50:00;9168.2;9168.2;9155.6;9168.0;3718.0;9045.5198400726
03.09.2025;20:00:00;9168.0;9173.4;9165.5;9168.2;4037.0;9046.7626416719
03.09.2025;20:10:00;9168.2;9176.2;9167.8;9172.1;4726.0;9048.0290152551
03.09.2025;20:20:00;9174.2;9174.2;9162.9;9165.7;3558.0;9049.3107251026
03.09.2025;20:30:00;9164.2;9171.0;9161.2;9168.0;1380.0;9050.5796178516
03.09.2025;20:40:00;9170.9;9184.7;9168.6;9181.9;3722.0;9051.8358216731
03.09.2025;20:50:00;9182.0;9186.4;9182.0;9186.2;6199.0;9053.1644634563
03.09.2025;21:00:00;9184.8;9187.9;9176.4;9184.6;2860.0;9054.4968188218
03.09.2025;21:10:00;9184.7;9188.8;9183.1;9184.2;1920.0;9055.8308506335
03.09.2025;21:20:00;9184.3;9190.0;9184.3;9188.0;2712.0;9057.1605421272
03.09.2025;21:30:00;9188.0;9188.0;9125.0;9138.3;18606.0;9058.4889367059
03.09.2025;21:40:00;9138.5;9149.0;9130.0;9143.0;8592.0;9059.8040473389
03.09.2025;21:50:00;9142.8;9142.8;9133.2;9135.6;7412.0;9061.1060068655
03.09.2025;22:00:00;9135.6;9143.2;9132.0;9138.5;8273.0;9062.3949467968
03.09.2025;22:10:00;9136.7;9140.1;9124.5;9127.7;4882.0;9063.6709973289
03.09.2025;22:20:00;9124.6;9127.4;9118.0;9125.8;3375.0;9064.9342873556
03.09.2025;22:30:00;9125.9;9126.6;9118.7;9119.4;2880.0;9066.184944482
03.09.2025;22:40:00;9119.5;9126.5;9119.4;9125.0;1390.0;9067.4230950372
03.09.2025;22:50:00;9125.9;9135.3;9124.3;9127.8;1161.0;9068.6488640868
03.09.2025;23:00:00;9126.7;9133.6;9121.1;9133.2;1881.0;9069.862375446
03.09.2025;23:10:00;9132.4;9136.0;9129.7;9136.0;1381.0;9071.0637516915
03.09.2025;23:20:00;9135.9;9138.5;9132.8;9138.5;1440.0;9072.2531141746
03.09.2025;23:30:00;9137.0;9140.2;9135.0;9138.1;3593.0;9073.4305830328
03.09.2025;23:40:00;9138.0;9150.0;9131.6;9131.6;5164.0;9074.5962772025
04.09.2025;08:50:00;9074.0;9074.0;9074.0;9074.0;990.0;9190.0
04.09.2025;09:00:00;9074.0;9075.0;9030.6;9074.7;22649.0;9187.68
04.09.2025;09:10:00;9073.5;9091.4;9071.1;9073.7;8381.0;9186.1092
04.09.2025;09:20:00;9073.8;9102.8;9073.8;9098.8;6111.0;9184.554108
04.09.2025;09:30:00;9098.2;9108.3;9090.0;9095.9;5391.0;9183.01456692
04.09.2025;09:40:00;9096.1;9100.7;9094.8;9098.7;1125.0;9181.4904212508
04.09.2025;09:50:00;9098.7;9101.0;9090.8;9094.3;2299.0;9179.9815170383
04.09.2025;10:00:00;9093.1;9106.5;9082.9;9105.6;29715.0;9178.4877018679
04.09.2025;10:10:00;9105.0;9118.8;9102.9;9110.4;13806.0;9177.0088248492
04.09.2025;10:20:00;9110.5;9114.1;9106.0;9113.2;5952.0;9175.5447366007
04.09.2025;10:30:00;9113.0;9114.4;9110.1;9112.5;4049.0;9174.0952892347
04.09.2025;10:40:00;9111.3;9111.3;9104.1;9106.2;5720.0;9172.6603363424
04.09.2025;10:50:00;9106.2;9112.8;9106.2;9111.2;2295.0;9171.239732979
04.09.2025;11:00:00;9112.6;9129.4;9112.6;9128.0;9490.0;9169.8333356492
04.09.2025;11:10:00;9127.5;9129.7;9116.0;9128.7;15865.0;9168.4410022927
04.09.2025;11:20:00;9128.7;9140.4;9123.9;9125.7;11138.0;9167.0625922698
04.09.2025;11:30:00;9125.9;9138.7;9125.5;9130.2;8628.0;9165.6979663471
04.09.2025;11:40:00;9132.1;9136.2;9120.4;9123.6;4493.0;9164.3469866836
04.09.2025;11:50:00;9124.5;9132.5;9123.2;9130.1;3431.0;9163.0095168168
04.09.2025;12:00:00;9132.1;9141.7;9132.1;9136.0;5450.0;9161.6854216486
04.09.2025;12:10:00;9136.0;9136.9;9126.9;9129.5;2549.0;9160.3745674321
04.09.2025;12:20:00;9128.4;9128.7;9120.2;9121.0;5334.0;9159.0768217578
04.09.2025;12:30:00;9121.0;9124.2;9117.4;9123.2;6161.0;9157.7920535402
04.09.2025;12:40:00;9123.2;9127.7;9121.3;9122.4;3481.0;9156.5201330048
04.09.2025;12:50:00;9121.7;9125.7;9118.8;9120.7;3873.0;9155.2609316747
04.09.2025;13:00:00;9118.8;9132.7;9115.7;9132.0;3279.0;9154.014322358
04.09.2025;13:10:00;9132.0;9134.2;9124.2;9129.2;5111.0;9152.7801791344
04.09.2025;13:20:00;9129.0;9131.9;9120.0;9129.8;3456.0;9151.5583773431
04.09.2025;13:30:00;9130.1;9130.1;9123.7;9125.7;1270.0;9150.3487935696
04.09.2025;13:40:00;9125.0;9126.2;9119.0;9119.2;2984.0;9149.1513056339
04.09.2025;13:50:00;9119.2;9120.2;9115.5;9118.1;2438.0;9147.9657925776
04.09.2025;14:00:00;9116.9;9116.9;9108.4;9111.1;4715.0;9146.7921346518
04.09.2025;14:10:00;9108.8;9109.2;9100.6;9107.8;8630.0;9145.6302133053
04.09.2025;14:20:00;9107.8;9111.0;9105.3;9111.0;7089.0;9144.4799111723
04.09.2025;14:30:00;9111.0;9119.0;9110.2;9119.0;2641.0;9143.3411120605
04.09.2025;14:40:00;9119.1;9125.7;9119.1;9125.5;3131.0;9142.2137009399
04.09.2025;14:50:00;9125.5;9134.9;9125.4;9134.4;10129.0;9141.0975639305
04.09.2025;15:00:00;9134.4;9141.7;9132.1;9138.1;4607.0;9030.6
04.09.2025;15:10:00;9137.3;9150.0;9133.4;9143.9;6863.0;9032.822
04.09.2025;15:20:00;9144.0;9145.9;9132.3;9139.5;7336.0;9033.99378
04.09.2025;15:30:00;9139.8;9145.7;9130.4;9137.4;8946.0;9035.1538422
04.09.2025;15:40:00;9137.5;9147.9;9133.0;9138.5;5887.0;9036.302303778
04.09.2025;15:50:00;9137.2;9144.8;9134.5;9144.5;824.0;9037.4392807402
04.09.2025;16:00:00;9143.9;9143.9;9132.0;9136.5;4578.0;9038.5648879328
04.09.2025;16:10:00;9137.0;9144.5;9134.8;9143.4;3139.0;9039.6792390535
04.09.2025;16:20:00;9143.9;9164.3;9143.5;9158.2;7636.0;9040.782446663
04.09.2025;16:30:00;9158.2;9177.0;9153.6;9169.6;11867.0;9042.0176221963
04.09.2025;16:40:00;9169.4;9172.0;9136.3;9146.7;14928.0;9043.3674459744
04.09.2025;16:50:00;9146.4;9156.5;9144.8;9147.6;10756.0;9044.7037715146
04.09.2025;17:00:00;9148.0;9148.0;9130.2;9134.7;15353.0;9046.0267337995
04.09.2025;17:10:00;9134.9;9138.4;9131.1;9132.2;3794.0;9047.3364664615
04.09.2025;17:20:00;9132.2;9151.0;9130.1;9150.3;8564.0;9048.6331017969
04.09.2025;17:30:00;9149.9;9160.5;9147.7;9157.7;7826.0;9049.9167707789
04.09.2025;17:40:00;9157.7;9169.5;9152.4;9152.4;16480.0;9051.1876030711
04.09.2025;17:50:00;9152.4;9160.0;9150.6;9154.5;5023.0;9052.4457270404
04.09.2025;18:00:00;9154.5;9161.9;9151.6;9157.8;3325.0;9053.69126977
04.09.2025;18:10:00;9157.8;9158.9;9154.1;9154.4;3702.0;9054.9243570723
04.09.2025;18:20:00;9154.4;9155.0;9144.3;9147.5;3411.0;9056.1451135016
04.09.2025;18:30:00;9147.5;9153.7;9146.4;9152.8;2613.0;9057.3536623666
04.09.2025;18:40:00;9152.4;9158.1;9151.8;9155.6;891.0;9058.5501257429
04.09.2025;19:00:00;9150.7;9169.0;9147.6;9167.8;2962.0;9059.7346244855
04.09.2025;19:10:00;9168.0;9172.1;9163.8;9171.0;2665.0;9060.9072782406
04.09.2025;19:20:00;9171.0;9179.9;9169.0;9177.2;2563.0;9062.0682054582
04.09.2025;19:30:00;9177.3;9179.6;9175.1;9175.2;1251.0;9063.2465234036
04.09.2025;19:40:00;9175.3;9175.3;9164.2;9164.2;961.0;9064.4130581696
04.09.2025;19:50:00;9165.3;9174.8;9164.4;9173.9;789.0;9065.5679275879
04.09.2025;20:00:00;9172.7;9179.4;9171.6;9179.4;1714.0;9066.711248312
04.09.2025;20:10:00;9179.2;9179.9;9169.7;9170.9;1566.0;9067.8431358289
04.09.2025;20:20:00;9171.9;9174.3;9166.1;9167.2;1443.0;9068.9637044706
04.09.2025;20:30:00;9168.3;9171.2;9156.0;9159.3;2024.0;9070.0730674259
04.09.2025;20:40:00;9158.6;9161.1;9155.7;9156.0;444.0;9071.1713367516
04.09.2025;20:50:00;9155.6;9155.6;9142.6;9144.0;2865.0;9072.2586233841
04.09.2025;21:00:00;9144.3;9150.2;9141.2;9147.6;3014.0;9073.3350371503
04.09.2025;21:10:00;9148.0;9148.0;9139.7;9143.1;1139.0;9074.4006867788
04.09.2025;21:20:00;9142.2;9149.4;9141.4;9149.0;1089.0;9075.455679911
04.09.2025;21:30:00;9149.3;9160.0;9149.0;9152.7;953.0;9076.5001231119
04.09.2025;21:40:00;9155.8;9162.0;9155.8;9160.1;926.0;9077.5341218808
04.09.2025;21:50:00;9160.1;9161.2;9152.2;9152.2;882.0;9078.5577806619
04.09.2025;22:00:00;9153.1;9153.1;9149.4;9151.0;292.0;9079.5712028553
04.09.2025;22:10:00;9151.0;9153.5;9148.9;9153.5;2176.0;9080.5744908268
04.09.2025;22:20:00;9153.5;9161.3;9153.5;9158.0;918.0;9081.5677459185
04.09.2025;22:30:00;9160.5;9161.5;9159.2;9160.0;1681.0;9082.5510684593
04.09.2025;22:40:00;9160.9;9162.8;9159.8;9160.8;571.0;9083.5245577747
04.09.2025;22:50:00;9160.7;9163.1;9160.0;9160.3;218.0;9084.488312197
04.09.2025;23:00:00;9160.3;9167.9;9160.2;9164.5;165.0;9085.442429075
04.09.2025;23:10:00;9164.5;9165.5;9159.8;9159.9;537.0;9086.3870047843
04.09.2025;23:20:00;9159.8;9159.8;9154.0;9155.5;894.0;9087.3221347364
04.09.2025;23:30:00;9156.5;9156.5;9152.3;9152.3;245.0;9088.2479133891
04.09.2025;23:40:00;9152.3;9159.8;9145.0;9151.0;496.0;9089.1644342552
05.09.2025;08:50:00;9162.0;9162.0;9162.0;9162.0;1999.0;9090.0717899126
05.09.2025;09:00:00;9163.0;9178.6;9163.0;9177.9;5702.0;9090.9700720135
05.09.2025;09:10:00;9176.5;9177.8;9159.2;9159.2;2313.0;9091.8593712934
05.09.2025;09:20:00;9159.0;9161.3;9156.3;9161.3;1720.0;9092.7397775804
05.09.2025;09:30:00;9161.2;9163.0;9160.9;9162.2;1807.0;9093.6113798046
05.09.2025;09:40:00;9162.2;9163.0;9160.1;9162.1;542.0;9094.4742660066
05.09.2025;09:50:00;9161.7;9162.9;9159.3;9162.8;426.0;9095.3285233465
05.09.2025;10:00:00;9162.1;9176.0;9158.6;9175.6;7029.0;9096.174238113
05.09.2025;10:10:00;9175.6;9177.0;9171.3;9172.9;3665.0;9097.0114957319
05.09.2025;10:20:00;9172.9;9172.9;9165.3;9166.5;2521.0;9097.8403807746
05.09.2025;10:30:00;9166.5;9167.9;9160.6;9160.6;1840.0;9098.6609769668
05.09.2025;10:40:00;9160.6;9166.0;9157.3;9163.7;4467.0;9099.4733671972
05.09.2025;10:50:00;9163.7;9164.8;9160.4;9163.8;4489.0;9100.2776335252
05.09.2025;11:00:00;9163.1;9167.0;9163.1;9164.8;1412.0;9101.0738571899
05.09.2025;11:10:00;9165.4;9166.0;9154.2;9163.6;7095.0;9101.862118618
05.09.2025;11:20:00;9163.4;9169.3;9158.8;9165.1;3687.0;9102.6424974319
05.09.2025;11:30:00;9165.3;9174.7;9165.3;9170.8;5226.0;9103.4150724576
05.09.2025;11:40:00;9170.8;9171.1;9164.0;9165.9;6690.0;9104.179921733
05.09.2025;11:50:00;9165.9;9165.9;9152.0;9156.3;4245.0;9104.9371225156
05.09.2025;12:00:00;9156.3;9182.6;9155.3;9178.6;15614.0;9105.6867512905
05.09.2025;12:10:00;9178.3;9186.0;9177.9;9184.4;5037.0;9106.4558837776
05.09.2025;12:20:00;9184.0;9188.0;9182.8;9183.6;4314.0;9107.2513249398
05.09.2025;12:30:00;9183.6;9187.3;9180.8;9186.6;3998.0;9108.0588116904
05.09.2025;12:40:00;9186.5;9204.6;9186.5;9202.7;12992.0;9108.8582235735
05.09.2025;12:50:00;9202.6;9204.0;9200.0;9204.0;6083.0;9109.8156413378
05.09.2025;13:00:00;9204.1;9214.1;9204.1;9206.9;13114.0;9110.7634849244
05.09.2025;13:10:00;9206.8;9209.7;9204.1;9205.0;4343.0;9111.7968500752
05.09.2025;13:20:00;9205.5;9207.2;9203.2;9203.2;3506.0;9112.8198815744
05.09.2025;13:30:00;9203.2;9203.3;9200.0;9200.7;3693.0;9113.8326827587
05.09.2025;13:40:00;9200.7;9201.2;9198.8;9201.2;4271.0;9114.8353559311
05.09.2025;13:50:00;9200.5;9202.0;9198.0;9199.7;2654.0;9115.8280023718
05.09.2025;14:00:00;9199.5;9205.9;9198.2;9201.7;2479.0;9116.810722348
05.09.2025;14:10:00;9202.0;9203.2;9196.9;9201.6;4214.0;9117.7836151246
05.09.2025;14:20:00;9201.7;9203.2;9197.6;9198.7;3129.0;9118.7467789733
05.09.2025;14:30:00;9198.7;9201.8;9197.1;9197.1;2593.0;9119.7003111836
05.09.2025;14:40:00;9199.1;9200.0;9197.1;9198.3;851.0;9120.6443080717
05.09.2025;14:50:00;9197.1;9203.0;9195.5;9203.0;5733.0;9121.578864991
05.09.2025;15:00:00;9203.0;9204.7;9196.5;9202.9;1867.0;9122.5040763411
05.09.2025;15:10:00;9202.2;9203.2;9196.2;9198.3;2289.0;9123.4200355777
05.09.2025;15:20:00;9197.6;9200.5;9195.6;9200.4;1961.0;9124.3268352219
05.09.2025;15:30:00;9200.7;9264.4;9200.7;9260.8;61305.0;9125.2245668697
05.09.2025;15:40:00;9260.0;9268.9;9235.0;9245.3;32678.0;9126.616321201
05.09.2025;15:50:00;9245.9;9258.7;9240.2;9257.7;15663.0;9128.039157989
05.09.2025;16:00:00;9257.7;9265.6;9246.4;9251.2;19455.0;9129.4477664091
05.09.2025;16:10:00;9251.2;9267.1;9251.2;9262.6;12407.0;9130.842288745
05.09.2025;16:20:00;9261.6;9268.6;9252.8;9265.8;16809.0;9132.2228658576
05.09.2025;16:30:00;9265.1;9279.0;9262.0;9269.6;16534.0;9133.589637199
05.09.2025;16:40:00;9269.4;9316.1;9269.3;9310.9;21855.0;9135.043740827
05.09.2025;16:50:00;9310.0;9311.0;9297.1;9309.5;14950.0;9136.8543034187
05.09.2025;17:00:00;9310.0;9322.7;9307.2;9310.3;13881.0;9138.6467603845
05.09.2025;17:10:00;9309.0;9313.6;9291.0;9297.4;9225.0;9140.4872927807
05.09.2025;17:20:00;9296.2;9304.5;9281.0;9281.0;10986.0;9142.3094198529
05.09.2025;17:30:00;9281.3;9295.0;9266.9;9270.7;17071.0;9144.1133256544
05.09.2025;17:40:00;9270.2;9286.0;9265.7;9285.4;9741.0;9145.8991923978
05.09.2025;17:50:00;9285.5;9296.8;9282.2;9286.6;15652.0;9147.6672004738
05.09.2025;18:00:00;9286.9;9290.0;9274.1;9276.9;13834.0;9149.4175284691
05.09.2025;18:10:00;9276.7;9280.9;9271.7;9278.0;8395.0;9151.1503531844
05.09.2025;18:20:00;9277.3;9288.8;9277.3;9288.0;2684.0;9152.8658496526
05.09.2025;18:30:00;9288.1;9293.1;9284.4;9290.9;5179.0;9154.564191156
05.09.2025;18:40:00;9291.0;9292.2;9289.4;9291.8;4318.0;9156.2455492445
05.09.2025;19:00:00;9291.3;9313.9;9288.4;9311.9;4518.0;9157.910093752
05.09.2025;19:10:00;9312.0;9312.2;9308.0;9312.2;2274.0;9159.5579928145
05.09.2025;19:20:00;9311.4;9325.0;9306.3;9315.8;7386.0;9161.1894128864
05.09.2025;19:30:00;9315.8;9315.8;9302.0;9302.0;3130.0;9162.8275187575
05.09.2025;19:40:00;9302.0;9306.4;9292.9;9306.4;2875.0;9164.4492435699
05.09.2025;19:50:00;9306.5;9306.5;9304.4;9304.4;1417.0;9166.0547511342
05.09.2025;20:00:00;9304.4;9304.6;9285.0;9291.3;4523.0;9167.6442036229
05.09.2025;20:10:00;9291.3;9294.0;9289.7;9292.8;2186.0;9169.2177615867
05.09.2025;20:20:00;9292.4;9304.9;9292.4;9302.4;2026.0;9170.7755839708
05.09.2025;20:30:00;9304.8;9306.5;9297.3;9299.4;1260.0;9172.3178281311
05.09.2025;20:40:00;9299.0;9302.9;9296.0;9300.8;782.0;9173.8446498498
05.09.2025;20:50:00;9299.4;9300.9;9298.6;9300.0;246.0;9175.3562033513
05.09.2025;21:00:00;9300.0;9301.4;9296.0;9296.5;1026.0;9176.8526413178
05.09.2025;21:10:00;9296.5;9298.4;9290.1;9294.1;1667.0;9178.3341149046
05.09.2025;21:20:00;9292.4;9295.9;9292.4;9294.5;871.0;9179.8007737555
05.09.2025;21:30:00;9294.3;9299.6;9292.4;9299.0;887.0;9181.252766018
05.09.2025;21:40:00;9297.4;9304.8;9296.9;9300.5;699.0;9182.6902383578
05.09.2025;21:50:00;9300.5;9303.1;9300.5;9301.9;292.0;9184.1133359742
05.09.2025;22:00:00;9302.2;9302.2;9299.9;9301.9;304.0;9185.5222026145
05.09.2025;22:10:00;9302.1;9303.6;9300.2;9303.5;1623.0;9186.9169805883
05.09.2025;22:20:00;9303.3;9303.3;9300.2;9302.0;167.0;9188.2978107825
05.09.2025;22:30:00;9301.3;9301.9;9299.6;9300.1;263.0;9189.6648326746
05.09.2025;22:40:00;9300.1;9302.9;9300.1;9302.9;334.0;9191.0181843479
05.09.2025;22:50:00;9302.4;9304.2;9301.8;9302.9;350.0;9192.3580025044
05.09.2025;23:00:00;9302.4;9303.3;9290.1;9297.4;961.0;9193.6844224794
05.09.2025;23:10:00;9297.4;9299.7;9290.1;9292.4;945.0;9194.9975782546
05.09.2025;23:20:00;9292.4;9292.6;9290.4;9292.6;314.0;9196.297602472
05.09.2025;23:30:00;9292.8;9293.4;9289.4;9293.2;726.0;9197.5846264473
05.09.2025;23:40:00;9292.1;9297.9;9292.1;9297.1;1824.0;9198.8587801828
06.09.2025;09:50:00;9300.0;9300.0;9300.0;9300.0;20.0;9200.120192381
06.09.2025;10:00:00;9297.0;9303.0;9285.5;9289.1;671.0;9201.3689904572
06.09.2025;10:10:00;9290.0;9296.0;9287.1;9287.1;448.0;9202.6053005526
06.09.2025;10:20:00;9287.5;9292.4;9287.0;9291.5;143.0;9203.8292475471
06.09.2025;10:30:00;9291.4;9291.5;9285.5;9286.0;431.0;9205.0409550716
06.09.2025;10:40:00;9289.8;9292.8;9287.0;9287.0;102.0;9206.2405455209
06.09.2025;10:50:00;9287.0;9292.8;9286.6;9290.0;25.0;9207.4281400657
06.09.2025;11:00:00;9287.2;9290.0;9285.4;9289.6;409.0;9208.603858665
06.09.2025;11:10:00;9285.5;9295.0;9285.5;9295.0;325.0;9209.7678200784
06.09.2025;11:20:00;9295.0;9295.0;9290.5;9290.5;21.0;9210.9201418776
06.09.2025;11:30:00;9295.0;9297.0;9289.7;9289.7;59.0;9212.0609404588
06.09.2025;11:40:00;9295.0;9295.0;9294.0;9294.0;14.0;9213.1903310542
06.09.2025;11:50:00;9290.8;9291.0;9290.8;9291.0;3.0;9214.3084277437
06.09.2025;12:00:00;9293.0;9294.0;9289.7;9289.7;89.0;9215.4153434663
06.09.2025;12:10:00;9289.3;9289.3;9288.4;9288.4;20.0;9216.5111900316
06.09.2025;12:20:00;9294.9;9295.0;9289.0;9289.7;26.0;9217.5960781313
06.09.2025;12:30:00;9289.8;9294.7;9288.9;9288.9;97.0;9218.67011735
06.09.2025;12:40:00;9288.9;9289.0;9288.6;9289.0;35.0;9219.7334161765
06.09.2025;12:50:00;9291.9;9294.8;9288.6;9294.8;53.0;9220.7860820147
06.09.2025;13:00:00;9294.7;9295.0;9288.0;9288.0;101.0;9221.8282211946
06.09.2025;13:10:00;9294.2;9295.0;9288.0;9294.1;102.0;9222.8599389826
06.09.2025;13:20:00;9294.1;9295.0;9289.0;9289.0;57.0;9223.8813395928
06.09.2025;13:30:00;9289.3;9294.3;9289.1;9289.1;15.0;9224.8925261969
06.09.2025;13:40:00;9289.0;9289.0;9288.2;9288.5;11.0;9225.8936009349
06.09.2025;13:50:00;9288.4;9294.3;9288.3;9288.3;16.0;9226.8846649255
06.09.2025;14:00:00;9288.5;9291.7;9288.5;9291.7;4.0;9227.8658182763
06.09.2025;14:10:00;9291.6;9291.7;9289.0;9290.5;15.0;9228.8371600935
06.09.2025;14:20:00;9289.5;9290.9;9289.0;9290.5;20.0;9229.7987884926
06.09.2025;14:30:00;9290.4;9290.4;9288.3;9288.3;19.0;9230.7508006077
06.09.2025;14:40:00;9288.4;9288.4;9288.3;9288.3;144.0;9231.6932926016
06.09.2025;14:50:00;9288.3;9290.0;9288.3;9290.0;81.0;9232.6263596756
06.09.2025;15:00:00;9288.3;9288.3;9288.3;9288.3;39.0;9233.5500960788
06.09.2025;15:20:00;9288.4;9290.0;9288.3;9290.0;32.0;9234.464595118
06.09.2025;15:30:00;9290.0;9290.0;9290.0;9290.0;111.0;9235.3699491669
06.09.2025;15:40:00;9288.5;9288.5;9288.3;9288.3;93.0;9236.2662496752
06.09.2025;15:50:00;9290.0;9292.0;9290.0;9290.1;373.0;9237.1535871784
06.09.2025;16:00:00;9293.1;9293.4;9290.1;9293.4;11.0;9238.0320513066
06.09.2025;16:10:00;9290.1;9293.4;9290.0;9290.0;50.0;9238.9017307936
06.09.2025;16:20:00;9290.0;9290.0;9290.0;9290.0;254.0;9239.7627134856
06.09.2025;16:40:00;9293.3;9293.3;9290.0;9290.0;7.0;9240.6150863508
06.09.2025;16:50:00;9290.0;9293.4;9290.0;9293.4;34.0;9241.4589354873
06.09.2025;17:00:00;9293.4;9293.4;9290.1;9293.4;13.0;9242.2943461324
06.09.2025;17:20:00;9290.1;9290.1;9290.0;9290.0;108.0;9243.1214026711
06.09.2025;17:30:00;9289.9;9290.0;9289.9;9290.0;102.0;9243.9401886444
06.09.2025;17:40:00;9290.0;9290.0;9288.4;9290.0;11.0;9244.7507867579
06.09.2025;17:50:00;9290.0;9293.2;9289.0;9293.2;42.0;9245.5532788904
06.09.2025;18:00:00;9289.4;9293.2;9289.0;9293.2;8.0;9246.3477461014
06.09.2025;18:10:00;9293.2;9293.7;9293.2;9293.7;287.0;9247.1342686404
06.09.2025;18:20:00;9293.8;9294.7;9290.0;9294.7;33.0;9247.912925954
06.09.2025;18:30:00;9293.8;9295.7;9290.0;9295.7;564.0;9248.6837966945
06.09.2025;18:40:00;9295.7;9304.9;9295.7;9298.0;433.0;9249.4469587275
06.09.2025;18:50:00;9304.0;9304.0;9293.9;9294.1;73.0;9250.2024891403
07.09.2025;10:00:00;9299.0;9299.1;9295.0;9299.0;1082.0;9250.9504642489
07.09.2025;10:10:00;9299.1;9302.4;9299.0;9301.9;149.0;9251.6909596064
07.09.2025;10:20:00;9301.9;9302.0;9299.5;9302.0;28.0;9252.4240500103
07.09.2025;10:30:00;9300.1;9302.0;9300.0;9300.0;19.0;9253.1498095102
07.09.2025;10:40:00;9300.0;9302.0;9300.0;9302.0;34.0;9253.8683114151
07.09.2025;10:50:00;9302.0;9302.0;9299.4;9299.4;29.0;9254.579628301
07.09.2025;11:00:00;9301.9;9302.0;9301.9;9302.0;30.0;9255.2838320179
07.09.2025;11:10:00;9299.5;9299.5;9299.0;9299.0;297.0;9255.9809936978
07.09.2025;11:20:00;9299.0;9302.5;9299.0;9299.0;68.0;9256.6711837608
07.09.2025;11:30:00;9300.0;9300.0;9300.0;9300.0;1.0;9257.3544719232
07.09.2025;11:40:00;9300.0;9302.0;9299.1;9302.0;25.0;9258.030927204
07.09.2025;11:50:00;9302.0;9302.4;9299.3;9302.4;152.0;9258.7006179319
07.09.2025;12:00:00;9302.4;9302.5;9299.2;9299.2;72.0;9259.3636117526
07.09.2025;12:10:00;9301.8;9305.8;9299.0;9299.1;344.0;9260.0199756351
07.09.2025;12:20:00;9304.9;9304.9;9299.1;9299.1;50.0;9260.6697758787
07.09.2025;12:30:00;9303.6;9303.7;9299.1;9303.7;26.0;9261.3130781199
07.09.2025;12:40:00;9300.8;9303.6;9300.8;9303.6;3.0;9261.9499473387
07.09.2025;13:10:00;9301.9;9302.0;9299.4;9302.0;12.0;9262.5804478653
07.09.2025;13:20:00;9302.0;9302.0;9302.0;9302.0;1.0;9263.2046433867
07.09.2025;13:30:00;9300.0;9300.0;9300.0;9300.0;2.0;9263.8225969528
07.09.2025;13:40:00;9300.0;9300.0;9300.0;9300.0;5.0;9264.4343709833
07.09.2025;14:00:00;9299.6;9300.0;9299.6;9300.0;114.0;9265.0400272735
07.09.2025;14:10:00;9301.0;9303.0;9300.0;9303.0;64.0;9265.6396270007
07.09.2025;14:20:00;9303.0;9303.0;9303.0;9303.0;2.0;9266.2332307307
07.09.2025;14:30:00;9303.6;9304.7;9303.6;9304.7;40.0;9266.8208984234
07.09.2025;14:40:00;9300.4;9303.0;9300.4;9303.0;3.0;9267.4026894392
07.09.2025;14:50:00;9303.0;9304.1;9300.0;9300.0;26.0;9267.9786625448
07.09.2025;15:00:00;9304.2;9304.5;9300.6;9300.6;10.0;9268.5488759193
07.09.2025;15:10:00;9304.5;9304.5;9300.7;9300.8;29.0;9269.1133871601
07.09.2025;15:20:00;9300.9;9303.8;9300.0;9303.8;87.0;9269.6722532885
07.09.2025;15:30:00;9303.3;9303.3;9303.3;9303.3;4.0;9270.2255307557
07.09.2025;15:40:00;9302.9;9302.9;9302.9;9302.9;1.0;9270.7732754481
07.09.2025;15:50:00;9302.9;9302.9;9302.9;9302.9;5.0;9271.3155426936
07.09.2025;16:00:00;9300.4;9303.9;9300.4;9303.9;150.0;9271.8523872667
07.09.2025;16:10:00;9303.3;9303.3;9303.3;9303.3;36.0;9272.383863394
07.09.2025;16:20:00;9303.5;9303.5;9300.0;9300.0;62.0;9272.9100247601
07.09.2025;16:30:00;9300.0;9304.5;9237.1;9260.0;13392.0;9325.0
07.09.2025;16:40:00;9260.0;9260.0;9257.5;9259.0;4536.0;9323.242
07.09.2025;16:50:00;9260.0;9260.0;9258.1;9260.0;916.0;9321.51916
07.09.2025;17:00:00;9259.0;9260.0;9258.2;9260.0;310.0;9319.8307768
07.09.2025;17:10:00;9260.0;9260.0;9259.0;9260.0;847.0;9318.176161264
07.09.2025;17:20:00;9259.9;9260.0;9259.1;9259.9;315.0;9316.5546380387
07.09.2025;17:30:00;9259.9;9260.0;9259.0;9260.0;522.0;9314.9655452779
07.09.2025;17:40:00;9259.0;9260.0;9258.2;9258.2;1470.0;9313.4082343724
07.09.2025;17:50:00;9258.2;9260.0;9257.2;9260.0;1026.0;9311.8820696849
07.09.2025;18:00:00;9259.8;9260.0;9259.6;9260.0;350.0;9310.3864282912
07.09.2025;18:10:00;9260.0;9260.0;9258.9;9260.0;594.0;9308.9206997254
07.09.2025;18:20:00;9259.1;9260.0;9258.9;9260.0;1093.0;9307.4842857309
07.09.2025;18:30:00;9260.0;9268.3;9259.9;9261.4;1757.0;9306.0766000163
07.09.2025;18:40:00;9265.2;9281.2;9257.0;9281.0;3746.0;9304.697068016
07.09.2025;18:50:00;9281.1;9282.4;9272.5;9281.7;1132.0;9303.3451266556
08.09.2025;08:50:00;9294.0;9294.0;9294.0;9294.0;270.0;9302.0202241225
08.09.2025;09:00:00;9294.0;9303.1;9284.4;9302.4;5952.0;9237.1
08.09.2025;09:10:00;9302.3;9315.0;9297.4;9314.6;6349.0;9238.42
08.09.2025;09:20:00;9314.8;9314.8;9310.8;9313.9;4384.0;9239.1858
08.09.2025;09:30:00;9314.1;9317.4;9313.4;9317.4;2671.0;9239.943942
08.09.2025;09:40:00;9317.4;9324.1;9316.8;9320.7;2697.0;9240.71850258
08.09.2025;09:50:00;9320.6;9335.0;9316.9;9332.8;7390.0;9241.5523175542
08.09.2025;10:00:00;9332.8;9365.2;9332.6;9363.1;23918.0;9242.4867943787
08.09.2025;10:10:00;9364.4;9406.9;9362.7;9405.1;37065.0;9243.7139264349
08.09.2025;10:20:00;9405.9;9425.0;9401.9;9402.0;39535.0;9245.3457871705
08.09.2025;10:30:00;9402.0;9415.1;9402.0;9412.7;14008.0;9247.1423292988
08.09.2025;10:40:00;9412.7;9414.6;9409.0;9409.0;9620.0;9248.9209060058
08.09.2025;10:50:00;9409.0;9410.9;9404.0;9410.6;12668.0;9250.6816969458
08.09.2025;11:00:00;9410.5;9415.0;9397.7;9401.5;18288.0;9252.4248799763
08.09.2025;11:10:00;9401.8;9410.8;9401.1;9410.6;5648.0;9254.1506311765
08.09.2025;11:20:00;9410.8;9414.8;9406.3;9408.8;6981.0;9255.8591248648
08.09.2025;11:30:00;9407.9;9412.3;9406.4;9408.8;4392.0;9257.5505336161
08.09.2025;11:40:00;9409.5;9412.4;9405.6;9411.0;7256.0;9259.22502828
08.09.2025;11:50:00;9411.0;9412.0;9405.5;9408.5;4542.0;9260.8827779972
08.09.2025;12:00:00;9407.7;9419.6;9405.0;9417.1;11314.0;9262.5239502172
08.09.2025;12:10:00;9417.3;9418.2;9411.8;9412.8;5277.0;9264.148710715
08.09.2025;12:20:00;9412.8;9421.3;9411.4;9416.6;3384.0;9265.7572236079
08.09.2025;12:30:00;9416.6;9424.0;9415.1;9423.1;2991.0;9267.3496513718
08.09.2025;12:40:00;9423.1;9434.0;9420.5;9430.9;6953.0;9268.9261548581
08.09.2025;12:50:00;9431.0;9433.1;9422.4;9428.5;6587.0;9270.5768933095
08.09.2025;13:00:00;9428.4;9437.0;9427.4;9435.0;2922.0;9272.2111243764
08.09.2025;13:10:00;9434.4;9450.0;9434.2;9441.9;8961.0;9273.8590131326
08.09.2025;13:20:00;9441.9;9443.3;9436.1;9439.1;6175.0;9275.6204230013
08.09.2025;13:30:00;9438.9;9442.4;9438.8;9441.6;2432.0;9277.3642187713
08.09.2025;13:40:00;9441.6;9443.4;9440.1;9441.1;1451.0;9279.0905765836
08.09.2025;13:50:00;9441.6;9441.9;9434.9;9438.3;6567.0;9280.7996708178
08.09.2025;14:00:00;9438.1;9446.9;9436.0;9443.8;7351.0;9282.4916741096
08.09.2025;14:10:00;9444.1;9446.8;9441.9;9442.6;4538.0;9284.1667573685
08.09.2025;14:20:00;9443.4;9446.7;9442.7;9445.5;2700.0;9285.8250897948
08.09.2025;14:30:00;9445.8;9446.4;9438.9;9444.3;6962.0;9287.4668388968
08.09.2025;14:40:00;9444.3;9444.4;9436.1;9436.2;5478.0;9289.0921705079
08.09.2025;14:50:00;9436.2;9446.0;9435.6;9445.5;4119.0;9290.7012488028
08.09.2025;15:00:00;9444.1;9452.0;9443.4;9447.2;5071.0;9292.2942363148
08.09.2025;15:10:00;9447.0;9453.0;9446.0;9450.0;2313.0;9293.8912939516
08.09.2025;15:20:00;9451.1;9453.3;9445.3;9446.1;3756.0;9295.4823810121
08.09.2025;15:30:00;9446.7;9453.3;9445.1;9446.9;3386.0;9297.060557202
08.09.2025;15:40:00;9446.8;9475.2;9446.3;9472.9;11312.0;9298.62295163
08.09.2025;15:50:00;9472.8;9495.4;9472.8;9484.5;23311.0;9300.3887221137
08.09.2025;16:00:00;9484.5;9494.5;9482.3;9489.2;6027.0;9302.3388348925
08.09.2025;16:10:00;9489.3;9510.2;9486.9;9496.2;18802.0;9304.2694465436
08.09.2025;16:20:00;9496.0;9529.0;9492.7;9496.7;33505.0;9306.3287520782
08.09.2025;16:30:00;9497.1;9501.2;9493.0;9497.2;9373.0;9308.5554645574
08.09.2025;16:40:00;9496.3;9522.1;9496.3;9518.7;14648.0;9310.7599099118
08.09.2025;16:50:00;9518.7;9533.9;9512.7;9524.8;19044.0;9312.9423108127
08.09.2025;17:00:00;9525.0;9526.0;9513.4;9523.6;20424.0;9315.1518877046
08.09.2025;17:10:00;9523.6;9525.6;9520.0;9520.0;7121.0;9317.3393688275
08.09.2025;17:20:00;9520.0;9524.0;9515.0;9515.0;13516.0;9319.5049751392
08.09.2025;17:30:00;9515.0;9531.9;9510.1;9531.3;7987.0;9321.6489253879
08.09.2025;17:40:00;9531.4;9549.2;9531.4;9543.0;15061.0;9323.771436134
08.09.2025;17:50:00;9542.7;9549.4;9535.5;9547.1;9629.0;9326.0257217726
08.09.2025;18:00:00;9547.5;9586.2;9547.1;9586.1;47033.0;9328.2594645549
08.09.2025;18:10:00;9586.7;9588.5;9573.6;9578.4;16428.0;9330.8388699094
08.09.2025;18:20:00;9578.3;9587.0;9568.7;9569.9;10946.0;9333.4154812103
08.09.2025;18:30:00;9568.5;9571.5;9543.3;9546.4;12631.0;9335.9663263982
08.09.2025;18:40:00;9546.4;9573.0;9545.0;9570.0;15281.0;9338.4916631342
08.09.2025;19:00:00;9565.5;9590.0;9564.0;9583.4;9804.0;9340.9917465028
08.09.2025;19:10:00;9583.5;9596.4;9578.5;9591.5;7427.0;9343.4818290378
08.09.2025;19:20:00;9591.2;9610.4;9588.8;9601.5;19219.0;9346.0110107474
08.09.2025;19:30:00;9602.7;9605.3;9576.7;9580.0;6744.0;9348.65490064
08.09.2025;19:40:00;9579.9;9594.0;9579.9;9591.8;2839.0;9351.2723516336
08.09.2025;19:50:00;9590.0;9593.2;9588.4;9592.0;1127.0;9353.8636281172
08.09.2025;20:00:00;9592.4;9597.9;9585.0;9585.9;3557.0;9356.4289918361
08.09.2025;20:10:00;9585.2;9594.4;9581.6;9593.7;2641.0;9358.9687019177
08.09.2025;20:20:00;9593.6;9594.3;9590.2;9594.2;1000.0;9361.4830148985
08.09.2025;20:30:00;9594.0;9594.2;9581.0;9590.9;2707.0;9363.9721847495
08.09.2025;20:40:00;9590.9;9593.5;9587.0;9591.6;2349.0;9366.436462902
08.09.2025;20:50:00;9591.6;9591.6;9585.7;9586.0;2402.0;9368.876098273
08.09.2025;21:00:00;9588.3;9588.5;9575.0;9579.7;3516.0;9371.2913372903
08.09.2025;21:10:00;9579.0;9582.1;9577.3;9581.3;893.0;9373.6824239174
08.09.2025;21:20:00;9581.3;9581.3;9579.1;9579.9;211.0;9376.0495996782
08.09.2025;21:30:00;9579.9;9580.2;9576.5;9579.0;514.0;9378.3931036814
08.09.2025;21:40:00;9579.0;9590.4;9577.5;9590.4;2889.0;9380.7131726446
08.09.2025;21:50:00;9591.0;9593.2;9590.3;9591.2;1734.0;9383.0100409182
08.09.2025;22:00:00;9593.2;9593.8;9591.1;9591.1;721.0;9385.283940509
08.09.2025;22:10:00;9591.1;9591.5;9578.4;9585.0;2684.0;9387.5351011039
08.09.2025;22:20:00;9585.2;9586.7;9581.7;9585.0;717.0;9389.7637500929
08.09.2025;22:30:00;9585.0;9588.4;9583.4;9588.4;873.0;9391.9701125919
08.09.2025;22:40:00;9588.4;9588.5;9585.4;9587.0;309.0;9394.154411466
08.09.2025;22:50:00;9587.7;9594.9;9587.0;9594.7;2350.0;9396.3168673514
08.09.2025;23:00:00;9594.7;9600.0;9593.7;9599.9;1722.0;9398.4576986778
08.09.2025;23:10:00;9599.8;9599.8;9594.7;9597.1;209.0;9400.5771216911
08.09.2025;23:20:00;9597.1;9598.9;9595.2;9596.7;620.0;9402.6753504742
08.09.2025;23:30:00;9597.5;9598.1;9593.0;9595.0;524.0;9404.7525969694
08.09.2025;23:40:00;9595.2;9599.9;9595.1;9596.4;2156.0;9406.8090709997
09.09.2025;08:50:00;9650.0;9650.0;9650.0;9650.0;845.0;9408.8449802897
09.09.2025;09:00:00;9649.0;9670.0;9625.3;9625.3;24911.0;9411.2565304868
09.09.2025;09:10:00;9625.9;9639.9;9625.5;9632.0;10869.0;9413.843965182
09.09.2025;09:20:00;9632.0;9632.0;9627.8;9630.0;11493.0;9416.4055255301
09.09.2025;09:30:00;9630.0;9630.0;9627.2;9630.0;7569.0;9418.9414702748
09.09.2025;09:40:00;9630.0;9659.0;9630.0;9652.6;9930.0;9421.4520555721
09.09.2025;09:50:00;9652.4;9653.1;9641.7;9647.6;1844.0;9423.9375350164
09.09.2025;10:00:00;9647.9;9655.0;9646.4;9649.3;12823.0;9426.3981596662
09.09.2025;10:10:00;9649.0;9667.6;9649.0;9664.6;10101.0;9428.8341780695
09.09.2025;10:20:00;9664.9;9690.0;9664.0;9686.0;35552.0;9431.2458362888
09.09.2025;10:30:00;9686.5;9687.0;9672.4;9672.7;10776.0;9433.833377926
09.09.2025;10:40:00;9672.7;9673.8;9660.3;9661.2;7332.0;9436.3950441467
09.09.2025;10:50:00;9661.1;9662.3;9657.5;9660.1;14712.0;9438.9310937052
09.09.2025;11:00:00;9660.2;9685.4;9659.6;9681.7;10240.0;9441.4417827682
09.09.2025;11:10:00;9681.6;9687.0;9677.6;9684.2;9603.0;9443.9273649405
09.09.2025;11:20:00;9683.9;9686.6;9665.8;9683.6;16880.0;9446.3880912911
09.09.2025;11:30:00;9684.1;9688.2;9679.8;9682.6;7389.0;9448.8242103782
09.09.2025;11:40:00;9683.9;9690.0;9672.8;9685.9;17342.0;9451.2359682744
09.09.2025;11:50:00;9685.9;9696.0;9685.0;9693.9;8972.0;9453.6236085917
09.09.2025;12:00:00;9693.9;9695.0;9688.1;9693.4;9453.0;9456.0473725057
09.09.2025;12:10:00;9694.4;9696.7;9690.7;9692.2;7105.0;9458.4468987807
09.09.2025;12:20:00;9692.8;9695.4;9688.6;9693.7;4572.0;9460.8294297929
09.09.2025;12:30:00;9694.2;9695.5;9685.6;9695.1;5576.0;9463.1881354949
09.09.2025;12:40:00;9694.8;9695.1;9686.1;9687.8;3851.0;9465.52325414
09.09.2025;12:50:00;9687.4;9689.5;9685.5;9689.5;2743.0;9467.8350215986
09.09.2025;13:00:00;9689.6;9693.9;9686.6;9691.1;2827.0;9470.1236713826
09.09.2025;13:10:00;9691.6;9728.5;9691.6;9713.6;17320.0;9472.3894346688
09.09.2025;13:20:00;9716.5;9720.1;9711.4;9714.7;9717.0;9474.9505403221
09.09.2025;13:30:00;9713.6;9719.6;9710.9;9711.8;7968.0;9477.4860349189
09.09.2025;13:40:00;9711.2;9712.0;9693.9;9694.0;11339.0;9479.9961745697
09.09.2025;13:50:00;9696.6;9697.7;9690.9;9696.9;6101.0;9482.481212824
09.09.2025;14:00:00;9696.9;9706.5;9693.2;9705.8;6433.0;9484.9414006957
09.09.2025;14:10:00;9705.7;9720.1;9705.6;9720.0;11756.0;9487.3769866888
09.09.2025;14:20:00;9720.1;9724.9;9718.1;9724.9;6683.0;9489.7882168219
09.09.2025;14:30:00;9724.9;9733.9;9719.7;9725.6;9372.0;9492.1753346537
09.09.2025;14:40:00;9725.0;9730.1;9720.0;9722.7;6295.0;9494.5925813071
09.09.2025;14:50:00;9723.5;9724.6;9709.3;9718.0;17258.0;9496.9856554941
09.09.2025;15:00:00;9717.1;9740.8;9717.0;9737.4;8887.0;9499.3547989391
09.09.2025;15:10:00;9737.7;9742.1;9734.4;9736.6;6859.0;9501.7692509497
09.09.2025;15:20:00;9736.9;9744.6;9733.4;9744.6;9743.0;9504.1725584402
09.09.2025;15:30:00;9744.6;9745.1;9737.4;9742.7;13639.0;9506.5768328558
09.09.2025;15:40:00;9742.5;9742.8;9723.0;9727.5;11129.0;9508.9620645273
09.09.2025;15:50:00;9728.5;9752.5;9724.0;9741.3;19787.0;9511.323443882
09.09.2025;16:00:00;9739.0;9746.4;9727.8;9741.4;11686.0;9513.7352094432
09.09.2025;16:10:00;9742.4;9747.3;9736.5;9737.9;5816.0;9516.1228573488
09.09.2025;16:20:00;9738.7;9739.5;9711.0;9739.5;16072.0;9518.4866287753
09.09.2025;16:30:00;9739.6;9764.0;9737.9;9761.0;18345.0;9520.8267624875
09.09.2025;16:40:00;9761.0;9775.0;9756.1;9766.1;24110.0;9523.2584948626
09.09.2025;16:50:00;9766.0;9777.6;9762.7;9774.8;15757.0;9525.775909914
09.09.2025;17:00:00;9774.4;9791.9;9724.4;9746.4;61830.0;9528.2941508149
09.09.2025;17:10:00;9746.5;9758.5;9735.0;9746.0;23188.0;9530.9302093067
09.09.2025;17:20:00;9746.0;9764.0;9745.8;9764.0;17318.0;9533.5399072137
09.09.2025;17:30:00;9764.0;9764.0;9704.0;9710.6;41905.0;9536.1235081415
09.09.2025;17:40:00;9712.5;9747.0;9710.5;9734.4;27968.0;9538.6812730601
09.09.2025;17:50:00;9734.6;9740.0;9729.0;9729.0;6251.0;9541.2134603295
09.09.2025;18:00:00;9730.3;9733.9;9725.5;9727.3;11769.0;9543.7203257262
09.09.2025;18:10:00;9726.8;9726.8;9703.0;9707.0;28915.0;9546.202122469
09.09.2025;18:20:00;9707.0;9729.7;9706.3;9727.3;8832.0;9548.6591012443
09.09.2025;18:30:00;9727.3;9737.5;9718.4;9723.0;14336.0;9551.0915102318
09.09.2025;18:40:00;9723.1;9745.8;9723.0;9739.8;9121.0;9553.4995951295
09.09.2025;19:00:00;9739.9;9767.4;9738.8;9757.4;6561.0;9555.8835991782
09.09.2025;19:10:00;9757.0;9759.5;9745.0;9747.4;3813.0;9558.2437631864
09.09.2025;19:20:00;9747.4;9747.5;9735.1;9743.0;3485.0;9560.5803255546
09.09.2025;19:30:00;9743.4;9755.2;9741.9;9744.2;5996.0;9562.893522299
09.09.2025;19:40:00;9745.5;9749.9;9737.9;9749.0;3502.0;9565.183587076
09.09.2025;19:50:00;9747.2;9749.0;9740.2;9742.0;686.0;9567.4507512053
09.09.2025;20:00:00;9741.8;9744.0;9735.0;9742.4;2597.0;9569.6952436932
09.09.2025;20:10:00;9740.7;9742.7;9730.8;9730.8;1909.0;9571.9172912563
09.09.2025;20:20:00;9734.3;9736.1;9731.2;9731.2;1040.0;9574.1171183437
09.09.2025;20:30:00;9732.0;9740.8;9730.9;9734.0;1223.0;9576.2949471603
09.09.2025;20:40:00;9734.0;9743.6;9732.0;9740.0;2518.0;9578.4509976887
09.09.2025;20:50:00;9741.6;9744.0;9739.5;9739.9;898.0;9580.5854877118
09.09.2025;21:00:00;9740.3;9745.0;9740.3;9745.0;742.0;9582.6986328347
09.09.2025;21:10:00;9744.9;9749.8;9744.4;9747.2;2399.0;9584.7906465063
09.09.2025;21:20:00;9745.2;9747.0;9742.0;9743.7;330.0;9586.8617400413
09.09.2025;21:30:00;9744.4;9747.5;9743.2;9743.7;1374.0;9588.9121226408
09.09.2025;21:40:00;9743.7;9745.5;9741.1;9741.1;743.0;9590.9420014144
09.09.2025;21:50:00;9741.1;9743.0;9738.8;9740.2;1308.0;9592.9515814003
09.09.2025;22:00:00;9740.4;9748.1;9740.4;9747.9;1659.0;9594.9410655863
09.09.2025;22:10:00;9746.4;9746.4;9734.4;9736.8;4189.0;9596.9106549304
09.09.2025;22:20:00;9736.7;9743.0;9736.4;9739.1;1073.0;9598.8605483811
09.09.2025;22:30:00;9739.0;9740.3;9736.7;9737.4;384.0;9600.7909428973
09.09.2025;22:40:00;9737.2;9737.2;9712.9;9713.2;9228.0;9602.7020334683
09.09.2025;22:50:00;9715.0;9718.9;9711.6;9711.7;3738.0;9604.5940131337
09.09.2025;23:00:00;9711.7;9719.0;9707.5;9719.0;4076.0;9606.4670730023
09.09.2025;23:10:00;9719.0;9719.2;9710.0;9713.2;1183.0;9608.3214022723
09.09.2025;23:20:00;9712.7;9715.2;9710.0;9715.2;1206.0;9610.1571882496
09.09.2025;23:30:00;9714.9;9720.9;9713.6;9715.6;1898.0;9611.9746163671
09.09.2025;23:40:00;9715.4;9715.6;9707.0;9707.0;2055.0;9613.7738702034
10.09.2025;08:50:00;9740.3;9740.3;9740.3;9740.3;807.0;9615.5551315014
10.09.2025;09:00:00;9741.0;9773.2;9740.3;9767.0;12390.0;9617.3185801864
10.09.2025;09:10:00;9767.0;9770.0;9761.2;9768.4;6025.0;9619.0643943845
10.09.2025;09:20:00;9769.5;9791.0;9769.0;9782.9;15137.0;9620.7927504406
10.09.2025;09:30:00;9782.5;9782.5;9772.7;9777.5;3838.0;9622.5038229362
10.09.2025;09:40:00;9777.4;9787.3;9775.9;9782.1;4559.0;9624.1977847069
10.09.2025;09:50:00;9782.0;9783.6;9776.9;9778.7;4694.0;9625.8748068598
10.09.2025;10:00:00;9778.7;9819.2;9778.7;9818.0;25830.0;9627.5350587912
10.09.2025;10:10:00;9818.0;9842.0;9816.3;9822.4;25977.0;9629.4517082033
10.09.2025;10:20:00;9822.5;9832.7;9820.6;9825.7;11702.0;9631.5771911213
10.09.2025;10:30:00;9826.0;9844.7;9826.0;9837.7;19052.0;9633.6814192101
10.09.2025;10:40:00;9838.4;9856.0;9837.5;9854.4;52709.0;9635.791605018
10.09.2025;10:50:00;9854.1;9859.1;9839.0;9853.8;24406.0;9637.9936889678
10.09.2025;11:00:00;9853.7;9860.6;9848.2;9859.0;16810.0;9640.2047520781
10.09.2025;11:10:00;9860.0;9886.0;9859.6;9879.1;30789.0;9642.4087045573
10.09.2025;11:20:00;9877.2;9884.9;9856.8;9863.4;10373.0;9644.8446175117
10.09.2025;11:30:00;9861.9;9861.9;9835.4;9855.3;21821.0;9647.2561713366
10.09.2025;11:40:00;9855.7;9871.3;9853.7;9865.0;11828.0;9649.6436096233
10.09.2025;11:50:00;9865.1;9868.5;9861.9;9866.6;6618.0;9652.007173527
10.09.2025;12:00:00;9866.9;9868.1;9842.3;9846.7;6215.0;9654.3471017918
10.09.2025;12:10:00;9848.5;9858.7;9844.9;9849.5;9147.0;9656.6636307738
10.09.2025;12:20:00;9849.6;9857.5;9846.9;9851.4;9950.0;9658.9569944661
10.09.2025;12:30:00;9853.1;9873.8;9852.2;9866.7;17350.0;9661.2274245214
10.09.2025;12:40:00;9866.8;9885.0;9866.8;9885.0;11030.0;9663.4751502762
10.09.2025;12:50:00;9885.0;9891.3;9881.8;9888.9;12311.0;9665.7003987735
10.09.2025;13:00:00;9888.9;9891.0;9869.6;9872.8;8929.0;9667.9563947857
10.09.2025;13:10:00;9872.8;9878.0;9868.4;9874.0;5086.0;9670.1898308379
10.09.2025;13:20:00;9873.6;9882.3;9868.7;9880.1;7716.0;9672.4009325295
10.09.2025;13:30:00;9880.2;9889.3;9880.1;9888.7;4177.0;9674.5899232042
10.09.2025;13:40:00;9888.7;9898.3;9884.3;9896.9;7090.0;9676.7570239722
10.09.2025;13:50:00;9896.5;9899.1;9893.4;9894.0;6935.0;9678.9724537324
10.09.2025;14:00:00;9894.0;9894.0;9875.2;9887.6;8990.0;9681.1737291951
10.09.2025;14:10:00;9887.3;9894.5;9879.9;9893.7;6651.0;9683.3529919032
10.09.2025;14:20:00;9893.7;9897.8;9890.0;9892.0;7104.0;9685.5104619841
10.09.2025;14:30:00;9892.0;9893.4;9887.6;9888.3;5414.0;9687.6463573643
10.09.2025;14:40:00;9888.4;9889.3;9872.5;9875.0;8781.0;9689.7608937906
10.09.2025;14:50:00;9875.0;9875.0;9866.2;9866.9;11657.0;9691.8542848527
10.09.2025;15:00:00;9866.2;9869.1;9860.1;9862.4;13318.0;9693.9267420042
10.09.2025;15:10:00;9862.4;9863.5;9835.3;9837.1;18733.0;9695.9784745842
10.09.2025;15:20:00;9837.0;9847.4;9834.8;9838.3;16701.0;9698.0096898383
10.09.2025;15:30:00;9838.7;9859.6;9821.4;9831.7;30167.0;9700.0205929399
10.09.2025;15:40:00;9832.8;9837.9;9811.0;9811.0;16339.0;9702.0113870105
10.09.2025;15:50:00;9811.0;9816.9;9806.0;9809.0;19257.0;9703.9822731404
10.09.2025;16:00:00;9808.2;9858.9;9806.6;9817.3;30432.0;9705.933450409
10.09.2025;16:10:00;9816.2;9818.7;9804.8;9814.7;8075.0;9707.8651159049
10.09.2025;16:20:00;9815.1;9844.6;9815.1;9839.1;19756.0;9709.7774647459
10.09.2025;16:30:00;9839.7;9848.2;9837.1;9844.2;9759.0;9711.6706900984
10.09.2025;16:40:00;9844.6;9849.9;9840.3;9843.2;6147.0;9713.5449831975
10.09.2025;16:50:00;9843.2;9849.8;9842.6;9849.7;4688.0;9715.4005333655
10.09.2025;17:00:00;9849.7;9862.7;9849.7;9857.9;9085.0;9717.2375280318
10.09.2025;17:10:00;9857.9;9860.0;9853.2;9859.7;7939.0;9719.0561527515
10.09.2025;17:20:00;9859.7;9883.8;9855.2;9875.2;13237.0;9720.856591224
10.09.2025;17:30:00;9876.6;9880.2;9872.6;9875.2;5882.0;9722.6390253117
10.09.2025;17:40:00;9875.2;9875.2;9846.6;9847.5;16107.0;9724.4036350586
10.09.2025;17:50:00;9847.2;9868.0;9844.6;9867.4;14584.0;9726.150598708
10.09.2025;18:00:00;9867.8;9874.6;9857.7;9862.7;13078.0;9727.880092721
10.09.2025;18:10:00;9862.7;9867.7;9860.0;9863.3;5626.0;9729.5922917938
10.09.2025;18:20:00;9862.2;9862.8;9856.6;9860.0;9523.0;9731.2873688758
10.09.2025;18:30:00;9859.7;9870.9;9859.7;9869.5;6678.0;9732.9654951871
10.09.2025;18:40:00;9870.0;9870.9;9864.7;9870.0;4055.0;9734.6268402352
10.09.2025;19:00:00;9868.2;9870.4;9853.3;9862.6;2550.0;9736.2715718328
10.09.2025;19:10:00;9862.6;9866.5;9862.2;9862.5;2472.0;9737.8998561145
10.09.2025;19:20:00;9864.4;9864.5;9853.7;9854.6;1503.0;9739.5118575534
10.09.2025;19:30:00;9853.1;9853.1;9843.5;9851.2;4997.0;9741.1077389778
10.09.2025;19:40:00;9851.5;9862.2;9851.1;9858.7;2227.0;9742.6876615881
10.09.2025;19:50:00;9857.0;9859.3;9853.5;9855.3;896.0;9744.2517849722
10.09.2025;20:00:00;9855.4;9859.7;9850.2;9856.0;1769.0;9745.8002671224
10.09.2025;20:10:00;9855.8;9856.0;9852.9;9853.2;784.0;9747.3332644512
10.09.2025;20:20:00;9853.2;9853.5;9847.0;9851.5;2182.0;9748.8509318067
10.09.2025;20:30:00;9851.5;9859.7;9850.0;9859.5;1709.0;9750.3534224886
10.09.2025;20:40:00;9859.5;9862.3;9858.0;9862.3;1741.0;9751.8408882638
10.09.2025;20:50:00;9860.5;9862.3;9855.3;9859.6;2385.0;9753.3134793811
10.09.2025;21:00:00;9858.8;9869.9;9857.2;9869.9;2518.0;9754.7713445873
10.09.2025;21:10:00;9870.0;9878.9;9867.9;9872.0;5763.0;9756.2146311414
10.09.2025;21:20:00;9874.0;9877.1;9869.0;9874.7;3407.0;9757.64348483
10.09.2025;21:30:00;9873.5;9874.0;9867.5;9868.7;694.0;9759.0580499817
10.09.2025;21:40:00;9868.3;9874.9;9868.0;9868.2;600.0;9760.4584694819
10.09.2025;21:50:00;9871.7;9871.7;9865.5;9869.4;429.0;9761.8448847871
10.09.2025;22:00:00;9870.0;9874.6;9867.0;9867.3;899.0;9763.2174359392
10.09.2025;22:10:00;9871.0;9871.1;9864.6;9864.8;959.0;9764.5762615798
10.09.2025;22:20:00;9864.8;9864.9;9852.3;9854.9;2381.0;9765.921498964
10.09.2025;22:30:00;9854.9;9854.9;9840.4;9841.0;2648.0;9767.2532839744
10.09.2025;22:40:00;9841.0;9854.0;9841.0;9850.0;4680.0;9768.5717511346
10.09.2025;22:50:00;9850.0;9858.5;9847.6;9856.0;2921.0;9769.8770336233
10.09.2025;23:00:00;9855.2;9860.0;9855.1;9856.5;1101.0;9771.1692632871
10.09.2025;23:10:00;9856.6;9865.5;9856.6;9860.0;2495.0;9772.4485706542
10.09.2025;23:20:00;9860.1;9861.5;9850.0;9852.9;5859.0;9773.7150849476
10.09.2025;23:30:00;9852.7;9860.6;9852.1;9857.4;3635.0;9774.9689340982
10.09.2025;23:40:00;9857.4;9867.5;9850.0;9864.0;3738.0;9776.2102447572
11.09.2025;08:50:00;9840.0;9840.0;9840.0;9840.0;772.0;9777.4391423096
11.09.2025;09:00:00;9843.0;9843.0;9805.5;9837.6;20320.0;9778.6557508865
11.09.2025;09:10:00;9837.6;9856.4;9837.6;9856.0;10796.0;9779.8601933777
11.09.2025;09:20:00;9855.1;9866.3;9855.1;9865.0;6101.0;9781.0525914439
11.09.2025;09:30:00;9865.4;9867.1;9857.5;9858.0;4864.0;9782.2330655294
11.09.2025;09:40:00;9858.3;9887.0;9856.2;9884.2;8234.0;9783.4017348741
11.09.2025;09:50:00;9883.4;9886.2;9875.0;9880.9;6042.0;9784.5587175254
11.09.2025;10:00:00;9881.2;9916.8;9881.2;9896.1;40881.0;9785.7041303501
11.09.2025;10:10:00;9896.4;9909.0;9893.9;9895.9;15112.0;9787.0150890466
11.09.2025;10:20:00;9895.8;9904.6;9880.3;9882.2;13856.0;9788.3129381562
11.09.2025;10:30:00;9881.0;9885.9;9862.0;9867.0;20013.0;9789.5978087746
11.09.2025;10:40:00;9867.0;9872.0;9857.1;9861.4;8938.0;9790.8698306869
11.09.2025;10:50:00;9861.3;9863.5;9835.2;9835.2;16069.0;9792.12913238
11.09.2025;11:00:00;9835.2;9841.0;9764.9;9781.4;47280.0;9916.8
11.09.2025;11:10:00;9785.0;9808.3;9778.8;9798.7;31664.0;9913.762
11.09.2025;11:20:00;9795.5;9827.9;9792.9;9817.1;16277.0;9910.78476
11.09.2025;11:30:00;9818.7;9820.1;9792.7;9817.5;14862.0;9907.8670648
11.09.2025;11:40:00;9817.4;9820.9;9812.8;9817.7;9558.0;9905.007723504
11.09.2025;11:50:00;9818.9;9823.5;9811.4;9818.2;4651.0;9902.2055690339
11.09.2025;12:00:00;9816.0;9816.0;9795.0;9800.0;12230.0;9899.4594576532
11.09.2025;12:10:00;9799.9;9811.7;9797.9;9804.9;18227.0;9896.7682685002
11.09.2025;12:20:00;9804.9;9806.5;9794.2;9794.3;9777.0;9894.1309031302
11.09.2025;12:30:00;9794.3;9805.5;9792.9;9803.7;17412.0;9891.5462850676
11.09.2025;12:40:00;9805.8;9824.7;9802.7;9824.5;8191.0;9889.0133593662
11.09.2025;12:50:00;9824.5;9824.5;9810.6;9817.0;5581.0;9886.5310921789
11.09.2025;13:00:00;9816.8;9819.9;9812.0;9813.0;3384.0;9884.0984703353
11.09.2025;13:10:00;9814.2;9820.0;9814.2;9819.5;4409.0;9881.7145009286
11.09.2025;13:20:00;9819.1;9820.0;9815.0;9819.9;3541.0;9879.37821091
11.09.2025;13:30:00;9818.4;9828.1;9816.4;9817.5;4472.0;9877.0886466918
11.09.2025;13:40:00;9820.4;9820.7;9805.3;9807.8;5918.0;9874.844873758
11.09.2025;13:50:00;9807.8;9813.0;9794.5;9796.1;5496.0;9872.6459762828
11.09.2025;14:00:00;9795.8;9796.0;9764.1;9766.2;21761.0;9870.4910567572
11.09.2025;14:10:00;9766.2;9769.1;9742.8;9760.0;31917.0;9869.4271461896
11.09.2025;14:20:00;9759.8;9780.5;9752.4;9775.9;11562.0;9868.1608747277
11.09.2025;14:30:00;9775.5;9777.3;9762.6;9764.4;14047.0;9866.9072659804
11.09.2025;14:40:00;9764.7;9768.7;9758.0;9767.1;9860.0;9865.6661933206
11.09.2025;14:50:00;9766.8;9778.4;9765.1;9773.1;15000.0;9864.4375313874
11.09.2025;15:00:00;9773.1;9779.0;9761.4;9772.2;19613.0;9863.2211560736
11.09.2025;15:10:00;9774.1;9784.8;9770.9;9783.6;10950.0;9862.0169445128
11.09.2025;15:20:00;9784.2;9797.1;9783.5;9793.5;6169.0;9860.8247750677
11.09.2025;15:50:00;9796.5;9803.3;9783.0;9799.7;15483.0;9859.644527317
11.09.2025;16:00:00;9799.7;9856.8;9786.8;9816.7;34448.0;9858.4760820438
11.09.2025;16:10:00;9816.1;9817.6;9786.6;9786.6;8431.0;9857.3193212234
11.09.2025;16:20:00;9787.5;9799.7;9775.6;9782.7;10510.0;9856.8
11.09.2025;16:30:00;9784.1;9798.9;9783.2;9797.7;7659.0;9855.66
11.09.2025;16:40:00;9797.8;9799.9;9792.6;9795.8;2392.0;9854.5314
11.09.2025;16:50:00;9795.1;9795.8;9785.5;9785.5;8769.0;9853.414086
11.09.2025;17:00:00;9786.3;9793.1;9781.2;9793.1;5656.0;9852.30794514
11.09.2025;17:10:00;9793.5;9808.5;9789.8;9805.1;14172.0;9851.2128656886
11.09.2025;17:20:00;9804.6;9809.9;9799.4;9806.5;9235.0;9850.1287370317
11.09.2025;17:30:00;9806.5;9826.4;9800.1;9815.2;16940.0;9849.0554496614
11.09.2025;17:40:00;9816.5;9821.6;9797.0;9814.4;8782.0;9847.9928951648
11.09.2025;17:50:00;9814.6;9827.5;9810.0;9816.3;12973.0;9846.9409662131
11.09.2025;18:00:00;9817.0;9838.5;9814.6;9832.6;13517.0;9845.899556551
11.09.2025;18:10:00;9832.0;9847.0;9828.7;9847.0;11807.0;9742.8
11.09.2025;18:20:00;9847.0;9862.0;9846.2;9852.1;14802.0;9744.884
11.09.2025;18:30:00;9852.2;9852.2;9828.6;9832.8;10852.0;9746.05516
11.09.2025;18:40:00;9832.8;9833.3;9824.4;9826.0;4756.0;9747.2146084
11.09.2025;19:00:00;9831.0;9853.7;9824.6;9853.7;10770.0;9748.362462316
11.09.2025;19:10:00;9852.2;9860.0;9840.0;9843.5;10125.0;9749.4988376928
11.09.2025;19:20:00;9843.4;9847.8;9837.8;9847.8;3483.0;9750.6238493159
11.09.2025;19:30:00;9847.8;9856.7;9841.9;9851.4;3296.0;9751.7376108228
11.09.2025;19:40:00;9851.4;9852.8;9837.8;9845.5;2202.0;9752.8402347145
11.09.2025;19:50:00;9845.1;9846.6;9840.1;9843.2;856.0;9753.9318323674
11.09.2025;20:00:00;9843.1;9843.2;9824.5;9824.5;6275.0;9755.0125140437
11.09.2025;20:10:00;9824.4;9833.3;9824.3;9833.3;2378.0;9756.0823889033
11.09.2025;20:20:00;9831.8;9840.0;9831.7;9836.9;4581.0;9757.1415650142
11.09.2025;20:30:00;9837.1;9839.7;9833.3;9833.4;771.0;9758.1901493641
11.09.2025;20:40:00;9834.6;9834.6;9830.8;9830.9;712.0;9759.2282478705
11.09.2025;20:50:00;9833.3;9838.0;9830.0;9830.0;1344.0;9760.2559653917
11.09.2025;21:00:00;9830.0;9836.7;9827.8;9833.9;2052.0;9761.2734057378
11.09.2025;21:10:00;9836.0;9840.0;9826.7;9828.1;3443.0;9762.2806716805
11.09.2025;21:20:00;9827.7;9832.3;9826.4;9830.1;1489.0;9763.2778649636
11.09.2025;21:30:00;9829.1;9829.9;9828.1;9828.6;1378.0;9764.265086314
11.09.2025;21:40:00;9828.5;9830.8;9828.5;9830.8;673.0;9765.2424354509
11.09.2025;21:50:00;9831.5;9833.0;9830.6;9833.0;294.0;9766.2100110964
11.09.2025;22:00:00;9833.0;9834.9;9833.0;9834.9;233.0;9767.1679109854
11.09.2025;22:10:00;9834.9;9835.0;9832.7;9835.0;1041.0;9768.1162318755
11.09.2025;22:20:00;9835.0;9835.0;9832.7;9833.0;571.0;9769.0550695568
11.09.2025;22:30:00;9833.0;9835.0;9833.0;9834.9;478.0;9769.9845188612
11.09.2025;22:40:00;9835.0;9843.4;9835.0;9839.1;2245.0;9770.9046736726
11.09.2025;22:50:00;9841.7;9843.6;9839.6;9840.1;1242.0;9771.8156269359
11.09.2025;23:00:00;9841.9;9846.9;9841.0;9843.6;1904.0;9772.7174706665
11.09.2025;23:10:00;9843.6;9843.6;9842.0;9842.0;715.0;9773.6102959599
11.09.2025;23:20:00;9841.9;9841.9;9836.2;9836.2;795.0;9774.4941930003
11.09.2025;23:30:00;9835.0;9835.5;9824.1;9825.0;3772.0;9775.3692510703
11.09.2025;23:40:00;9826.1;9842.0;9825.0;9838.0;2052.0;9776.2355585596
12.09.2025;08:50:00;9870.8;9870.8;9870.8;9870.8;3103.0;9777.093202974
12.09.2025;09:00:00;9871.0;9900.0;9870.0;9883.5;18257.0;9778.0302709442
12.09.2025;09:10:00;9883.5;9901.9;9878.9;9899.4;16421.0;9779.2499682348
12.09.2025;09:20:00;9899.4;9901.0;9891.6;9897.3;5300.0;9780.4764685524
12.09.2025;09:30:00;9898.9;9899.3;9881.5;9887.5;3895.0;9781.6907038669
12.09.2025;09:40:00;9887.0;9890.1;9879.1;9888.4;4100.0;9782.8927968282
12.09.2025;09:50:00;9888.5;9889.4;9861.2;9872.3;8305.0;9784.08286886
12.09.2025;10:00:00;9872.0;9886.2;9824.1;9865.0;33969.0;9785.2610401714
12.09.2025;10:10:00;9865.0;9865.7;9853.4;9854.6;22543.0;9786.4274297696
12.09.2025;10:20:00;9854.6;9856.8;9842.6;9854.5;8092.0;9787.5821554719
12.09.2025;10:30:00;9854.7;9855.0;9831.0;9833.7;15345.0;9788.7253339172
12.09.2025;10:40:00;9833.6;9837.0;9815.0;9824.1;14920.0;9789.857080578
12.09.2025;10:50:00;9824.1;9839.8;9823.0;9834.0;9281.0;9790.9775097723
12.09.2025;11:00:00;9831.8;9834.1;9660.1;9791.7;70256.0;9901.9
12.09.2025;11:10:00;9791.7;9802.9;9781.7;9796.7;27472.0;9897.064
12.09.2025;11:20:00;9796.7;9797.6;9786.3;9794.8;9168.0;9892.32472
12.09.2025;11:30:00;9792.2;9804.2;9787.1;9801.0;9617.0;9887.6802256
12.09.2025;11:40:00;9801.6;9813.5;9801.6;9803.5;6873.0;9883.128621088
12.09.2025;11:50:00;9803.1;9810.6;9798.9;9809.5;6377.0;9878.6680486662
12.09.2025;12:00:00;9807.8;9810.3;9791.1;9797.7;8543.0;9874.2966876929
12.09.2025;12:10:00;9797.7;9802.9;9794.8;9801.4;2843.0;9870.0127539391
12.09.2025;12:20:00;9801.3;9809.0;9797.4;9802.0;2208.0;9865.8144988603
12.09.2025;12:30:00;9801.2;9808.2;9797.9;9807.9;2675.0;9861.7002088831
12.09.2025;12:40:00;9807.9;9827.9;9807.4;9822.6;8774.0;9857.6682047054
12.09.2025;12:50:00;9822.6;9829.0;9816.8;9823.6;2903.0;9853.7168406113
12.09.2025;13:00:00;9825.0;9831.1;9821.0;9825.0;5936.0;9849.8445037991
12.09.2025;13:10:00;9826.1;9848.9;9824.8;9847.7;6468.0;9660.1
12.09.2025;13:20:00;9847.1;9854.8;9840.3;9841.5;6109.0;9663.876
12.09.2025;13:30:00;9843.1;9843.5;9777.0;9783.1;38608.0;9665.78524
12.09.2025;13:40:00;9782.4;9814.4;9777.7;9781.7;22364.0;9667.6753876
12.09.2025;13:50:00;9780.5;9795.0;9771.1;9790.1;16566.0;9669.546633724
12.09.2025;14:00:00;9786.2;9788.5;9757.0;9758.0;23363.0;9671.3991673868
12.09.2025;14:10:00;9758.2;9776.8;9744.4;9747.0;26174.0;9673.2331757129
12.09.2025;14:20:00;9747.0;9764.0;9744.2;9744.2;15230.0;9675.0488439558
12.09.2025;14:30:00;9744.4;9751.5;9734.2;9734.3;15084.0;9676.8463555162
12.09.2025;14:40:00;9734.4;9749.9;9727.6;9746.2;14693.0;9678.625891961
12.09.2025;14:50:00;9747.2;9749.2;9738.1;9739.5;10303.0;9680.3876330414
12.09.2025;15:00:00;9740.4;9758.6;9730.0;9732.9;18440.0;9682.131756711
12.09.2025;15:10:00;9732.9;9746.8;9720.6;9745.8;12961.0;9683.8584391439
12.09.2025;15:20:00;9745.0;9748.3;9732.3;9742.8;7880.0;9685.5678547525
12.09.2025;15:30:00;9743.3;9754.2;9732.8;9733.7;9611.0;9687.2601762049
12.09.2025;15:40:00;9735.9;9756.9;9735.0;9751.3;10100.0;9688.9355744429
12.09.2025;15:50:00;9752.9;9764.8;9749.8;9762.2;9910.0;9690.5942186985
12.09.2025;16:00:00;9760.6;9773.5;9755.6;9773.5;9703.0;9692.2362765115
12.09.2025;16:10:00;9772.4;9776.8;9772.0;9775.0;3636.0;9693.8619137464
12.09.2025;16:20:00;9775.0;9780.0;9774.9;9775.6;5430.0;9695.4712946089
12.09.2025;16:30:00;9777.5;9778.3;9774.2;9777.4;5624.0;9697.0645816628
12.09.2025;16:40:00;9778.0;9783.5;9775.2;9778.5;6008.0;9698.6419358462
12.09.2025;16:50:00;9779.0;9782.2;9777.0;9777.1;3209.0;9700.2035164877
12.09.2025;17:00:00;9778.2;9780.8;9775.4;9776.1;10249.0;9701.7494813228
12.09.2025;17:10:00;9776.0;9779.9;9763.8;9767.7;11285.0;9703.2799865096
12.09.2025;17:20:00;9768.8;9772.8;9765.3;9766.8;4315.0;9704.7951866445
12.09.2025;17:30:00;9766.3;9768.7;9761.5;9765.0;2522.0;9706.2952347781
12.09.2025;17:40:00;9764.6;9764.9;9741.1;9744.6;8072.0;9707.7802824303
12.09.2025;17:50:00;9744.1;9746.4;9736.5;9739.6;7645.0;9709.250479606
12.09.2025;18:00:00;9738.2;9738.7;9731.0;9733.8;7972.0;9710.7059748099
12.09.2025;18:10:00;9733.4;9738.3;9725.0;9731.8;6510.0;9712.1469150618
12.09.2025;18:20:00;9731.0;9738.2;9729.5;9736.9;3254.0;9713.5734459112
12.09.2025;18:30:00;9736.6;9737.2;9731.2;9732.3;4549.0;9714.9857114521
12.09.2025;18:40:00;9732.3;9733.3;9728.9;9730.7;5769.0;9716.3838543376
12.09.2025;19:00:00;9732.5;9750.0;9731.0;9747.8;4301.0;9717.7680157942
12.09.2025;19:10:00;9747.4;9759.0;9743.9;9756.9;1695.0;9719.1383356363
12.09.2025;19:20:00;9755.5;9763.0;9755.5;9760.2;1308.0;9720.4949522799
12.09.2025;19:30:00;9761.0;9763.8;9755.2;9758.6;1259.0;9721.8380027571
12.09.2025;19:40:00;9757.1;9759.2;9743.0;9746.0;2469.0;9723.1676227295
12.09.2025;19:50:00;9746.0;9746.0;9738.8;9743.7;7171.0;9724.4839465022
12.09.2025;20:00:00;9743.7;9745.8;9737.9;9742.2;720.0;9725.7871070372
12.09.2025;20:10:00;9741.1;9747.5;9741.1;9746.0;1249.0;9727.0772359668
12.09.2025;20:20:00;9746.3;9747.4;9744.1;9744.1;1176.0;9728.3544636072
12.09.2025;20:30:00;9744.7;9748.3;9744.1;9746.6;701.0;9729.6189189711
12.09.2025;20:40:00;9745.4;9749.9;9742.9;9748.3;1327.0;9730.8707297814
12.09.2025;20:50:00;9749.2;9749.2;9742.4;9743.5;511.0;9732.1100224836
12.09.2025;21:00:00;9742.6;9746.0;9741.0;9742.1;1651.0;9733.3369222587
12.09.2025;21:10:00;9742.1;9742.1;9735.1;9737.5;1099.0;9734.5515530361
12.09.2025;21:20:00;9735.7;9738.4;9735.2;9737.7;1355.0;9854.8
12.09.2025;21:30:00;9737.6;9739.7;9735.2;9739.0;998.0;9852.408
12.09.2025;21:40:00;9738.9;9744.8;9737.1;9744.1;1265.0;9850.06384
12.09.2025;21:50:00;9741.5;9749.8;9741.4;9749.8;1523.0;9847.7665632
12.09.2025;22:00:00;9749.8;9750.0;9745.8;9749.0;1317.0;9845.515231936
12.09.2025;22:10:00;9749.7;9750.0;9740.8;9742.7;726.0;9843.3089272973
12.09.2025;22:20:00;9741.1;9745.8;9740.4;9742.8;780.0;9841.1467487513
12.09.2025;22:30:00;9743.0;9746.6;9737.7;9740.4;818.0;9839.0278137763
12.09.2025;22:40:00;9740.4;9745.4;9740.4;9744.1;209.0;9836.9512575008
12.09.2025;22:50:00;9742.0;9742.0;9739.6;9739.7;90.0;9834.9162323508
12.09.2025;23:00:00;9739.7;9742.8;9738.6;9738.6;843.0;9832.9219077038
12.09.2025;23:10:00;9738.6;9739.5;9735.1;9736.8;1797.0;9830.9674695497
12.09.2025;23:20:00;9735.1;9737.0;9734.0;9737.0;1194.0;9830.0087948542
12.09.2025;23:30:00;9736.9;9740.8;9734.2;9740.0;408.0;9829.0487069056
12.09.2025;23:40:00;9737.2;9742.0;9735.5;9735.7;1377.0;9828.0982198366
13.09.2025;09:50:00;9735.0;9735.0;9735.0;9735.0;3.0;9827.1572376382
13.09.2025;10:00:00;9735.0;9800.0;9731.2;9765.0;5097.0;9826.2256652618
13.09.2025;10:10:00;9761.6;9772.8;9758.0;9770.0;305.0;9825.2754086092
13.09.2025;10:20:00;9769.6;9769.6;9762.8;9764.0;180.0;9824.3346545231
13.09.2025;10:30:00;9764.0;9769.0;9762.7;9763.2;149.0;9823.4033079779
13.09.2025;10:40:00;9766.5;9769.0;9762.0;9762.0;278.0;9822.4812748981
13.09.2025;10:50:00;9762.1;9768.9;9761.1;9761.6;369.0;9821.5684621491
13.09.2025;11:00:00;9764.9;9769.0;9761.6;9763.0;199.0;9820.6647775276
13.09.2025;11:10:00;9762.6;9769.0;9761.6;9767.0;310.0;9819.7701297524
13.09.2025;11:20:00;9761.8;9766.4;9761.6;9766.0;37.0;9818.8844284548
13.09.2025;11:30:00;9762.0;9763.0;9761.1;9763.0;235.0;9818.0075841703
13.09.2025;11:40:00;9761.1;9761.1;9761.1;9761.1;2.0;9817.1395083286
13.09.2025;11:50:00;9762.6;9762.6;9759.3;9759.3;534.0;9816.2801132453
13.09.2025;12:00:00;9759.3;9761.0;9744.0;9744.0;583.0;9815.4293121128
13.09.2025;12:10:00;9758.8;9758.8;9744.7;9754.8;44.0;9814.5870189917
13.09.2025;12:20:00;9755.0;9757.6;9752.5;9753.0;98.0;9813.7531488018
13.09.2025;12:30:00;9752.5;9753.2;9747.5;9753.2;61.0;9812.9276173138
13.09.2025;12:40:00;9747.0;9753.5;9747.0;9750.0;255.0;9812.1103411406
13.09.2025;12:50:00;9747.0;9748.0;9747.0;9747.0;26.0;9811.3012377292
13.09.2025;13:00:00;9749.9;9749.9;9747.7;9749.7;44.0;9810.5002253519
13.09.2025;13:10:00;9747.1;9750.0;9747.1;9749.7;160.0;9809.7072230984
13.09.2025;13:20:00;9750.0;9750.0;9747.4;9749.6;28.0;9808.9221508674
13.09.2025;13:30:00;9747.8;9749.8;9747.8;9749.8;5.0;9808.1449293588
13.09.2025;13:40:00;9749.8;9749.8;9749.8;9749.8;3.0;9807.3754800652
13.09.2025;13:50:00;9748.1;9750.0;9744.7;9750.0;234.0;9806.6137252645
13.09.2025;14:00:00;9744.9;9749.6;9744.9;9745.2;18.0;9805.8595880119
13.09.2025;14:10:00;9749.6;9750.0;9749.6;9750.0;22.0;9805.1129921318
13.09.2025;14:20:00;9749.7;9750.0;9742.8;9744.0;242.0;9804.3738622104
13.09.2025;14:30:00;9744.0;9750.0;9744.0;9744.9;607.0;9803.6421235883
13.09.2025;14:40:00;9745.0;9750.0;9745.0;9745.4;19.0;9802.9177023525
13.09.2025;14:50:00;9749.9;9749.9;9749.9;9749.9;4.0;9802.2005253289
13.09.2025;15:10:00;9749.9;9749.9;9749.9;9749.9;1.0;9801.4905200756
13.09.2025;15:20:00;9749.9;9749.9;9746.8;9749.4;8.0;9800.7876148749
13.09.2025;15:30:00;9749.4;9750.0;9749.4;9750.0;67.0;9800.0917387261
13.09.2025;15:40:00;9750.0;9757.0;9750.0;9754.4;194.0;9799.4028213389
13.09.2025;15:50:00;9753.0;9754.0;9750.0;9750.0;11.0;9798.7207931255
13.09.2025;16:00:00;9752.8;9754.0;9746.0;9747.1;43.0;9798.0455851942
13.09.2025;16:10:00;9754.0;9754.1;9747.0;9747.3;11.0;9797.3771293423
13.09.2025;16:20:00;9747.3;9753.6;9746.7;9752.4;184.0;9796.7153580489
13.09.2025;16:30:00;9746.8;9746.8;9746.8;9746.8;2.0;9796.0602044684
13.09.2025;16:40:00;9750.0;9751.6;9746.0;9746.1;60.0;9795.4116024237
13.09.2025;16:50:00;9746.6;9753.6;9746.6;9753.6;11.0;9794.7694863995
13.09.2025;17:00:00;9747.6;9752.4;9747.6;9752.4;6.0;9794.1337915355
13.09.2025;17:10:00;9752.8;9752.8;9752.8;9752.8;3.0;9793.5044536201
13.09.2025;17:20:00;9752.7;9752.7;9748.1;9751.8;6.0;9792.8814090839
13.09.2025;17:30:00;9751.4;9751.4;9748.2;9748.2;22.0;9792.2645949931
13.09.2025;17:40:00;9750.9;9751.4;9748.2;9751.4;247.0;9791.6539490431
13.09.2025;17:50:00;9751.4;9757.4;9746.8;9752.8;1550.0;9791.0494095527
13.09.2025;18:00:00;9755.1;9757.0;9755.1;9756.0;53.0;9790.4509154572
13.09.2025;18:10:00;9756.0;9756.0;9755.0;9756.0;24.0;9789.8584063026
13.09.2025;18:20:00;9756.0;9756.0;9735.2;9740.6;1442.0;9789.2718222396
13.09.2025;18:30:00;9740.5;9742.7;9740.0;9740.0;111.0;9788.6911040172
13.09.2025;18:40:00;9740.5;9744.0;9740.5;9743.9;69.0;9788.116192977
13.09.2025;18:50:00;9743.0;9743.9;9740.2;9740.2;12.0;9787.5470310472
14.09.2025;09:50:00;9741.5;9741.5;9741.5;9741.5;5.0;9786.9835607368
14.09.2025;10:00:00;9741.5;9749.9;9740.6;9747.0;141.0;9786.4257251294
14.09.2025;10:10:00;9746.5;9760.0;9746.5;9757.0;371.0;9785.8734678781
14.09.2025;10:20:00;9745.6;9749.9;9742.0;9749.9;32.0;9785.3267331993
14.09.2025;10:30:00;9747.4;9747.5;9742.5;9743.1;25.0;9784.7854658673
14.09.2025;10:40:00;9747.0;9751.1;9747.0;9751.1;61.0;9784.2496112087
14.09.2025;10:50:00;9743.6;9765.5;9743.0;9760.8;984.0;9783.7191150966
14.09.2025;11:00:00;9759.9;9767.2;9742.8;9757.5;2284.0;9783.1939239456
14.09.2025;11:10:00;9751.1;9756.9;9747.5;9754.4;97.0;9782.6739847061
14.09.2025;11:20:00;9754.4;9755.9;9747.2;9754.3;114.0;9782.1592448591
14.09.2025;11:30:00;9753.9;9753.9;9747.3;9747.3;13.0;9781.6496524105
14.09.2025;11:40:00;9747.6;9755.0;9747.3;9754.5;101.0;9781.1451558864
14.09.2025;11:50:00;9748.1;9754.5;9748.1;9753.4;28.0;9780.6457043275
14.09.2025;12:00:00;9753.1;9753.1;9748.9;9752.5;24.0;9780.1512472843
14.09.2025;12:10:00;9752.5;9752.5;9752.5;9752.5;9.0;9779.6617348114
14.09.2025;12:20:00;9752.0;9752.5;9750.0;9750.0;186.0;9779.1771174633
14.09.2025;12:30:00;9749.5;9750.0;9749.5;9749.5;13.0;9778.6973462887
14.09.2025;12:40:00;9749.0;9749.5;9749.0;9749.5;7.0;9778.2223728258
14.09.2025;12:50:00;9749.5;9750.0;9748.6;9750.0;171.0;9777.7521490975
14.09.2025;13:00:00;9750.0;9750.0;9748.2;9748.2;137.0;9777.2866276065
14.09.2025;13:10:00;9748.7;9748.7;9748.2;9748.7;14.0;9776.8257613305
14.09.2025;13:20:00;9748.2;9748.7;9745.0;9745.0;58.0;9776.3695037172
14.09.2025;13:30:00;9745.0;9748.6;9745.0;9745.0;45.0;9775.91780868
14.09.2025;13:40:00;9748.7;9752.8;9745.5;9745.5;110.0;9775.4706305932
14.09.2025;13:50:00;9751.2;9751.4;9751.2;9751.4;2.0;9775.0279242873
14.09.2025;14:00:00;9745.5;9752.2;9745.5;9751.9;52.0;9774.5896450444
14.09.2025;14:10:00;9752.0;9752.0;9745.6;9751.9;4.0;9774.155748594
14.09.2025;14:30:00;9748.0;9751.5;9745.0;9750.7;73.0;9773.726191108
14.09.2025;14:40:00;9745.5;9751.8;9745.2;9746.1;44.0;9773.3009291969
14.09.2025;14:50:00;9750.9;9751.0;9746.0;9751.0;70.0;9772.879919905
14.09.2025;15:00:00;9747.0;9750.5;9746.5;9750.5;36.0;9772.4631207059
14.09.2025;15:10:00;9747.1;9750.5;9747.1;9750.5;24.0;9772.0504894989
14.09.2025;15:20:00;9747.6;9751.0;9742.5;9747.1;909.0;9771.6419846039
14.09.2025;15:30:00;9747.3;9750.0;9746.0;9749.9;48.0;9771.2375647578
14.09.2025;15:40:00;9749.9;9751.0;9749.9;9751.0;128.0;9770.8371891103
14.09.2025;15:50:00;9748.0;9750.9;9748.0;9750.9;9.0;9770.4408172191
14.09.2025;16:00:00;9750.8;9750.8;9747.6;9750.0;23.0;9770.048409047
14.09.2025;16:10:00;9748.0;9750.0;9747.5;9748.0;15.0;9769.6599249565
14.09.2025;16:20:00;9750.0;9750.0;9750.0;9750.0;11.0;9769.2753257069
14.09.2025;16:30:00;9749.9;9750.6;9749.9;9750.6;79.0;9768.8945724499
14.09.2025;16:40:00;9750.0;9750.4;9750.0;9750.4;42.0;9768.5176267254
14.09.2025;17:00:00;9746.4;9750.0;9746.4;9750.0;54.0;9768.1444504581
14.09.2025;17:10:00;9746.7;9750.1;9746.7;9750.1;23.0;9767.7750059535
14.09.2025;17:20:00;9750.1;9750.1;9750.1;9750.1;1.0;9767.409255894
14.09.2025;17:30:00;9747.0;9750.1;9746.7;9746.7;12.0;9767.047163335
14.09.2025;17:40:00;9746.7;9750.0;9745.6;9745.7;68.0;9766.6886917017
14.09.2025;17:50:00;9750.0;9750.0;9746.0;9746.0;29.0;9766.3338047847
14.09.2025;18:00:00;9746.0;9759.3;9742.0;9756.5;1243.0;9765.9824667368
14.09.2025;18:10:00;9747.0;9755.5;9747.0;9755.0;38.0;9765.6346420695
14.09.2025;18:20:00;9750.6;9756.0;9749.0;9756.0;15.0;9765.2902956488
14.09.2025;18:30:00;9749.0;9749.5;9744.0;9749.0;33.0;9764.9493926923
14.09.2025;18:40:00;9749.0;9754.5;9745.5;9754.3;59.0;9764.6118987654
14.09.2025;18:50:00;9754.2;9754.4;9754.2;9754.4;103.0;9764.2777797777
15.09.2025;08:50:00;9745.0;9745.0;9745.0;9745.0;156.0;9763.9470019799
15.09.2025;09:00:00;9745.0;9745.0;9701.0;9703.1;10506.0;9763.6195319601
15.09.2025;09:10:00;9703.0;9710.6;9683.1;9688.7;11695.0;9762.9933366405
15.09.2025;09:20:00;9689.4;9695.6;9677.0;9688.8;10764.0;9762.1944032741
15.09.2025;09:30:00;9686.1;9709.9;9680.0;9699.9;5598.0;9761.3424592414
15.09.2025;09:40:00;9699.9;9702.3;9690.0;9692.4;3229.0;9760.499034649
15.09.2025;09:50:00;9692.5;9702.5;9685.0;9685.0;3045.0;9759.6640443025
15.09.2025;10:00:00;9685.0;9685.8;9663.1;9665.8;28485.0;9758.8374038595
15.09.2025;10:10:00;9665.0;9668.1;9651.4;9651.7;9908.0;9757.8800298209
15.09.2025;10:20:00;9651.8;9654.6;9631.0;9634.6;24919.0;9756.8152295226
15.09.2025;10:30:00;9631.6;9646.4;9628.5;9642.5;20788.0;9755.5570772274
15.09.2025;10:40:00;9643.0;9652.8;9638.1;9651.8;18459.0;9754.2865064551
15.09.2025;10:50:00;9652.7;9660.0;9652.7;9653.5;6678.0;9753.0286413906
15.09.2025;11:00:00;9652.9;9663.7;9649.7;9658.5;6597.0;9751.7833549767
15.09.2025;11:10:00;9659.6;9664.7;9653.0;9653.4;7164.0;9750.5505214269
15.09.2025;11:20:00;9653.4;9653.4;9639.1;9641.2;12125.0;9749.3300162127
15.09.2025;11:30:00;9642.7;9647.4;9632.0;9635.0;12575.0;9748.1217160505
15.09.2025;11:40:00;9636.0;9639.2;9623.4;9623.4;10201.0;9746.92549889
15.09.2025;11:50:00;9624.2;9631.4;9623.3;9624.8;19205.0;9745.6902439011
15.09.2025;12:00:00;9624.0;9627.0;9614.0;9623.2;18587.0;9744.4663414621
15.09.2025;12:10:00;9623.1;9624.0;9603.0;9607.6;15169.0;9743.1616780475
15.09.2025;12:20:00;9606.2;9607.8;9597.6;9603.1;26318.0;9741.760061267
15.09.2025;12:30:00;9602.1;9602.2;9571.0;9576.9;32753.0;9740.3184606543
15.09.2025;12:40:00;9575.8;9577.0;9558.1;9566.5;48349.0;9738.6252760478
15.09.2025;12:50:00;9566.5;9566.5;9550.0;9552.9;16808.0;9736.8200232873
15.09.2025;13:00:00;9552.9;9566.0;9547.0;9563.2;18014.0;9734.9518230544
15.09.2025;13:10:00;9563.2;9589.3;9562.2;9573.6;23952.0;9733.0723048239
15.09.2025;13:20:00;9572.0;9592.0;9569.0;9588.7;8516.0;9731.2115817757
15.09.2025;13:30:00;9588.5;9607.0;9586.7;9596.6;20555.0;9729.3694659579
15.09.2025;13:40:00;9596.6;9598.5;9574.4;9575.1;8041.0;9727.5457712983
15.09.2025;13:50:00;9574.9;9575.7;9563.7;9575.7;10499.0;9725.7403135853
15.09.2025;14:00:00;9575.9;9575.9;9565.1;9572.4;7079.0;9723.9529104495
15.09.2025;14:10:00;9572.0;9578.4;9569.9;9575.0;5523.0;9722.183381345
15.09.2025;14:20:00;9577.2;9583.1;9574.9;9579.2;5412.0;9720.4315475315
15.09.2025;14:30:00;9579.8;9593.0;9575.6;9589.1;5962.0;9718.6972320562
15.09.2025;14:40:00;9588.2;9590.7;9578.2;9584.1;9705.0;9716.9802597357
15.09.2025;14:50:00;9583.8;9596.9;9583.3;9591.7;17979.0;9715.2804571383
15.09.2025;15:00:00;9591.9;9598.0;9585.6;9590.8;9200.0;9713.5976525669
15.09.2025;15:10:00;9590.3;9595.0;9573.2;9593.7;13060.0;9711.9316760413
15.09.2025;15:20:00;9593.7;9604.5;9588.0;9598.7;8312.0;9710.2823592808
15.09.2025;15:30:00;9599.4;9615.6;9591.7;9610.8;15340.0;9708.649535688
15.09.2025;15:40:00;9611.2;9615.7;9603.9;9608.3;6098.0;9707.0330403312
15.09.2025;15:50:00;9607.3;9608.0;9594.4;9599.8;10719.0;9705.4327099278
15.09.2025;16:00:00;9599.8;9622.5;9598.3;9622.5;13815.0;9703.8483828286
15.09.2025;16:10:00;9621.6;9634.6;9612.2;9624.6;23567.0;9702.2798990003
15.09.2025;16:20:00;9622.4;9632.7;9620.5;9630.0;11420.0;9700.7271000103
15.09.2025;16:30:00;9630.6;9644.4;9623.3;9642.9;11351.0;9699.1898290102
15.09.2025;16:40:00;9642.8;9655.8;9638.9;9647.4;20110.0;9697.6679307201
15.09.2025;16:50:00;9647.6;9648.4;9629.0;9629.7;13525.0;9696.1612514129
15.09.2025;17:00:00;9629.9;9633.8;9622.4;9630.9;9968.0;9694.6696388987
15.09.2025;17:10:00;9631.0;9632.8;9622.4;9624.1;4230.0;9693.1929425098
15.09.2025;17:20:00;9622.8;9631.9;9622.8;9628.9;9249.0;9691.7310130847
15.09.2025;17:30:00;9628.9;9632.7;9626.6;9631.9;3435.0;9690.2837029538
15.09.2025;17:40:00;9631.0;9632.7;9623.6;9627.2;6780.0;9688.8508659243
15.09.2025;17:50:00;9627.2;9646.7;9627.2;9643.8;11649.0;9687.432357265
15.09.2025;18:00:00;9643.3;9648.4;9640.6;9645.8;6135.0;9686.0280336924
15.09.2025;18:10:00;9646.0;9648.6;9632.2;9639.0;8937.0;9684.6377533555
15.09.2025;18:20:00;9638.9;9646.0;9638.9;9642.5;3668.0;9683.2613758219
15.09.2025;18:30:00;9643.6;9648.0;9643.2;9648.0;3304.0;9681.8987620637
15.09.2025;18:40:00;9648.0;9658.7;9648.0;9658.1;3722.0;9680.5497744431
15.09.2025;19:00:00;9658.9;9687.8;9658.2;9687.1;7972.0;9547.0
15.09.2025;19:10:00;9687.1;9690.0;9679.8;9682.6;5503.0;9549.816
15.09.2025;19:20:00;9682.6;9686.1;9678.9;9685.1;5545.0;9551.21784
15.09.2025;19:30:00;9685.1;9689.6;9665.5;9666.0;7005.0;9552.6056616
15.09.2025;19:40:00;9666.7;9680.2;9663.5;9669.2;4908.0;9553.979604984
15.09.2025;19:50:00;9671.7;9680.2;9668.8;9678.5;1401.0;9555.3398089342
15.09.2025;20:00:00;9678.9;9683.4;9676.3;9681.1;2379.0;9556.6864108448
15.09.2025;20:10:00;9681.2;9682.6;9668.9;9674.5;2774.0;9558.0195467364
15.09.2025;20:20:00;9675.9;9679.0;9674.0;9676.3;1259.0;9559.339351269
15.09.2025;20:30:00;9676.3;9681.2;9676.2;9679.0;622.0;9560.6459577563
15.09.2025;20:40:00;9681.1;9681.2;9674.0;9678.4;1291.0;9561.9394981788
15.09.2025;20:50:00;9679.1;9683.2;9678.3;9682.2;861.0;9563.220103197
15.09.2025;21:00:00;9682.1;9686.0;9682.1;9683.5;660.0;9564.487902165
15.09.2025;21:10:00;9683.9;9683.9;9671.0;9672.1;2680.0;9565.7430231433
15.09.2025;21:20:00;9672.1;9675.0;9669.0;9674.4;2030.0;9566.9855929119
15.09.2025;21:30:00;9675.0;9675.0;9671.2;9674.3;2296.0;9568.2157369828
15.09.2025;21:40:00;9674.2;9674.2;9663.1;9664.5;2034.0;9569.433579613
15.09.2025;21:50:00;9665.3;9667.2;9663.0;9667.2;528.0;9570.6392438168
15.09.2025;22:00:00;9666.9;9674.9;9665.0;9670.7;266.0;9571.8328513787
15.09.2025;22:10:00;9670.5;9674.0;9667.5;9674.0;1020.0;9573.0145228649
15.09.2025;22:20:00;9673.9;9675.5;9671.4;9675.2;281.0;9574.1843776362
15.09.2025;22:30:00;9673.4;9679.4;9673.4;9677.4;460.0;9575.3425338599
15.09.2025;22:40:00;9679.7;9682.9;9679.7;9682.9;269.0;9576.4891085213
15.09.2025;22:50:00;9683.0;9684.0;9675.9;9675.9;1294.0;9577.6242174361
15.09.2025;23:00:00;9678.8;9679.9;9671.8;9679.0;637.0;9578.7479752617
15.09.2025;23:10:00;9677.4;9685.0;9677.2;9683.5;1968.0;9579.8604955091
15.09.2025;23:20:00;9681.0;9683.2;9680.4;9683.2;149.0;9580.961890554
15.09.2025;23:30:00;9683.2;9684.9;9681.4;9682.9;306.0;9582.0522716484
15.09.2025;23:40:00;9682.4;9684.9;9681.4;9684.0;484.0;9583.131748932
16.09.2025;08:50:00;9671.0;9671.0;9671.0;9671.0;25.0;9584.2004314426
16.09.2025;09:00:00;9673.0;9681.4;9640.4;9651.2;8275.0;9585.2584271282
16.09.2025;09:10:00;9651.4;9659.0;9651.3;9659.0;4757.0;9586.3058428569
16.09.2025;09:20:00;9659.0;9679.7;9658.6;9661.6;8142.0;9587.3427844284
16.09.2025;09:30:00;9660.8;9674.3;9655.5;9670.7;1598.0;9588.3693565841
16.09.2025;09:40:00;9670.7;9680.9;9667.0;9668.1;7565.0;9589.3856630182
16.09.2025;09:50:00;9668.0;9693.3;9654.7;9693.3;9045.0;9590.3918063881
16.09.2025;10:00:00;9690.5;9694.4;9665.0;9685.8;14106.0;9591.4208883242
16.09.2025;10:10:00;9685.8;9727.6;9681.1;9727.5;32248.0;9592.4506794409
16.09.2025;10:20:00;9727.5;9739.7;9720.5;9724.6;39103.0;9593.8021726465
16.09.2025;10:30:00;9724.7;9740.9;9717.7;9719.2;41008.0;9595.2611509201
16.09.2025;10:40:00;9721.5;9724.2;9705.1;9721.4;12947.0;9596.7175394109
16.09.2025;10:50:00;9722.9;9723.1;9696.5;9700.7;12293.0;9598.1593640168
16.09.2025;11:00:00;9701.6;9707.3;9696.6;9703.2;5112.0;9599.5867703766
16.09.2025;11:10:00;9702.7;9722.1;9702.5;9713.5;9657.0;9600.9999026728
16.09.2025;11:20:00;9713.0;9714.2;9706.2;9709.1;6122.0;9602.3989036461
16.09.2025;11:30:00;9707.9;9712.0;9699.7;9710.0;4136.0;9603.7839146096
16.09.2025;11:40:00;9710.6;9713.3;9700.3;9702.0;9128.0;9605.1550754635
16.09.2025;11:50:00;9702.2;9708.5;9699.6;9708.5;4954.0;9606.5125247089
16.09.2025;12:00:00;9707.7;9713.1;9689.5;9700.5;10694.0;9607.8563994618
16.09.2025;12:10:00;9700.8;9705.4;9695.0;9701.2;3662.0;9609.1868354672
16.09.2025;12:20:00;9700.3;9700.3;9685.0;9692.0;6841.0;9610.5039671125
16.09.2025;12:30:00;9691.0;9705.5;9689.2;9702.2;6235.0;9611.8079274414
16.09.2025;12:40:00;9704.0;9707.0;9699.1;9705.5;9918.0;9613.098848167
16.09.2025;12:50:00;9705.0;9728.0;9705.0;9723.9;9712.0;9614.3768596853
16.09.2025;13:00:00;9725.1;9732.7;9725.1;9732.6;5337.0;9615.6420910885
16.09.2025;13:10:00;9732.3;9739.0;9731.2;9736.0;6623.0;9616.8946701776
16.09.2025;13:20:00;9736.2;9740.2;9727.5;9730.2;12687.0;9618.1347234758
16.09.2025;13:30:00;9729.3;9735.5;9727.1;9730.7;6349.0;9619.362376241
16.09.2025;13:40:00;9729.5;9734.9;9727.9;9734.7;4654.0;9620.5777524786
16.09.2025;13:50:00;9735.0;9738.0;9731.3;9734.6;4149.0;9621.7809749538
16.09.2025;14:00:00;9733.1;9736.2;9728.9;9731.3;4421.0;9622.9721652043
16.09.2025;14:10:00;9732.5;9737.8;9727.0;9730.1;8198.0;9624.1514435523
16.09.2025;14:20:00;9729.1;9732.4;9722.4;9729.2;6605.0;9625.3189291167
16.09.2025;14:30:00;9729.2;9738.0;9725.6;9738.0;4386.0;9626.4747398256
16.09.2025;14:40:00;9737.9;9738.9;9732.9;9738.9;3469.0;9627.6189924273
16.09.2025;14:50:00;9738.8;9749.0;9738.7;9748.7;11190.0;9628.751802503
16.09.2025;15:00:00;9748.9;9751.6;9746.2;9749.0;4084.0;9629.954284478
16.09.2025;15:10:00;9749.7;9749.8;9740.0;9746.4;6735.0;9631.1707416332
16.09.2025;15:20:00;9745.5;9745.6;9733.1;9734.8;6011.0;9632.3750342169
16.09.2025;15:30:00;9733.8;9741.9;9727.4;9739.0;12198.0;9633.5672838747
16.09.2025;15:40:00;9738.5;9742.0;9735.9;9739.0;5231.0;9634.747611036
16.09.2025;15:50:00;9739.7;9742.0;9735.2;9738.0;2107.0;9635.9161349256
16.09.2025;16:00:00;9739.8;9740.5;9734.0;9740.3;3461.0;9637.0729735764
16.09.2025;16:10:00;9739.3;9746.6;9734.0;9746.4;7425.0;9638.2182438406
16.09.2025;16:20:00;9745.0;9762.5;9741.8;9759.1;9649.0;9639.3520614022
16.09.2025;16:30:00;9759.9;9780.0;9758.5;9773.5;20725.0;9640.5835407882
16.09.2025;16:40:00;9774.0;9777.4;9770.1;9774.3;9054.0;9641.9777053803
16.09.2025;16:50:00;9776.1;9793.5;9773.8;9782.0;12827.0;9643.3579283265
16.09.2025;17:00:00;9781.2;9791.9;9774.8;9778.5;13074.0;9644.8593490432
16.09.2025;17:10:00;9778.7;9787.4;9774.6;9786.9;6329.0;9646.3457555528
16.09.2025;17:20:00;9786.2;9786.9;9774.0;9774.1;7289.0;9647.8172979973
16.09.2025;17:30:00;9774.1;9778.0;9760.9;9766.7;8716.0;9649.2741250173
16.09.2025;17:40:00;9765.7;9767.5;9735.2;9751.2;14787.0;9650.7163837671
16.09.2025;17:50:00;9751.2;9751.2;9736.7;9745.2;5085.0;9652.1442199295
16.09.2025;18:00:00;9745.5;9747.2;9722.3;9725.0;13790.0;9653.5577777302
16.09.2025;18:10:00;9724.3;9733.8;9717.4;9732.7;10063.0;9654.9571999529
16.09.2025;18:20:00;9731.4;9739.3;9724.7;9724.8;6748.0;9656.3426279533
16.09.2025;18:30:00;9724.8;9726.5;9713.0;9713.2;7807.0;9657.7142016738
16.09.2025;18:40:00;9713.2;9716.0;9701.1;9712.2;7245.0;9659.0720596571
16.09.2025;19:00:00;9715.3;9757.1;9715.3;9716.6;5768.0;9660.4163390605
16.09.2025;19:10:00;9715.8;9744.8;9715.8;9735.2;4891.0;9661.7471756699
16.09.2025;19:20:00;9735.4;9736.0;9730.1;9733.0;804.0;9663.0647039132
16.09.2025;19:30:00;9733.0;9733.0;9721.3;9725.3;2592.0;9664.3690568741
16.09.2025;19:40:00;9723.6;9730.8;9722.5;9729.7;1465.0;9665.6603663053
16.09.2025;19:50:00;9729.3;9736.4;9729.3;9733.4;1154.0;9666.9387626423
16.09.2025;20:00:00;9732.3;9733.5;9724.3;9725.8;1232.0;9668.2043750158
16.09.2025;20:10:00;9728.5;9729.5;9726.5;9727.0;421.0;9669.4573312657
16.09.2025;20:20:00;9728.5;9729.2;9723.1;9723.8;791.0;9670.697757953
16.09.2025;20:30:00;9725.0;9727.3;9723.0;9725.2;717.0;9671.9257803735
16.09.2025;20:40:00;9725.0;9727.6;9721.9;9727.6;449.0;9673.1415225698
16.09.2025;20:50:00;9724.9;9725.4;9721.5;9725.3;991.0;9674.3451073441
16.09.2025;21:00:00;9725.7;9728.3;9723.0;9728.3;2036.0;9675.5366562706
16.09.2025;21:10:00;9728.3;9728.3;9723.2;9727.0;1795.0;9676.7162897079
16.09.2025;21:20:00;9725.7;9729.0;9725.6;9727.9;1100.0;9677.8841268108
16.09.2025;21:30:00;9728.0;9728.6;9727.5;9727.5;102.0;9679.0402855427
16.09.2025;21:40:00;9728.5;9729.0;9727.2;9728.0;1064.0;9680.1848826873
16.09.2025;21:50:00;9728.6;9729.0;9728.3;9729.0;930.0;9681.3180338604
16.09.2025;22:00:00;9728.9;9729.0;9726.7;9729.0;1378.0;9682.4398535218
16.09.2025;22:10:00;9728.7;9728.7;9728.1;9728.6;136.0;9683.5504549866
16.09.2025;22:20:00;9728.6;9728.6;9726.6;9726.6;204.0;9684.6499504367
16.09.2025;22:30:00;9727.0;9728.0;9725.0;9725.0;253.0;9685.7384509324
16.09.2025;22:40:00;9725.3;9725.3;9723.4;9723.8;465.0;9686.816066423
16.09.2025;22:50:00;9723.8;9724.9;9721.5;9721.5;1620.0;9687.8829057588
16.09.2025;23:00:00;9722.0;9726.0;9721.6;9726.0;289.0;9688.9390767012
16.09.2025;23:10:00;9728.2;9729.0;9726.4;9729.0;328.0;9689.9846859342
16.09.2025;23:20:00;9728.9;9732.8;9727.1;9732.8;1621.0;9691.0198390749
16.09.2025;23:30:00;9730.6;9737.6;9730.6;9735.6;1322.0;9692.0446406841
16.09.2025;23:40:00;9734.9;9737.8;9730.4;9730.4;166.0;9693.0591942773
17.09.2025;08:50:00;9711.0;9711.0;9711.0;9711.0;683.0;9694.0636023345
17.09.2025;09:00:00;9710.4;9719.5;9690.1;9705.2;12583.0;9793.5
17.09.2025;09:10:00;9705.2;9708.0;9698.0;9702.0;7496.0;9791.432
17.09.2025;09:20:00;9702.0;9702.0;9690.3;9693.0;8550.0;9789.40536
17.09.2025;09:30:00;9693.1;9693.1;9681.9;9682.2;3566.0;9787.4192528
17.09.2025;09:40:00;9682.0;9695.9;9677.1;9692.0;11497.0;9786.364060272
17.09.2025;09:50:00;9693.1;9714.2;9689.6;9709.9;4566.0;9785.2714196693
17.09.2025;10:00:00;9710.0;9738.6;9705.7;9737.7;26669.0;9784.1897054726
17.09.2025;10:10:00;9737.3;9738.3;9706.0;9708.8;12975.0;9783.1188084179
17.09.2025;10:20:00;9708.8;9716.6;9697.6;9699.3;7370.0;9782.0586203337
17.09.2025;10:30:00;9696.9;9709.7;9683.1;9706.9;10505.0;9781.0090341303
17.09.2025;10:40:00;9705.2;9714.3;9691.6;9710.1;5931.0;9779.969943789
17.09.2025;10:50:00;9709.3;9711.3;9701.0;9701.0;3321.0;9778.9412443512
17.09.2025;11:00:00;9703.3;9703.5;9688.7;9689.0;8810.0;9777.9228319076
17.09.2025;11:10:00;9689.0;9689.3;9658.0;9674.4;18666.0;9776.9146035886
17.09.2025;11:20:00;9674.2;9674.3;9663.1;9669.6;7167.0;9775.7254575527
17.09.2025;11:30:00;9669.2;9674.3;9663.0;9663.0;3537.0;9774.5482029772
17.09.2025;11:40:00;9664.1;9675.8;9661.4;9672.1;8890.0;9773.3827209474
17.09.2025;11:50:00;9671.2;9671.5;9660.0;9660.8;4860.0;9772.2288937379
17.09.2025;12:00:00;9660.8;9673.5;9660.1;9673.5;4482.0;9771.0866048005
17.09.2025;12:10:00;9673.9;9684.0;9672.8;9682.9;7831.0;9769.9557387525
17.09.2025;12:20:00;9683.0;9683.0;9667.5;9676.0;11080.0;9768.836181365
17.09.2025;12:30:00;9676.0;9680.3;9672.5;9674.6;4982.0;9767.7278195513
17.09.2025;12:40:00;9673.8;9673.8;9665.3;9667.7;6169.0;9766.6305413558
17.09.2025;12:50:00;9668.6;9669.2;9666.0;9666.5;2248.0;9765.5442359423
17.09.2025;13:00:00;9666.0;9668.8;9653.9;9653.9;7334.0;9764.4687935829
17.09.2025;13:10:00;9654.1;9668.8;9648.7;9665.9;14376.0;9763.363105647
17.09.2025;13:20:00;9666.5;9674.9;9661.1;9669.2;9687.0;9762.2164745906
17.09.2025;13:30:00;9668.8;9669.7;9658.6;9666.4;8312.0;9761.0813098447
17.09.2025;13:40:00;9665.9;9673.9;9665.5;9668.2;6301.0;9759.9574967462
17.09.2025;13:50:00;9667.7;9669.9;9664.2;9668.4;5447.0;9758.8449217787
17.09.2025;14:00:00;9665.8;9668.4;9664.2;9667.0;2267.0;9757.743472561
17.09.2025;14:10:00;9666.8;9668.3;9664.3;9664.8;3481.0;9756.6530378353
17.09.2025;14:20:00;9664.8;9681.0;9664.8;9673.2;6712.0;9755.573507457
17.09.2025;14:30:00;9672.3;9711.0;9671.5;9681.4;43749.0;9754.5047723824
17.09.2025;14:40:00;9681.8;9695.0;9681.8;9690.8;9852.0;9753.4467246586
17.09.2025;14:50:00;9690.9;9691.5;9678.5;9679.3;3819.0;9752.399257412
17.09.2025;15:00:00;9679.7;9689.9;9679.4;9687.1;1951.0;9751.3622648379
17.09.2025;15:10:00;9688.6;9691.9;9685.9;9689.1;2925.0;9750.3356421895
17.09.2025;15:20:00;9690.7;9694.8;9689.9;9691.5;2180.0;9749.3192857676
17.09.2025;15:30:00;9691.4;9711.0;9690.6;9705.5;9841.0;9748.3130929099
17.09.2025;15:40:00;9705.2;9706.9;9700.4;9704.1;2781.0;9747.3169619808
17.09.2025;15:50:00;9704.0;9710.4;9702.2;9709.8;5137.0;9746.330792361
17.09.2025;16:00:00;9709.2;9715.0;9706.6;9712.0;7808.0;9745.3544844374
17.09.2025;16:10:00;9710.1;9713.4;9704.5;9705.3;2693.0;9744.3879395931
17.09.2025;16:20:00;9705.3;9706.2;9692.4;9696.3;6642.0;9743.4310601971
17.09.2025;16:30:00;9696.2;9713.5;9696.1;9707.6;4109.0;9742.4837495952
17.09.2025;16:40:00;9707.6;9711.8;9694.6;9701.5;7235.0;9741.5459120992
17.09.2025;16:50:00;9701.3;9714.0;9701.3;9712.0;5262.0;9740.6174529782
17.09.2025;17:00:00;9711.3;9713.9;9706.8;9708.1;4498.0;9739.6982784484
17.09.2025;17:10:00;9709.0;9712.6;9706.6;9710.7;1496.0;9738.7882956639
17.09.2025;17:20:00;9711.2;9712.1;9710.0;9711.8;1386.0;9737.8874127073
17.09.2025;17:30:00;9711.8;9712.1;9707.6;9708.4;2739.0;9736.9955385802
17.09.2025;17:40:00;9709.7;9710.8;9705.2;9708.2;5746.0;9736.1125831944
17.09.2025;17:50:00;9708.5;9709.0;9692.3;9697.8;8855.0;9735.2384573625
17.09.2025;18:00:00;9696.9;9699.9;9691.8;9697.8;9286.0;9734.3730727889
17.09.2025;18:10:00;9697.7;9698.9;9691.8;9694.4;6603.0;9733.516342061
17.09.2025;18:20:00;9694.8;9699.9;9694.4;9699.5;6012.0;9732.6681786404
17.09.2025;18:30:00;9699.4;9704.5;9699.3;9704.0;8101.0;9731.828496854
17.09.2025;18:40:00;9703.9;9704.6;9700.0;9700.0;1519.0;9730.9972118854
17.09.2025;19:00:00;9702.0;9710.0;9702.0;9709.6;2002.0;9730.1742397666
17.09.2025;19:10:00;9709.6;9719.1;9708.0;9717.3;6467.0;9729.3594973689
17.09.2025;19:20:00;9718.9;9720.0;9713.8;9718.0;3029.0;9728.5529023952
17.09.2025;19:30:00;9718.3;9720.0;9718.0;9719.2;3654.0;9727.7543733713
17.09.2025;19:40:00;9719.2;9720.0;9718.9;9719.0;1110.0;9726.9638296375
17.09.2025;19:50:00;9719.0;9719.9;9715.7;9718.9;2404.0;9726.1811913412
17.09.2025;20:00:00;9718.9;9719.9;9715.5;9717.8;2053.0;9725.4063794278
17.09.2025;20:10:00;9718.8;9718.8;9714.8;9715.0;701.0;9724.6393156335
17.09.2025;20:20:00;9713.6;9717.5;9710.0;9716.0;5048.0;9723.8799224771
17.09.2025;20:30:00;9717.4;9730.0;9715.4;9728.1;4392.0;9648.7
17.09.2025;20:40:00;9727.1;9727.8;9714.9;9726.0;2649.0;9650.326
17.09.2025;20:50:00;9726.0;9726.3;9722.2;9722.2;2688.0;9651.91948
17.09.2025;21:00:00;9723.6;9775.0;9665.0;9773.0;42717.0;9653.4810904
17.09.2025;21:10:00;9774.5;9782.1;9715.0;9734.1;28348.0;9654.696279496
17.09.2025;21:20:00;9732.8;9736.4;9722.0;9722.1;7215.0;9655.970316701
17.09.2025;21:30:00;9722.2;9724.9;9685.0;9689.7;19527.0;9657.231613534
17.09.2025;21:40:00;9688.0;9699.5;9664.4;9667.4;16673.0;9658.4802973987
17.09.2025;21:50:00;9667.4;9668.1;9627.5;9654.3;27273.0;9782.1
17.09.2025;22:00:00;9653.7;9694.4;9641.2;9674.0;18157.0;9779.008
17.09.2025;22:10:00;9674.1;9678.7;9650.0;9665.9;10290.0;9775.97784
17.09.2025;22:20:00;9666.4;9690.8;9662.0;9684.7;5403.0;9773.0082832
17.09.2025;22:30:00;9681.8;9686.2;9671.1;9675.2;4178.0;9770.098117536
17.09.2025;22:40:00;9678.0;9680.0;9663.8;9667.1;2594.0;9767.2461551853
17.09.2025;22:50:00;9665.5;9677.8;9660.8;9677.8;2520.0;9764.4512320816
17.09.2025;23:00:00;9676.7;9679.2;9670.0;9678.3;1256.0;9761.7122074399
17.09.2025;23:10:00;9674.7;9681.6;9674.7;9681.5;1818.0;9759.0279632911
17.09.2025;23:20:00;9681.5;9685.0;9680.0;9682.1;2486.0;9756.3974040253
17.09.2025;23:30:00;9680.4;9684.8;9680.0;9684.6;1384.0;9753.8194559448
17.09.2025;23:40:00;9684.6;9686.3;9673.4;9680.0;1481.0;9751.2930668259
18.09.2025;08:50:00;9664.5;9664.5;9664.5;9664.5;102.0;9748.8172054894
18.09.2025;09:00:00;9664.5;9673.9;9639.2;9647.9;12139.0;9746.3908613796
18.09.2025;09:10:00;9647.9;9649.8;9638.1;9639.3;8179.0;9744.013044152
18.09.2025;09:20:00;9640.1;9659.2;9640.1;9650.1;6953.0;9741.682783269
18.09.2025;09:30:00;9650.1;9650.2;9639.0;9639.0;9197.0;9739.3991276036
18.09.2025;09:40:00;9639.0;9644.2;9634.2;9640.0;4276.0;9737.1611450515
18.09.2025;09:50:00;9640.7;9649.8;9634.0;9635.6;7988.0;9734.9679221505
18.09.2025;10:00:00;9634.1;9636.0;9611.8;9619.9;20906.0;9732.8185637075
18.09.2025;10:10:00;9618.5;9631.8;9616.6;9631.8;8743.0;9731.6083780704
18.09.2025;10:20:00;9631.8;9653.0;9631.7;9648.7;14417.0;9730.4102942897
18.09.2025;10:30:00;9648.5;9658.0;9643.4;9656.2;9256.0;9729.2241913468
18.09.2025;10:40:00;9656.6;9662.5;9655.4;9658.0;12781.0;9728.0499494333
18.09.2025;10:50:00;9658.0;9661.8;9656.1;9659.8;15208.0;9726.887449939
18.09.2025;11:00:00;9659.7;9659.8;9650.8;9652.7;7158.0;9725.7365754396
18.09.2025;11:10:00;9651.9;9654.2;9644.6;9647.1;6049.0;9724.5972096852
18.09.2025;11:20:00;9647.5;9654.4;9633.0;9642.9;13593.0;9723.4692375884
18.09.2025;11:30:00;9642.9;9642.9;9621.7;9621.7;34490.0;9722.3525452125
18.09.2025;11:40:00;9621.8;9623.2;9600.0;9603.7;60082.0;9721.2470197604
18.09.2025;11:50:00;9603.7;9619.3;9590.4;9613.3;30156.0;9720.0345495628
18.09.2025;12:00:00;9615.0;9619.8;9601.3;9618.7;23513.0;9718.7382040671
18.09.2025;12:10:00;9618.8;9639.0;9615.2;9636.5;29207.0;9717.4548220265
18.09.2025;12:20:00;9636.5;9655.5;9635.2;9649.6;19552.0;9716.1842738062
18.09.2025;12:30:00;9651.2;9661.6;9643.1;9648.6;18907.0;9714.9264310681
18.09.2025;12:40:00;9648.7;9662.2;9648.6;9659.9;14242.0;9713.6811667575
18.09.2025;12:50:00;9661.0;9675.4;9658.4;9668.6;16269.0;9712.4483550899
18.09.2025;13:00:00;9669.1;9671.3;9657.9;9661.7;15216.0;9711.227871539
18.09.2025;13:10:00;9661.7;9666.4;9651.4;9654.0;16587.0;9710.0195928236
18.09.2025;13:20:00;9654.1;9658.2;9652.7;9657.2;5703.0;9708.8233968954
18.09.2025;13:30:00;9657.9;9661.4;9637.8;9641.9;10577.0;9707.6391629264
18.09.2025;13:40:00;9642.8;9647.3;9634.7;9635.9;10393.0;9706.4667712971
18.09.2025;13:50:00;9634.5;9650.0;9634.5;9648.5;14445.0;9705.3061035842
18.09.2025;14:00:00;9648.4;9667.5;9639.9;9649.6;12363.0;9704.1570425483
18.09.2025;14:10:00;9649.6;9667.8;9649.0;9667.8;14898.0;9703.0194721228
18.09.2025;14:20:00;9667.9;9670.1;9664.0;9664.0;10429.0;9701.8932774016
18.09.2025;14:30:00;9664.1;9674.5;9661.6;9674.5;10094.0;9700.7783446276
18.09.2025;14:40:00;9674.2;9678.9;9673.0;9673.2;10546.0;9699.6745611813
18.09.2025;14:50:00;9674.2;9684.4;9674.2;9678.1;6914.0;9698.5818155695
18.09.2025;15:00:00;9678.2;9682.8;9673.7;9673.7;4284.0;9697.4999974138
18.09.2025;15:10:00;9674.4;9682.8;9671.6;9672.9;4334.0;9696.4289974397
18.09.2025;15:20:00;9672.9;9679.9;9672.9;9675.6;3903.0;9695.3687074653
18.09.2025;15:30:00;9675.6;9684.3;9674.0;9682.0;13444.0;9694.3190203906
18.09.2025;15:40:00;9682.1;9682.5;9681.5;9681.5;3161.0;9693.2798301867
18.09.2025;15:50:00;9681.5;9681.6;9674.0;9674.0;4256.0;9692.2510318848
18.09.2025;16:00:00;9673.0;9673.1;9656.9;9661.5;13810.0;9691.232521566
18.09.2025;16:10:00;9658.1;9677.3;9656.1;9673.1;9794.0;9690.2241963503
18.09.2025;16:20:00;9673.3;9676.5;9669.1;9669.2;8404.0;9689.2259543868
18.09.2025;16:30:00;9670.9;9672.5;9644.0;9644.0;17526.0;9688.237694843
18.09.2025;16:40:00;9644.1;9653.0;9631.8;9650.0;17013.0;9687.2593178945
18.09.2025;16:50:00;9652.3;9661.1;9651.0;9656.0;11412.0;9686.2907247156
18.09.2025;17:00:00;9656.2;9656.2;9639.0;9640.4;19630.0;9685.3318174684
18.09.2025;17:10:00;9641.0;9652.6;9636.1;9639.4;8584.0;9684.3824992938
18.09.2025;17:20:00;9639.7;9644.9;9637.0;9637.0;6035.0;9683.4426743008
18.09.2025;17:30:00;9637.8;9657.0;9636.4;9655.8;8248.0;9682.5122475578
18.09.2025;17:40:00;9655.8;9658.7;9649.5;9658.2;5564.0;9681.5911250822
18.09.2025;17:50:00;9658.2;9665.0;9651.5;9658.3;13354.0;9680.6792138314
18.09.2025;18:00:00;9659.5;9663.9;9655.4;9656.1;3396.0;9679.7764216931
18.09.2025;18:10:00;9656.2;9662.2;9652.8;9657.4;5182.0;9678.8826574762
18.09.2025;18:20:00;9657.4;9657.9;9649.0;9649.0;8227.0;9677.9978309014
18.09.2025;18:30:00;9649.1;9650.5;9644.2;9646.0;2464.0;9677.1218525924
18.09.2025;18:40:00;9645.3;9648.1;9641.9;9643.3;4612.0;9676.2546340665
18.09.2025;19:00:00;9648.1;9662.0;9646.8;9661.9;4307.0;9675.3960877258
18.09.2025;19:10:00;9661.9;9662.5;9653.5;9662.0;4841.0;9674.5461268485
18.09.2025;19:20:00;9660.4;9661.6;9657.3;9659.6;970.0;9673.7046655801
18.09.2025;19:30:00;9659.2;9662.5;9659.2;9662.5;2635.0;9672.8716189243
18.09.2025;19:40:00;9662.5;9662.5;9662.1;9662.1;1447.0;9672.046902735
18.09.2025;19:50:00;9661.8;9667.9;9661.8;9667.0;2804.0;9671.2304337077
18.09.2025;20:00:00;9668.0;9670.0;9661.7;9662.5;1155.0;9670.4221293706
18.09.2025;20:10:00;9665.6;9666.2;9663.3;9663.3;132.0;9670.0
18.09.2025;20:20:00;9663.3;9665.5;9662.4;9663.0;496.0;9670.0
18.09.2025;20:30:00;9665.3;9669.5;9663.1;9665.8;972.0;9590.4
18.09.2025;20:40:00;9667.0;9669.2;9664.0;9669.0;1550.0;9591.982
18.09.2025;20:50:00;9669.0;9672.0;9668.0;9671.0;1355.0;9593.53236
18.09.2025;21:00:00;9671.6;9671.9;9658.5;9661.4;2106.0;9594.3170364
18.09.2025;21:10:00;9661.4;9661.7;9660.0;9660.0;2501.0;9595.093866036
18.09.2025;21:20:00;9660.6;9664.6;9660.0;9664.6;2311.0;9595.8629273756
18.09.2025;21:30:00;9664.3;9669.0;9662.9;9666.8;638.0;9596.6242981019
18.09.2025;21:40:00;9668.7;9669.5;9666.9;9668.4;223.0;9597.3780551209
18.09.2025;21:50:00;9665.1;9665.3;9662.0;9663.1;559.0;9598.1242745697
18.09.2025;22:00:00;9663.6;9663.7;9661.5;9663.1;174.0;9598.863031824
18.09.2025;22:10:00;9664.0;9664.0;9662.2;9662.9;137.0;9599.5944015057
18.09.2025;22:20:00;9662.3;9662.9;9660.0;9660.9;1026.0;9600.3184574907
18.09.2025;22:30:00;9660.4;9661.5;9660.0;9661.5;219.0;9601.0352729158
18.09.2025;22:40:00;9661.5;9662.0;9660.3;9661.9;59.0;9601.7449201866
18.09.2025;22:50:00;9662.0;9666.0;9662.0;9664.3;676.0;9602.4474709847
18.09.2025;23:00:00;9663.9;9666.0;9661.6;9665.9;232.0;9603.1429962749
18.09.2025;23:10:00;9665.9;9666.0;9661.7;9665.3;117.0;9603.8315663121
18.09.2025;23:20:00;9662.3;9663.9;9661.3;9661.5;384.0;9604.513250649
18.09.2025;23:30:00;9661.6;9662.0;9660.1;9660.2;624.0;9605.1881181425
18.09.2025;23:40:00;9661.5;9661.6;9660.1;9660.1;1126.0;9605.8562369611
19.09.2025;08:50:00;9673.3;9673.3;9673.3;9673.3;72.0;9606.5176745915
19.09.2025;09:00:00;9673.3;9692.0;9671.2;9681.0;6281.0;9607.1854978456
19.09.2025;09:10:00;9681.0;9688.1;9668.3;9668.7;4602.0;9608.0336428671
19.09.2025;09:20:00;9668.8;9684.3;9668.8;9680.5;2143.0;9608.8733064384
19.09.2025;09:30:00;9680.5;9681.6;9670.6;9673.5;914.0;9609.7045733741
19.09.2025;09:40:00;9673.1;9676.2;9673.1;9675.2;537.0;9610.5275276403
19.09.2025;09:50:00;9675.5;9676.8;9674.0;9676.8;835.0;9611.3422523639
19.09.2025;10:00:00;9675.3;9679.6;9659.7;9664.9;9479.0;9612.1488298403
19.09.2025;10:10:00;9666.8;9670.0;9661.0;9669.8;16095.0;9612.9473415419
19.09.2025;10:20:00;9670.0;9674.5;9666.7;9670.6;6898.0;9613.7378681265
19.09.2025;10:30:00;9671.6;9676.6;9651.3;9657.8;10461.0;9614.5204894452
19.09.2025;10:40:00;9656.1;9665.1;9655.0;9664.2;9264.0;9615.2952845507
19.09.2025;10:50:00;9664.2;9668.9;9657.5;9658.4;14791.0;9616.0623317052
19.09.2025;11:00:00;9658.5;9660.8;9656.2;9657.0;2002.0;9616.8217083882
19.09.2025;11:10:00;9657.1;9659.3;9655.0;9657.2;4221.0;9617.5734913043
19.09.2025;11:20:00;9657.1;9662.7;9656.9;9661.7;5344.0;9618.3177563913
19.09.2025;11:30:00;9661.7;9678.6;9661.7;9673.9;6628.0;9619.0545788273
19.09.2025;11:40:00;9673.5;9682.6;9671.9;9682.3;4815.0;9619.7840330391
19.09.2025;11:50:00;9681.9;9712.4;9681.8;9699.9;18734.0;9620.5061927087
19.09.2025;12:00:00;9700.0;9709.1;9700.0;9707.1;7657.0;9621.4251307816
19.09.2025;12:10:00;9706.1;9725.8;9705.0;9718.9;15034.0;9622.3348794738
19.09.2025;12:20:00;9718.8;9721.8;9699.9;9703.9;8157.0;9623.369530679
19.09.2025;12:30:00;9704.0;9708.2;9699.5;9706.8;4546.0;9624.3938353722
19.09.2025;12:40:00;9706.8;9720.7;9703.8;9717.2;6948.0;9625.4078970185
19.09.2025;12:50:00;9717.1;9720.4;9712.9;9717.0;3701.0;9626.4118180483
19.09.2025;13:00:00;9717.9;9719.0;9707.4;9714.6;3404.0;9627.4056998679
19.09.2025;13:10:00;9715.1;9717.0;9712.6;9715.3;1629.0;9628.3896428692
19.09.2025;13:20:00;9714.1;9717.5;9711.1;9715.4;5085.0;9629.3637464405
19.09.2025;13:30:00;9715.7;9721.3;9715.4;9721.3;11604.0;9630.3281089761
19.09.2025;13:40:00;9720.7;9721.5;9718.0;9720.8;4847.0;9631.2828278863
19.09.2025;13:50:00;9721.0;9722.9;9715.0;9717.6;3793.0;9632.2279996075
19.09.2025;14:00:00;9720.4;9720.4;9709.1;9711.2;2175.0;9633.1637196114
19.09.2025;14:10:00;9712.8;9713.1;9681.8;9683.1;14574.0;9634.0900824153
19.09.2025;14:20:00;9684.5;9698.5;9684.5;9691.1;3487.0;9635.0071815911
19.09.2025;14:30:00;9691.0;9692.0;9678.9;9680.5;4527.0;9635.9151097752
19.09.2025;14:40:00;9679.2;9686.4;9678.5;9686.1;4350.0;9636.8139586775
19.09.2025;14:50:00;9686.1;9686.3;9680.8;9684.7;3567.0;9637.7038190907
19.09.2025;15:00:00;9685.3;9688.3;9682.3;9684.4;7052.0;9638.5847808998
19.09.2025;15:10:00;9684.5;9698.6;9684.4;9695.5;4582.0;9639.4569330908
19.09.2025;15:20:00;9696.0;9700.2;9687.7;9689.1;3338.0;9640.3203637599
19.09.2025;15:30:00;9687.8;9695.1;9687.8;9693.4;4326.0;9641.1751601223
19.09.2025;15:40:00;9693.5;9694.8;9684.7;9686.3;1317.0;9642.021408521
19.09.2025;15:50:00;9687.0;9693.9;9681.2;9690.6;6046.0;9642.8591944358
19.09.2025;16:00:00;9689.3;9689.3;9675.8;9675.8;13611.0;9643.6886024915
19.09.2025;16:10:00;9677.7;9694.1;9675.9;9688.0;5394.0;9644.5097164666
19.09.2025;16:20:00;9688.0;9690.3;9687.0;9689.2;3142.0;9645.3226193019
19.09.2025;16:30:00;9689.1;9695.0;9688.1;9695.0;12578.0;9646.1273931089
19.09.2025;16:40:00;9695.0;9702.3;9695.0;9701.5;3506.0;9646.9241191778
19.09.2025;16:50:00;9701.5;9716.4;9701.0;9710.1;6620.0;9647.712877986
19.09.2025;17:00:00;9714.3;9717.0;9698.3;9702.6;6284.0;9648.4937492062
19.09.2025;17:10:00;9703.8;9707.0;9700.1;9705.2;4971.0;9649.2668117141
19.09.2025;17:20:00;9704.5;9717.5;9703.1;9712.2;3917.0;9650.032143597
19.09.2025;17:30:00;9712.3;9719.2;9706.2;9716.7;3878.0;9650.789822161
19.09.2025;17:40:00;9717.1;9721.4;9714.3;9717.7;6393.0;9651.5399239394
19.09.2025;17:50:00;9717.4;9735.0;9717.3;9727.3;11570.0;9652.2825247
19.09.2025;18:00:00;9728.5;9743.0;9724.1;9734.4;16691.0;9653.109699453
19.09.2025;18:10:00;9733.8;9745.0;9730.5;9743.2;7666.0;9654.0086024584
19.09.2025;18:20:00;9743.3;9749.9;9731.4;9738.6;11848.0;9654.9185164339
19.09.2025;18:30:00;9738.5;9740.5;9731.4;9733.5;3183.0;9655.8683312695
19.09.2025;18:40:00;9731.5;9739.2;9726.1;9733.0;5191.0;9656.8086479568
19.09.2025;19:00:00;9733.0;9744.8;9661.0;9744.8;23723.0;9657.7395614773
19.09.2025;19:10:00;9744.8;9750.0;9738.0;9740.8;2706.0;9658.6611658625
19.09.2025;19:20:00;9740.9;9745.8;9732.3;9742.8;1879.0;9659.5745542039
19.09.2025;19:30:00;9743.0;9750.0;9741.0;9750.0;1235.0;9660.4788086618
19.09.2025;19:40:00;9750.0;9754.8;9750.0;9750.6;2503.0;9661.3740205752
19.09.2025;19:50:00;9750.1;9753.5;9750.0;9751.9;3258.0;9662.3082803695
19.09.2025;20:00:00;9752.0;9761.9;9751.9;9759.2;4008.0;9663.2331975658
19.09.2025;20:10:00;9759.2;9762.4;9755.0;9758.5;1557.0;9664.2198655901
19.09.2025;20:20:00;9760.5;9766.0;9757.2;9765.9;2077.0;9665.2016669342
19.09.2025;20:30:00;9765.5;9766.0;9761.0;9762.9;2540.0;9666.2096502649
19.09.2025;20:40:00;9763.2;9774.1;9763.2;9774.0;4207.0;9667.2075537622
19.09.2025;20:50:00;9774.0;9780.0;9774.0;9779.9;3042.0;9668.2764782246
19.09.2025;21:00:00;9779.9;9787.6;9779.2;9784.5;4061.0;9669.3937134423
19.09.2025;21:10:00;9784.5;9786.3;9778.1;9778.7;3635.0;9670.5757763079
19.09.2025;21:20:00;9778.7;9781.9;9778.2;9781.6;555.0;9671.7460185448
19.09.2025;21:30:00;9780.8;9781.3;9778.3;9780.9;1035.0;9672.9045583594
19.09.2025;21:40:00;9781.5;9782.5;9780.0;9780.0;514.0;9674.0515127758
19.09.2025;21:50:00;9780.1;9783.1;9779.6;9783.0;1333.0;9675.186997648
19.09.2025;22:00:00;9783.0;9785.0;9781.4;9783.0;820.0;9676.3111276716
19.09.2025;22:10:00;9783.0;9785.0;9780.7;9783.7;1246.0;9677.4240163948
19.09.2025;22:20:00;9783.7;9785.0;9779.9;9779.9;889.0;9678.5257762309
19.09.2025;22:30:00;9779.9;9782.7;9777.9;9782.7;1184.0;9679.6165184686
19.09.2025;22:40:00;9782.7;9783.3;9778.5;9780.0;1188.0;9680.6963532839
19.09.2025;22:50:00;9779.9;9782.7;9779.9;9781.9;620.0;9681.7653897511
19.09.2025;23:00:00;9780.7;9780.7;9778.7;9779.4;926.0;9682.8237358536
19.09.2025;23:10:00;9779.4;9782.6;9778.8;9780.6;326.0;9683.871498495
19.09.2025;23:20:00;9782.1;9788.0;9781.0;9788.0;1437.0;9684.9087835101
19.09.2025;23:30:00;9787.5;9794.0;9776.3;9783.7;1901.0;9685.939695675
19.09.2025;23:40:00;9782.7;9794.0;9776.0;9776.1;2076.0;9687.0202987182
22.09.2025;08:50:00;9806.0;9806.0;9806.0;9806.0;1215.0;9688.090095731
22.09.2025;09:00:00;9806.7;9865.6;9801.0;9860.7;24954.0;9689.2691947737
22.09.2025;09:10:00;9860.7;9868.0;9849.4;9851.2;12569.0;9691.032502826
22.09.2025;09:20:00;9850.1;9869.1;9850.0;9868.9;5964.0;9692.8021777977
22.09.2025;09:30:00;9869.6;9880.8;9857.3;9879.3;9690.0;9694.5651560197
22.09.2025;09:40:00;9878.6;9899.0;9877.0;9898.8;6928.0;9696.4275044596
22.09.2025;09:50:00;9898.4;9900.0;9890.3;9890.5;7011.0;9698.453229415
22.09.2025;10:00:00;9890.5;9910.2;9889.2;9893.5;23103.0;9700.4686971208
22.09.2025;10:10:00;9893.3;9894.5;9870.7;9870.7;13044.0;9702.5660101496
22.09.2025;10:20:00;9870.3;9879.9;9867.2;9879.7;9253.0;9704.6423500481
22.09.2025;10:30:00;9878.6;9892.3;9876.2;9886.1;7962.0;9706.6979265476
22.09.2025;10:40:00;9888.2;9888.3;9871.7;9876.1;8997.0;9708.7329472821
22.09.2025;10:50:00;9876.4;9878.0;9867.6;9871.8;7396.0;9710.7476178093
22.09.2025;11:00:00;9871.7;9875.6;9862.4;9867.5;12014.0;9712.7421416312
22.09.2025;11:10:00;9867.0;9879.2;9865.3;9869.5;8592.0;9714.7167202149
22.09.2025;11:20:00;9871.2;9877.5;9867.8;9868.0;7566.0;9716.6715530128
22.09.2025;11:30:00;9868.1;9871.3;9866.1;9867.7;5349.0;9718.6068374826
22.09.2025;11:40:00;9867.8;9869.4;9865.0;9865.0;6014.0;9720.5227691078
22.09.2025;11:50:00;9865.9;9867.9;9856.1;9863.9;8987.0;9722.4195414167
22.09.2025;12:00:00;9863.9;9871.9;9863.9;9871.0;9313.0;9724.2973460026
22.09.2025;12:10:00;9871.1;9874.7;9869.2;9874.2;3764.0;9726.1563725425
22.09.2025;12:20:00;9874.8;9883.7;9873.5;9880.0;5546.0;9727.9968088171
22.09.2025;12:30:00;9880.5;9882.0;9873.1;9876.6;2697.0;9729.8188407289
22.09.2025;12:40:00;9877.6;9879.0;9873.6;9876.7;894.0;9731.6226523217
22.09.2025;12:50:00;9877.0;9882.6;9875.3;9875.3;4615.0;9733.4084257984
22.09.2025;13:00:00;9875.7;9877.3;9868.8;9869.9;3848.0;9735.1763415405
22.09.2025;13:10:00;9870.3;9875.7;9868.1;9875.0;7982.0;9736.9265781251
22.09.2025;13:20:00;9875.0;9875.7;9865.1;9871.0;8343.0;9738.6593123438
22.09.2025;13:30:00;9871.3;9875.0;9870.0;9870.1;3794.0;9740.3747192204
22.09.2025;13:40:00;9870.0;9872.0;9865.0;9867.7;4220.0;9742.0729720282
22.09.2025;13:50:00;9866.8;9872.4;9865.3;9872.3;1395.0;9743.7542423079
22.09.2025;14:00:00;9872.3;9872.3;9867.1;9870.0;2352.0;9745.4186998848
22.09.2025;14:10:00;9869.9;9878.0;9869.9;9877.0;5883.0;9747.0665128859
22.09.2025;14:20:00;9876.8;9878.9;9872.7;9877.5;8577.0;9748.6978477571
22.09.2025;14:30:00;9877.9;9878.5;9868.5;9872.3;9580.0;9750.3128692795
22.09.2025;14:40:00;9872.3;9873.5;9867.0;9867.1;5995.0;9751.9117405867
22.09.2025;14:50:00;9867.1;9869.6;9839.0;9849.8;21316.0;9753.4946231809
22.09.2025;15:00:00;9847.2;9864.5;9847.0;9853.3;6102.0;9755.061676949
22.09.2025;15:10:00;9854.1;9863.9;9854.1;9856.5;2763.0;9756.6130601796
22.09.2025;15:20:00;9856.2;9856.3;9841.5;9846.7;5304.0;9758.1489295778
22.09.2025;15:30:00;9847.5;9862.8;9847.3;9851.5;2781.0;9759.669440282
22.09.2025;15:40:00;9852.2;9861.9;9846.7;9861.8;1835.0;9761.1747458792
22.09.2025;15:50:00;9862.3;9870.2;9860.0;9866.3;5042.0;9762.6649984204
22.09.2025;16:00:00;9865.5;9876.0;9864.7;9873.0;3889.0;9764.1403484362
22.09.2025;16:10:00;9873.1;9874.5;9869.0;9874.1;3084.0;9765.6009449518
22.09.2025;16:20:00;9873.1;9874.7;9864.9;9869.1;4124.0;9767.0469355023
22.09.2025;16:30:00;9871.1;9873.2;9852.5;9854.2;2812.0;9768.4784661473
22.09.2025;16:40:00;9853.7;9860.1;9839.0;9845.3;8052.0;9769.8956814858
22.09.2025;16:50:00;9845.4;9864.8;9839.6;9861.1;6731.0;9771.2987246709
22.09.2025;17:00:00;9862.5;9866.3;9853.5;9866.0;3155.0;9772.6877374242
22.09.2025;17:10:00;9865.4;9867.3;9859.2;9860.1;6243.0;9774.06286005
22.09.2025;17:20:00;9860.1;9864.3;9855.2;9861.8;1900.0;9775.4242314495
22.09.2025;17:30:00;9861.8;9863.0;9846.9;9851.1;2244.0;9776.771989135
22.09.2025;17:40:00;9851.1;9851.1;9833.4;9838.4;5464.0;9778.1062692436
22.09.2025;17:50:00;9839.0;9860.5;9838.5;9857.7;6170.0;9779.4272065512
22.09.2025;18:00:00;9856.3;9857.6;9845.0;9856.4;6121.0;9780.7349344857
22.09.2025;18:10:00;9854.3;9867.3;9852.9;9863.3;3894.0;9782.0295851408
22.09.2025;18:20:00;9862.5;9881.0;9862.5;9881.0;7847.0;9783.3112892894
22.09.2025;18:30:00;9880.8;9882.9;9874.4;9874.9;7820.0;9784.5801763965
22.09.2025;18:40:00;9874.7;9880.4;9865.0;9877.3;3227.0;9785.8363746326
22.09.2025;19:00:00;9875.0;9888.6;9872.8;9887.2;2701.0;9787.0800108862
22.09.2025;19:10:00;9886.2;9892.0;9877.2;9892.0;4354.0;9788.3112107774
22.09.2025;19:20:00;9891.9;9899.5;9891.2;9899.3;3615.0;9789.5300986696
22.09.2025;19:30:00;9899.3;9907.1;9899.0;9904.8;3518.0;9790.7367976829
22.09.2025;19:40:00;9902.4;9904.7;9900.4;9902.2;1035.0;9791.9314297061
22.09.2025;19:50:00;9904.1;9904.1;9895.0;9895.0;3096.0;9793.114115409
22.09.2025;20:00:00;9895.1;9909.1;9894.0;9906.8;3496.0;9794.2849742549
22.09.2025;20:10:00;9905.0;9906.9;9903.5;9905.4;1271.0;9795.4441245124
22.09.2025;20:20:00;9906.9;9906.9;9905.0;9906.9;1831.0;9796.5916832673
22.09.2025;20:30:00;9906.2;9939.0;9906.2;9935.0;11095.0;9797.7277664346
22.09.2025;20:40:00;9935.4;9936.5;9925.4;9926.3;4282.0;9799.1404887702
22.09.2025;20:50:00;9926.3;9930.8;9926.0;9930.8;1895.0;9800.5390838825
22.09.2025;21:00:00;9930.3;9933.8;9930.3;9933.0;1555.0;9801.9236930437
22.09.2025;21:10:00;9933.0;9936.8;9932.2;9936.6;2715.0;9803.2944561133
22.09.2025;21:20:00;9936.6;9938.0;9934.0;9937.8;1619.0;9804.6515115521
22.09.2025;21:30:00;9937.8;9937.9;9933.0;9937.4;2257.0;9805.9949964366
22.09.2025;21:40:00;9937.5;9944.1;9935.1;9941.0;3260.0;9807.3250464723
22.09.2025;21:50:00;9944.2;9944.6;9906.0;9930.2;11319.0;9808.6927960075
22.09.2025;22:00:00;9930.7;9931.1;9928.3;9929.2;1358.0;9810.0518680475
22.09.2025;22:10:00;9929.2;9929.2;9924.3;9924.9;1518.0;9811.397349367
22.09.2025;22:20:00;9925.0;9925.0;9915.9;9918.0;1998.0;9812.7293758733
22.09.2025;22:30:00;9916.8;9924.9;9911.4;9922.3;2163.0;9814.0480821146
22.09.2025;22:40:00;9924.4;9924.5;9921.6;9924.5;201.0;9815.3536012934
22.09.2025;22:50:00;9924.5;9945.9;9924.5;9935.0;3620.0;9816.6460652805
22.09.2025;23:00:00;9936.0;9936.6;9923.2;9932.5;1456.0;9817.9386046277
22.09.2025;23:10:00;9934.6;9934.6;9925.1;9928.7;590.0;9819.2182185814
22.09.2025;23:20:00;9927.5;9928.6;9925.0;9925.5;453.0;9820.4850363956
22.09.2025;23:30:00;9927.5;9928.9;9925.5;9928.9;202.0;9821.7391860316
22.09.2025;23:40:00;9928.9;9945.0;9926.0;9936.4;1096.0;9822.9807941713
23.09.2025;08:50:00;9948.0;9948.0;9948.0;9948.0;190.0;9824.2099862296
23.09.2025;09:00:00;9948.8;9959.7;9937.6;9950.3;10119.0;9825.4478863673
23.09.2025;09:10:00;9950.3;9959.7;9950.3;9955.0;6570.0;9826.7904075036
23.09.2025;09:20:00;9955.0;9955.8;9954.7;9954.7;1654.0;9828.1195034286
23.09.2025;09:30:00;9954.7;9954.8;9936.5;9944.0;6037.0;9829.4353083943
23.09.2025;09:40:00;9945.0;9948.6;9937.6;9941.0;1688.0;9830.7379553104
23.09.2025;09:50:00;9941.6;9942.1;9932.0;9935.6;2554.0;9832.0275757573
23.09.2025;10:00:00;9935.0;9936.2;9902.3;9903.0;12192.0;9833.3042999997
23.09.2025;10:10:00;9902.9;9910.0;9901.0;9905.9;7444.0;9834.5682569997
23.09.2025;10:20:00;9905.9;9935.4;9901.4;9930.2;15257.0;9835.8195744297
23.09.2025;10:30:00;9930.3;9944.0;9926.1;9934.6;8331.0;9837.0583786854
23.09.2025;10:40:00;9933.8;9936.1;9925.7;9930.8;8213.0;9838.2847948986
23.09.2025;10:50:00;9931.7;9934.5;9917.7;9930.2;14003.0;9839.4989469496
23.09.2025;11:00:00;9930.1;9931.8;9922.6;9924.3;6477.0;9840.7009574801
23.09.2025;11:10:00;9923.1;9924.3;9910.0;9918.5;6720.0;9841.8909479053
23.09.2025;11:20:00;9920.1;9930.2;9920.1;9927.1;2287.0;9843.0690384262
23.09.2025;11:30:00;9925.4;9945.8;9923.9;9943.8;8121.0;9844.235348042
23.09.2025;11:40:00;9943.9;9959.7;9941.2;9957.1;13019.0;9845.3899945615
23.09.2025;11:50:00;9958.6;9965.5;9950.7;9953.6;5191.0;9846.5330946159
23.09.2025;12:00:00;9952.6;9962.4;9948.2;9961.0;13556.0;9847.7227636698
23.09.2025;12:10:00;9961.0;9980.0;9960.8;9976.5;22031.0;9848.9005360331
23.09.2025;12:20:00;9975.4;9990.0;9972.3;9990.0;19328.0;9850.2115306727
23.09.2025;12:30:00;9990.0;9996.5;9980.6;9987.4;18882.0;9851.609415366
23.09.2025;12:40:00;9987.5;9998.9;9980.6;9993.1;22925.0;9853.0583212124
23.09.2025;12:50:00;9995.0;9999.9;9990.4;9995.7;7658.0;9854.5167380002
23.09.2025;13:00:00;9995.8;10010.0;9992.7;10008.7;13581.0;9855.9705706202
23.09.2025;13:10:00;10008.7;10037.0;10007.6;10032.0;22344.0;9857.510864914
23.09.2025;13:20:00;10033.2;10041.2;10025.0;10036.0;21772.0;9859.3057562649
23.09.2025;13:30:00;10034.9;10049.0;10026.7;10037.0;17010.0;9861.1246987022
23.09.2025;13:40:00;10037.6;10042.1;10027.3;10029.5;7836.0;9863.0034517152
23.09.2025;13:50:00;10028.7;10045.1;10018.9;10045.1;14827.0;9864.8634171981
23.09.2025;14:00:00;10041.1;10041.6;10028.5;10030.0;4444.0;9866.7047830261
23.09.2025;14:10:00;10029.0;10032.7;10022.0;10023.9;7669.0;9868.5277351958
23.09.2025;14:20:00;10022.5;10043.0;10019.1;10040.6;11259.0;9870.3324578439
23.09.2025;14:30:00;10042.1;10042.1;10035.6;10037.0;2342.0;9872.1191332654
23.09.2025;14:40:00;10036.9;10040.8;10030.0;10030.0;4379.0;9873.8879419328
23.09.2025;14:50:00;10030.0;10035.0;10023.2;10031.8;6606.0;9875.6390625134
23.09.2025;15:00:00;10030.8;10035.0;10030.0;10030.1;4425.0;9877.3726718883
23.09.2025;15:10:00;10031.7;10035.0;10025.0;10035.0;4307.0;9879.0889451694
23.09.2025;15:20:00;10035.0;10045.1;10028.3;10030.3;6951.0;9880.7880557177
23.09.2025;15:30:00;10031.0;10040.0;10025.7;10038.8;3278.0;9882.4701751606
23.09.2025;15:40:00;10037.0;10042.4;10033.4;10036.0;3409.0;9884.1354734089
23.09.2025;15:50:00;10036.0;10039.7;10033.8;10037.9;1520.0;9885.7841186749
23.09.2025;16:00:00;10037.3;10045.7;10037.0;10044.4;8380.0;9887.4162774881
23.09.2025;16:10:00;10043.7;10053.4;10043.2;10046.0;13701.0;9889.0321147132
23.09.2025;16:20:00;10045.8;10049.2;10041.4;10045.2;9657.0;9890.6757935661
23.09.2025;16:30:00;10045.1;10056.0;10043.0;10055.0;14173.0;9892.3030356304
23.09.2025;16:40:00;10055.0;10060.0;10047.0;10047.7;17996.0;9893.9400052741
23.09.2025;16:50:00;10045.7;10053.0;10033.8;10048.3;14136.0;9895.6006052214
23.09.2025;17:00:00;10046.7;10046.7;10029.0;10033.6;6742.0;9897.2445991692
23.09.2025;17:10:00;10034.9;10041.2;10010.0;10014.4;13624.0;9898.8721531775
23.09.2025;17:20:00;10014.0;10020.0;9991.3;9998.8;25009.0;9900.4834316457
23.09.2025;17:30:00;10001.5;10011.0;9998.2;10008.1;7676.0;9902.0785973293
23.09.2025;17:40:00;10008.0;10015.0;10002.3;10006.4;3467.0;9903.657811356
23.09.2025;17:50:00;10005.9;10032.0;10000.0;10027.1;27005.0;9905.2212332424
23.09.2025;18:00:00;10027.2;10028.3;10023.6;10027.7;8640.0;9906.76902091
23.09.2025;18:10:00;10027.9;10047.7;10027.9;10032.2;20098.0;9908.3013307009
23.09.2025;18:20:00;10032.2;10041.5;10032.2;10040.6;15295.0;9909.8183173939
23.09.2025;18:30:00;10041.4;10046.3;10034.0;10041.0;14261.0;9911.3201342199
23.09.2025;18:40:00;10040.8;10044.0;10035.0;10043.0;7370.0;9912.8069328777
23.09.2025;19:00:00;10044.0;10050.0;10033.5;10047.2;5295.0;9914.278863549
23.09.2025;19:10:00;10047.2;10048.6;10030.5;10035.6;2391.0;9915.7360749135
23.09.2025;19:20:00;10035.6;10041.4;10026.2;10026.2;1770.0;9917.1787141643
23.09.2025;19:30:00;10027.0;10032.7;10005.7;10018.8;9448.0;9918.6069270227
23.09.2025;19:40:00;10016.0;10023.7;10013.1;10023.3;2872.0;9920.0208577525
23.09.2025;19:50:00;10023.6;10046.4;10023.6;10041.3;2327.0;9921.4206491749
23.09.2025;20:00:00;10041.3;10041.3;10033.9;10039.3;1368.0;9922.8064426832
23.09.2025;20:10:00;10039.2;10045.3;10039.1;10042.7;1567.0;9924.1783782564
23.09.2025;20:20:00;10043.3;10054.8;10041.5;10048.4;3132.0;9925.5365944738
23.09.2025;20:30:00;10048.5;10050.0;10037.4;10042.2;1338.0;9926.881228529
23.09.2025;20:40:00;10038.1;10042.2;10030.0;10038.5;2222.0;9928.2124162438
23.09.2025;20:50:00;10035.6;10039.2;10030.7;10033.9;485.0;9929.5302920813
23.09.2025;21:00:00;10034.2;10044.6;10034.2;10039.0;1268.0;9930.8349891605
23.09.2025;21:10:00;10039.0;10040.0;10036.7;10038.4;198.0;9932.1266392689
23.09.2025;21:20:00;10038.2;10038.4;10034.8;10035.0;534.0;9933.4053728762
23.09.2025;21:30:00;10033.6;10036.3;10032.1;10035.1;603.0;9934.6713191475
23.09.2025;21:40:00;10035.8;10040.6;10035.0;10035.0;380.0;9935.924605956
23.09.2025;21:50:00;10035.1;10035.5;9997.0;9998.1;5767.0;9937.1653598964
23.09.2025;22:00:00;9997.0;10043.3;9987.8;10037.4;9912.0;9938.3937062975
23.09.2025;22:10:00;10034.0;10037.6;10015.0;10015.0;5070.0;9939.6097692345
23.09.2025;22:20:00;10015.1;10033.3;10014.0;10031.6;2986.0;9940.8136715421
23.09.2025;22:30:00;10033.6;10049.0;10033.6;10048.4;4181.0;9942.0055348267
23.09.2025;22:40:00;10047.1;10050.0;10042.6;10043.7;2729.0;9943.1854794784
23.09.2025;22:50:00;10044.9;10048.7;10043.0;10048.0;1564.0;9944.3536246837
23.09.2025;23:00:00;10047.9;10055.0;10044.4;10050.9;3873.0;9945.5100884368
23.09.2025;23:10:00;10047.7;10051.0;10045.2;10047.3;2220.0;9946.6549875525
23.09.2025;23:20:00;10045.7;10048.8;10043.1;10044.0;2772.0;9947.7884376769
23.09.2025;23:30:00;10044.9;10048.8;10043.8;10048.0;2986.0;9948.9105533002
23.09.2025;23:40:00;10047.6;10052.3;10037.3;10038.4;13167.0;9950.0214477672
24.09.2025;08:50:00;10054.5;10054.5;10054.5;10054.5;143.0;9951.1212332895
24.09.2025;09:00:00;10055.0;10080.0;10042.5;10045.9;7801.0;9952.2100209566
24.09.2025;09:10:00;10045.1;10069.3;10043.6;10063.1;3542.0;9953.487920747
24.09.2025;09:20:00;10063.5;10063.6;10047.6;10052.6;1326.0;9954.7530415396
24.09.2025;09:30:00;10053.3;10053.9;10043.2;10044.1;2749.0;9956.0055111242
24.09.2025;09:40:00;10044.3;10062.0;10044.3;10061.6;2902.0;9957.2454560129
24.09.2025;09:50:00;10062.0;10069.8;10062.0;10064.9;3301.0;9958.4730014528
24.09.2025;10:00:00;10064.0;10079.0;10052.0;10077.0;11129.0;9959.6882714383
24.09.2025;10:10:00;10078.3;10085.0;10050.5;10057.0;12454.0;9960.8913887239
24.09.2025;10:20:00;10057.0;10074.3;10057.0;10074.3;7303.0;9962.1324748366
24.09.2025;10:30:00;10074.3;10088.8;10071.0;10074.1;8529.0;9963.3611500883
24.09.2025;10:40:00;10073.9;10079.3;10067.0;10073.4;7175.0;9964.6155385874
24.09.2025;10:50:00;10073.4;10075.9;10056.9;10057.5;4646.0;9965.8573832015
24.09.2025;11:00:00;10056.8;10057.1;10041.6;10047.0;16049.0;9967.0868093695
24.09.2025;11:10:00;10047.0;10047.1;10030.7;10038.9;8803.0;9968.3039412758
24.09.2025;11:20:00;10038.9;10042.7;10030.7;10033.6;10969.0;9969.5089018631
24.09.2025;11:30:00;10033.3;10037.0;10025.0;10027.2;4909.0;9970.7018128444
24.09.2025;11:40:00;10028.9;10028.9;10016.0;10017.3;8923.0;9971.882794716
24.09.2025;11:50:00;10018.4;10043.1;10016.6;10037.0;8998.0;9973.0519667688
24.09.2025;12:00:00;10035.2;10043.6;10020.8;10023.2;12201.0;9974.2094471011
24.09.2025;12:10:00;10022.2;10029.0;10010.5;10012.3;7428.0;9975.3553526301
24.09.2025;12:20:00;10010.6;10016.2;10007.0;10015.8;8647.0;9976.4897991038
24.09.2025;12:30:00;10016.0;10019.7;10007.6;10007.6;6020.0;9977.6129011128
24.09.2025;12:40:00;10007.7;10010.1;10001.5;10006.1;6088.0;9978.7247721017
24.09.2025;12:50:00;10007.2;10008.9;10004.5;10007.5;3247.0;9979.8255243806
24.09.2025;13:00:00;10007.5;10007.8;10001.0;10001.0;4204.0;9980.9152691368
24.09.2025;13:10:00;10001.1;10005.3;10001.0;10004.7;2912.0;9981.9941164455
24.09.2025;13:20:00;10005.0;10005.0;9988.4;9998.0;11450.0;9983.062175281
24.09.2025;13:30:00;9999.7;10002.5;9978.8;9978.8;9965.0;10088.8
24.09.2025;13:40:00;9978.8;9984.7;9968.8;9979.1;17298.0;10086.6
24.09.2025;13:50:00;9978.2;9980.1;9967.7;9970.2;6950.0;10085.422
24.09.2025;14:00:00;9969.6;9975.9;9965.0;9966.3;2345.0;10084.24478
24.09.2025;14:10:00;9965.1;9988.9;9965.0;9984.5;11672.0;10083.0523322
24.09.2025;14:20:00;9983.8;9986.6;9982.0;9984.4;6083.0;10081.871808878
24.09.2025;14:30:00;9983.4;9994.3;9981.5;9994.0;10007.0;10080.703090789
24.09.2025;14:40:00;9994.0;9997.5;9990.0;9995.9;4200.0;10079.546059881
24.09.2025;14:50:00;9997.3;10006.8;9997.3;10003.1;8032.0;10078.400599283
24.09.2025;15:00:00;10004.1;10006.2;9994.0;9996.8;4910.0;10077.26659329
24.09.2025;15:10:00;9996.9;10004.9;9989.4;10002.8;4331.0;10076.143927357
24.09.2025;15:20:00;10004.7;10005.5;9997.0;10000.2;3432.0;10075.032488083
24.09.2025;15:30:00;10000.0;10000.4;9987.8;9993.0;4745.0;10073.932163202
24.09.2025;15:40:00;9991.5;9996.0;9988.0;9994.7;3050.0;10072.84284157
24.09.2025;15:50:00;9994.9;9998.6;9991.5;9993.2;2169.0;10071.764413155
24.09.2025;16:00:00;9992.5;10004.7;9990.4;10001.2;3565.0;10070.696769023
24.09.2025;16:10:00;10000.8;10002.3;9995.9;9997.0;4267.0;10069.639801333
24.09.2025;16:20:00;9995.6;10008.5;9995.2;9998.4;5735.0;10068.59340332
24.09.2025;16:30:00;9998.3;10000.0;9983.5;9988.4;11337.0;10067.557469286
24.09.2025;16:40:00;9991.9;9994.3;9965.8;9967.0;9854.0;10066.531894594
24.09.2025;16:50:00;9967.1;9979.2;9951.0;9961.8;10419.0;10065.516575648
24.09.2025;17:00:00;9961.7;9978.9;9957.3;9967.6;8815.0;10064.371409891
24.09.2025;17:10:00;9965.8;9982.0;9957.4;9970.7;8891.0;10063.237695792
24.09.2025;17:20:00;9971.7;9973.1;9951.0;9972.7;7582.0;10062.115318834
24.09.2025;17:30:00;9972.9;9975.0;9960.3;9969.9;3977.0;10061.004165646
24.09.2025;17:40:00;9974.7;9990.7;9965.1;9981.6;12236.0;10059.904123989
24.09.2025;17:50:00;9981.4;9985.8;9961.1;9976.8;6233.0;10058.81508275
24.09.2025;18:00:00;9975.7;9978.1;9968.2;9976.2;3705.0;10057.736931922
24.09.2025;18:10:00;9976.1;9985.5;9966.9;9972.7;6826.0;10056.669562603
24.09.2025;18:20:00;9971.8;9977.3;9960.9;9962.5;1974.0;10055.612866977
24.09.2025;18:30:00;9963.0;9964.9;9948.5;9951.2;11573.0;10054.566738307
24.09.2025;18:40:00;9951.2;9954.8;9940.9;9944.4;6017.0;10053.506070924
24.09.2025;19:00:00;9948.1;9958.4;9944.5;9947.1;4796.0;10052.380010215
24.09.2025;19:10:00;9947.5;9949.9;9935.6;9938.1;8363.0;10051.265210113
24.09.2025;19:20:00;9938.7;9942.1;9925.0;9931.1;6372.0;10050.108558011
24.09.2025;19:30:00;9929.7;9941.3;9929.7;9938.9;3239.0;10048.857472431
24.09.2025;19:40:00;9938.6;9938.6;9905.1;9906.3;10694.0;10047.618897707
24.09.2025;19:50:00;9908.0;9923.8;9906.3;9921.2;4352.0;10046.19370873
24.09.2025;20:00:00;9920.1;9921.2;9906.5;9911.0;3082.0;10044.782771643
24.09.2025;20:10:00;9911.0;9918.2;9911.0;9916.3;1852.0;10043.385943926
24.09.2025;20:20:00;9916.2;9916.2;9910.3;9910.4;841.0;10042.003084487
24.09.2025;20:30:00;9910.8;9914.1;9905.8;9912.0;2302.0;10040.634053642
24.09.2025;20:40:00;9912.0;9915.2;9910.0;9914.1;1308.0;10039.278713106
24.09.2025;20:50:00;9913.0;9917.6;9910.6;9911.0;831.0;10037.936925975
24.09.2025;21:00:00;9910.9;9913.4;9902.2;9902.2;2272.0;10036.608556715
24.09.2025;21:10:00;9903.7;9905.7;9880.2;9885.2;11913.0;10035.264471148
24.09.2025;21:20:00;9885.2;9905.0;9875.7;9884.5;8974.0;10033.713826436
24.09.2025;21:30:00;9884.5;9905.0;9882.1;9903.0;2407.0;10032.133688172
24.09.2025;21:40:00;9905.0;9905.0;9890.0;9890.0;2501.0;10030.56935129
24.09.2025;21:50:00;9890.0;9892.0;9885.0;9885.8;1183.0;10029.020657777
24.09.2025;22:00:00;9887.6;9887.6;9883.0;9883.0;2656.0;10027.4874512
24.09.2025;22:10:00;9883.2;9887.1;9883.0;9884.6;2314.0;10025.969576688
24.09.2025;22:20:00;9884.6;9884.7;9878.0;9878.1;2111.0;10024.466880921
24.09.2025;22:30:00;9878.5;9902.8;9878.5;9897.2;3386.0;10022.979212111
24.09.2025;22:40:00;9897.5;9904.4;9895.4;9903.2;1376.0;10021.50641999
24.09.2025;22:50:00;9904.3;9905.6;9899.7;9901.9;3037.0;10020.04835579
24.09.2025;23:00:00;9902.9;9919.6;9902.9;9918.9;2929.0;10018.604872233
24.09.2025;23:10:00;9918.9;9925.0;9910.0;9917.2;2938.0;10017.17582351
24.09.2025;23:20:00;9913.4;9919.9;9910.6;9914.5;886.0;10015.761065275
24.09.2025;23:30:00;9915.8;9920.0;9914.4;9920.0;1003.0;10014.360454622
24.09.2025;23:40:00;9920.0;9923.7;9918.1;9921.8;1323.0;10012.973850076
25.09.2025;08:50:00;9925.0;9925.0;9925.0;9925.0;47.0;10011.601111575
25.09.2025;09:00:00;9925.0;9930.0;9903.8;9919.8;5486.0;10010.24210046
25.09.2025;09:10:00;9921.0;9964.4;9921.0;9943.6;8772.0;10008.896679455
25.09.2025;09:20:00;9944.2;9959.5;9944.1;9947.0;4084.0;10007.56471266
25.09.2025;09:30:00;9946.7;9948.7;9933.6;9933.6;2061.0;10006.246065534
25.09.2025;09:40:00;9933.5;9943.0;9927.9;9937.7;3315.0;10004.940604879
25.09.2025;09:50:00;9937.4;9937.9;9926.8;9927.0;1123.0;10003.64819883
25.09.2025;10:00:00;9929.8;9941.3;9907.3;9916.3;11315.0;10002.368716841
25.09.2025;10:10:00;9915.7;9932.9;9912.2;9929.3;9612.0;10001.102029673
25.09.2025;10:20:00;9930.0;9951.2;9929.4;9947.6;8611.0;9999.8480093763
25.09.2025;10:30:00;9946.1;9971.9;9941.9;9964.4;14902.0;9998.6065292825
25.09.2025;10:40:00;9966.7;9980.0;9961.5;9973.6;10573.0;9997.3774639897
25.09.2025;10:50:00;9973.5;9976.3;9953.6;9954.1;6508.0;9996.1606893498
25.09.2025;11:00:00;9954.9;9972.7;9954.9;9972.7;5635.0;9994.9560824563
25.09.2025;11:10:00;9972.7;9996.9;9972.7;9989.6;9405.0;9875.7
25.09.2025;11:20:00;9989.6;9991.6;9971.8;9976.6;15502.0;9878.124
25.09.2025;11:30:00;9975.0;9976.8;9956.2;9956.6;10224.0;9880.49952
25.09.2025;11:40:00;9956.8;9968.7;9956.8;9961.6;7184.0;9882.8275296
25.09.2025;11:50:00;9962.6;9983.8;9962.0;9978.4;5475.0;9885.108979008
25.09.2025;12:00:00;9978.9;9981.0;9966.6;9969.4;8774.0;9887.3447994278
25.09.2025;12:10:00;9968.2;9970.1;9961.5;9963.6;3998.0;9889.5359034393
25.09.2025;12:20:00;9963.6;9964.9;9954.2;9954.2;3225.0;9891.6831853705
25.09.2025;12:30:00;9955.1;9965.9;9955.1;9964.7;4237.0;9893.7875216631
25.09.2025;12:40:00;9965.7;9985.9;9965.1;9979.5;7690.0;9895.8497712298
25.09.2025;12:50:00;9980.2;9984.0;9970.0;9972.0;3760.0;9897.8707758052
25.09.2025;13:00:00;9972.9;9987.9;9972.6;9978.9;9612.0;9899.8513602891
25.09.2025;13:10:00;9981.0;9986.2;9978.0;9984.1;7009.0;9901.7923330833
25.09.2025;13:20:00;9983.8;9985.0;9981.2;9983.4;1807.0;9903.6944864217
25.09.2025;13:30:00;9983.4;9995.0;9981.2;9994.0;8062.0;9905.5585966932
25.09.2025;13:40:00;9994.0;9999.0;9988.5;9999.0;7373.0;9907.3854247594
25.09.2025;13:50:00;9998.9;10007.2;9990.6;9994.9;12612.0;9908.3015705118
25.09.2025;14:00:00;9992.2;9996.6;9957.5;9971.4;16935.0;9909.2905548067
25.09.2025;14:10:00;9971.0;9971.0;9960.2;9969.3;8434.0;9910.2696492586
25.09.2025;14:20:00;9969.3;9978.5;9958.0;9974.0;3957.0;9911.238952766
25.09.2025;14:30:00;9975.1;9980.9;9972.0;9979.9;2161.0;9912.1985632384
25.09.2025;14:40:00;9979.5;9982.6;9974.2;9980.3;3252.0;9913.148577606
25.09.2025;14:50:00;9979.8;9982.5;9975.0;9981.5;1817.0;9914.0890918299
25.09.2025;15:00:00;9981.8;9983.9;9974.3;9983.0;4367.0;9915.0202009116
25.09.2025;15:10:00;9982.7;9984.2;9976.0;9983.5;5522.0;9915.9419989025
25.09.2025;15:20:00;9984.2;9985.5;9977.3;9979.2;2052.0;9916.8545789135
25.09.2025;15:30:00;9980.0;9980.0;9954.7;9957.0;11433.0;9917.7580331243
25.09.2025;15:40:00;9957.0;9972.3;9952.7;9955.0;20513.0;9918.6524527931
25.09.2025;15:50:00;9954.0;9958.4;9947.5;9956.5;20181.0;9919.5379282652
25.09.2025;16:00:00;9955.6;9958.3;9948.7;9949.0;5704.0;9920.4145489825
25.09.2025;16:10:00;9950.6;9972.3;9947.4;9970.4;6530.0;9921.2824034927
25.09.2025;16:20:00;9970.5;9973.8;9957.5;9960.3;2792.0;9922.1415794578
25.09.2025;16:30:00;9960.6;9964.7;9947.0;9947.4;8714.0;9922.9921636632
25.09.2025;16:40:00;9947.0;9947.0;9924.7;9928.5;15745.0;9923.8342420266
25.09.2025;16:50:00;9929.8;9955.0;9926.6;9951.3;7194.0;9924.6678996063
25.09.2025;17:00:00;9952.8;9953.0;9940.3;9949.0;8826.0;9924.7
25.09.2025;17:10:00;9948.9;9966.5;9948.0;9966.5;13195.0;9925.525
25.09.2025;17:20:00;9965.8;9975.3;9959.8;9970.0;16299.0;9926.34175
25.09.2025;17:30:00;9969.5;9972.2;9960.3;9963.0;3640.0;9927.1503325
25.09.2025;17:40:00;9960.4;9966.7;9957.9;9965.4;9626.0;9927.950829175
25.09.2025;17:50:00;9964.8;9981.9;9958.5;9974.0;11913.0;9928.7433208832
25.09.2025;18:00:00;9974.1;9974.2;9955.0;9964.3;4271.0;9929.5278876744
25.09.2025;18:10:00;9963.2;9977.5;9963.0;9973.7;7217.0;9930.3046087977
25.09.2025;18:20:00;9975.4;9979.0;9958.5;9958.5;5012.0;9931.0735627097
25.09.2025;18:30:00;9958.0;9963.0;9952.7;9957.8;1935.0;9931.8348270826
25.09.2025;18:40:00;9957.8;9961.0;9949.0;9950.4;2954.0;9932.5884788118
25.09.2025;19:00:00;9960.0;9976.9;9960.0;9976.9;2370.0;9933.3345940237
25.09.2025;19:10:00;9976.9;9976.9;9961.0;9964.4;2639.0;9934.0732480834
25.09.2025;19:20:00;9966.8;9969.1;9951.6;9965.0;2887.0;9934.8045156026
25.09.2025;19:30:00;9967.0;9967.2;9940.0;9943.4;4327.0;9935.5284704466
25.09.2025;19:40:00;9943.4;9957.3;9931.5;9934.5;7338.0;10007.2
25.09.2025;19:50:00;9933.0;9943.3;9933.0;9935.6;1230.0;10005.686
25.09.2025;20:00:00;9936.6;9938.3;9924.7;9926.0;4710.0;10004.20228
25.09.2025;20:10:00;9926.0;9952.4;9924.7;9952.0;3272.0;10003.4072572
25.09.2025;20:20:00;9952.0;9960.0;9943.4;9953.9;1415.0;10002.620184628
25.09.2025;20:30:00;9957.5;9959.0;9951.2;9953.4;932.0;10001.840982782
25.09.2025;20:40:00;9953.5;9957.5;9951.9;9953.2;733.0;10001.069572954
25.09.2025;20:50:00;9955.9;9957.8;9924.0;9954.1;5208.0;10000.305877224
25.09.2025;21:00:00;9954.4;9958.0;9946.6;9946.9;3940.0;9999.5428184521
25.09.2025;21:10:00;9947.0;9951.0;9940.1;9950.5;557.0;9998.7873902676
25.09.2025;21:20:00;9951.0;9981.8;9951.0;9976.2;4208.0;9998.0395163649
25.09.2025;21:30:00;9977.6;9989.2;9972.1;9989.1;4238.0;9997.2991212013
25.09.2025;21:40:00;9986.9;9995.0;9980.4;9982.8;5897.0;9996.5661299893
25.09.2025;21:50:00;9982.0;9996.0;9982.0;9994.0;2030.0;9924.0
25.09.2025;22:00:00;9994.0;9994.0;9981.9;9986.0;2832.0;9925.44
25.09.2025;22:10:00;9985.4;9986.0;9976.9;9977.9;822.0;9926.8512
25.09.2025;22:20:00;9977.9;9977.9;9966.3;9968.5;1882.0;9928.234176
25.09.2025;22:30:00;9969.4;9969.4;9963.0;9966.5;1475.0;9929.58949248
25.09.2025;22:40:00;9964.4;9981.3;9964.4;9977.8;1855.0;9930.9177026304
25.09.2025;22:50:00;9975.9;9978.7;9973.2;9975.5;734.0;9932.2193485778
25.09.2025;23:00:00;9975.8;9980.7;9973.1;9976.8;1081.0;9933.4949616062
25.09.2025;23:10:00;9978.0;9991.8;9977.0;9984.4;1389.0;9934.7450623741
25.09.2025;23:20:00;9985.0;9991.9;9985.0;9987.2;2102.0;9935.9701611266
25.09.2025;23:30:00;9985.2;9986.8;9983.0;9986.0;345.0;9937.1707579041
25.09.2025;23:40:00;9984.0;9990.0;9970.0;9990.0;1826.0;9938.347342746
26.09.2025;09:00:00;9978.0;9982.0;9964.0;9980.0;3460.0;9939.5003958911
26.09.2025;09:10:00;9981.0;9994.5;9978.0;9993.9;2671.0;9940.6303879733
26.09.2025;09:20:00;9994.4;9997.0;9986.4;9988.1;1130.0;9941.7377802138
26.09.2025;09:30:00;9988.9;9990.5;9984.1;9984.9;546.0;9942.2904024117
26.09.2025;09:40:00;9986.5;9986.5;9970.5;9972.1;1182.0;9942.8374983876
26.09.2025;09:50:00;9973.8;9975.6;9965.4;9968.8;1174.0;9943.3791234037
26.09.2025;10:00:00;9968.4;9971.8;9954.6;9964.4;6931.0;9943.9153321696
26.09.2025;10:10:00;9965.0;9968.0;9960.8;9963.1;3249.0;9944.4461788479
26.09.2025;10:20:00;9963.4;9963.5;9952.6;9961.9;6551.0;9944.9717170595
26.09.2025;10:30:00;9961.2;9966.4;9955.9;9957.5;4063.0;9945.4919998889
26.09.2025;10:40:00;9956.8;9964.0;9955.7;9963.1;3837.0;9946.00707989
26.09.2025;10:50:00;9960.9;9974.0;9959.4;9963.0;5503.0;9946.5170090911
26.09.2025;11:00:00;9960.6;9974.5;9956.5;9974.5;2941.0;9947.0218390002
26.09.2025;11:10:00;9974.9;9974.9;9947.7;9968.6;14218.0;9947.5216206102
26.09.2025;11:20:00;9968.8;9972.7;9960.1;9962.2;2141.0;9947.7
26.09.2025;11:30:00;9963.9;9973.6;9963.3;9966.6;2176.0;9947.7
26.09.2025;11:40:00;9966.1;9972.9;9966.1;9969.1;2543.0;9948.193
26.09.2025;11:50:00;9969.4;9974.0;9969.2;9971.0;1334.0;9948.68107
26.09.2025;12:00:00;9971.3;9972.3;9968.9;9969.3;291.0;9949.1642593
26.09.2025;12:10:00;9970.5;9972.0;9963.3;9964.5;3406.0;9949.642616707
26.09.2025;12:20:00;9964.5;9970.3;9961.0;9969.4;11909.0;9950.1161905399
26.09.2025;12:30:00;9968.0;9968.0;9961.7;9967.7;5929.0;9950.5850286345
26.09.2025;12:40:00;9967.8;9969.1;9958.2;9959.4;3782.0;9951.0491783482
26.09.2025;12:50:00;9958.4;9963.7;9958.3;9961.4;2531.0;9951.5086865647
26.09.2025;13:00:00;9962.1;9969.6;9961.3;9968.3;1456.0;9951.9635996991
26.09.2025;13:10:00;9968.2;9969.5;9962.7;9962.7;3495.0;9952.4139637021
26.09.2025;13:20:00;9962.7;9964.7;9956.5;9958.6;5032.0;9952.859824065
26.09.2025;13:30:00;9958.6;9965.8;9947.4;9956.9;8923.0;9997.0
26.09.2025;13:40:00;9953.0;9953.0;9936.6;9937.1;8441.0;9996.008
26.09.2025;13:50:00;9938.4;9954.8;9932.6;9951.5;15023.0;9995.41392
26.09.2025;14:00:00;9951.6;9969.5;9947.2;9948.3;6697.0;9994.7857808
26.09.2025;14:10:00;9948.9;9960.4;9946.3;9956.8;2841.0;9994.163922992
26.09.2025;14:20:00;9956.8;9969.8;9956.7;9967.3;3808.0;9993.5482837621
26.09.2025;14:30:00;9968.9;9974.7;9966.5;9973.6;4994.0;9992.9388009245
26.09.2025;14:40:00;9973.6;9982.7;9972.7;9978.1;5398.0;9992.3354129152
26.09.2025;14:50:00;9980.6;9985.0;9965.9;9968.2;8106.0;9991.7380587861
26.09.2025;15:00:00;9967.4;9974.2;9967.2;9970.8;1073.0;9991.1466781982
26.09.2025;15:10:00;9968.4;9976.9;9968.2;9971.3;2038.0;9990.5612114162
26.09.2025;15:20:00;9971.1;9980.0;9968.8;9977.0;2979.0;9989.9815993021
26.09.2025;15:30:00;9975.2;9989.9;9968.8;9979.6;8031.0;9932.6
26.09.2025;15:40:00;9979.6;9991.9;9967.2;9991.8;8958.0;9933.746
26.09.2025;15:50:00;9991.8;9992.4;9972.5;9982.5;7486.0;9934.32754
26.09.2025;16:00:00;9983.4;9992.4;9978.5;9992.4;5331.0;9934.9082646
26.09.2025;16:10:00;9992.4;10009.0;9991.2;10000.0;14705.0;9935.483181954
26.09.2025;16:20:00;10001.6;10001.6;9975.5;9987.7;6184.0;9936.2183501345
26.09.2025;16:30:00;9987.7;9996.3;9975.0;9982.8;7519.0;9936.9461666331
26.09.2025;16:40:00;9982.6;9997.0;9978.6;9986.5;3948.0;9937.6667049668
26.09.2025;16:50:00;9986.5;10003.3;9986.5;9999.3;5236.0;9938.3800379171
26.09.2025;17:00:00;9998.8;10010.0;9998.6;10010.0;10579.0;9939.0862375379
26.09.2025;17:10:00;10010.0;10014.2;10007.9;10011.0;7801.0;9939.7953751626
26.09.2025;17:20:00;10010.8;10035.2;10007.1;10026.5;16875.0;9940.5394214109
26.09.2025;17:30:00;10025.4;10034.8;10020.2;10023.7;10558.0;9941.4860271968
26.09.2025;17:40:00;10023.5;10030.5;10007.5;10014.9;9617.0;9942.4231669249
26.09.2025;17:50:00;10015.7;10017.7;10003.0;10011.0;5874.0;9943.3509352556
26.09.2025;18:00:00;10007.2;10008.8;9982.1;10002.0;12726.0;9944.2694259031
26.09.2025;18:10:00;10002.0;10003.3;9988.1;9998.0;7258.0;9945.178731644
26.09.2025;18:20:00;9998.0;10009.9;9996.6;9997.6;4009.0;9946.0789443276
26.09.2025;18:30:00;9995.9;10000.9;9985.7;9986.7;6189.0;9946.9701548843
26.09.2025;18:40:00;9986.7;9998.1;9986.4;9995.6;2242.0;9947.8524533355
26.09.2025;19:00:00;9999.1;9999.4;9990.0;9992.9;2289.0;9948.7259288021
26.09.2025;19:10:00;9993.4;9996.3;9985.0;9987.6;3607.0;9949.5906695141
26.09.2025;19:20:00;9987.9;10000.0;9985.0;9991.6;1975.0;9950.446762819
26.09.2025;19:30:00;9994.9;10005.0;9993.2;9996.7;3970.0;9951.2942951908
26.09.2025;19:40:00;9999.3;10001.8;9987.7;9988.1;1605.0;9952.1333522389
26.09.2025;19:50:00;9988.7;9990.5;9983.6;9985.2;2044.0;9952.9640187165
26.09.2025;20:00:00;9987.6;9998.0;9987.6;9996.3;2106.0;9953.7863785293
26.09.2025;20:10:00;9996.8;10009.0;9996.8;10003.6;2099.0;9954.600514744
26.09.2025;20:20:00;10005.0;10009.7;10000.9;10006.0;1478.0;9955.4065095966
26.09.2025;20:30:00;10002.9;10009.3;9999.7;10004.0;2221.0;9956.2044445006
26.09.2025;20:40:00;10004.0;10011.0;10004.0;10006.1;816.0;9956.9944000556
26.09.2025;20:50:00;10004.7;10006.6;10001.2;10005.6;781.0;9957.776456055
26.09.2025;21:00:00;10003.8;10003.8;9988.5;9988.9;1808.0;9958.5506914945
26.09.2025;21:10:00;9988.8;9991.9;9984.6;9989.9;1849.0;9959.3171845795
26.09.2025;21:20:00;9989.9;9994.6;9989.9;9994.6;223.0;9960.0760127338
26.09.2025;21:30:00;9994.0;9999.9;9992.7;9998.5;367.0;9960.8272526064
26.09.2025;21:40:00;9996.1;10000.0;9994.5;10000.0;1052.0;9961.5709800803
26.09.2025;21:50:00;10000.0;10004.0;9997.4;9997.4;976.0;9962.3072702795
26.09.2025;22:00:00;9996.4;9999.3;9980.1;9985.3;2277.0;9963.0361975768
26.09.2025;22:10:00;9985.4;9989.3;9980.1;9988.0;6408.0;9963.757835601
26.09.2025;22:20:00;9988.1;9992.8;9985.0;9985.0;657.0;9964.472257245
26.09.2025;22:30:00;9985.0;9985.3;9978.0;9980.5;2344.0;9965.1795346725
26.09.2025;22:40:00;9979.0;9980.3;9972.1;9975.5;1451.0;9965.8797393258
26.09.2025;22:50:00;9973.2;9974.2;9965.5;9970.5;3098.0;10035.2
26.09.2025;23:00:00;9969.7;9981.0;9969.5;9980.8;1325.0;10033.806
26.09.2025;23:10:00;9980.8;9982.4;9969.5;9975.7;1021.0;10032.43988
26.09.2025;23:20:00;9973.9;9984.3;9973.9;9975.2;737.0;10031.1010824
26.09.2025;23:30:00;9973.4;9980.8;9969.0;9980.8;1119.0;10029.789060752
26.09.2025;23:40:00;9980.8;9980.8;9969.3;9979.5;1135.0;10028.503279537
27.09.2025;10:00:00;9984.7;9984.8;9961.0;9972.6;754.0;10027.243213946
27.09.2025;10:10:00;9972.6;9980.9;9965.1;9980.0;97.0;10026.580781807
27.09.2025;10:20:00;9979.0;9983.6;9966.5;9981.4;347.0;10025.924973989
27.09.2025;10:30:00;9971.3;9978.2;9971.0;9978.1;75.0;10025.275724249
27.09.2025;10:40:00;9975.3;9975.8;9973.0;9975.8;49.0;10024.632967006
27.09.2025;10:50:00;9973.1;9981.0;9973.1;9975.5;24.0;10023.996637336
27.09.2025;11:00:00;9977.7;9982.0;9976.8;9982.0;208.0;10023.366670963
27.09.2025;11:10:00;9981.5;9988.0;9981.0;9982.0;220.0;10022.743004253
27.09.2025;11:20:00;9982.0;9989.1;9981.1;9984.5;281.0;10022.125574211
27.09.2025;11:30:00;9986.0;9986.8;9981.3;9981.3;48.0;10021.514318469
27.09.2025;11:40:00;9985.2;9986.8;9981.3;9986.7;19.0;10020.909175284
27.09.2025;11:50:00;9982.1;9987.4;9982.1;9986.3;13.0;10020.310083531
27.09.2025;12:00:00;9986.3;9986.4;9981.2;9981.8;71.0;10019.716982696
27.09.2025;12:10:00;9981.9;9986.1;9981.2;9981.3;35.0;10019.129812869
27.09.2025;12:20:00;9981.4;9981.4;9981.2;9981.3;45.0;10018.54851474
27.09.2025;12:30:00;9981.3;9986.6;9981.3;9982.1;65.0;10017.973029593
27.09.2025;12:40:00;9982.3;9987.7;9981.2;9982.8;100.0;10017.403299297
27.09.2025;12:50:00;9985.2;9986.7;9983.4;9986.6;7.0;10016.839266304
27.09.2025;13:00:00;9986.5;9988.0;9986.5;9988.0;317.0;10016.280873641
27.09.2025;13:10:00;9988.9;9989.0;9986.6;9986.6;55.0;10015.728064904
27.09.2025;13:20:00;9986.6;9986.6;9983.0;9985.1;82.0;10015.180784255
27.09.2025;13:30:00;9987.0;9987.5;9982.6;9986.5;55.0;10014.638976413
27.09.2025;13:40:00;9983.4;9983.4;9982.6;9982.6;32.0;10014.102586649
27.09.2025;13:50:00;9982.8;9982.8;9981.2;9981.2;124.0;10013.571560782
27.09.2025;14:00:00;9985.9;9987.8;9980.5;9980.5;33.0;10013.045845174
27.09.2025;14:10:00;9981.1;9986.4;9980.5;9980.5;16.0;10012.525386723
27.09.2025;14:20:00;9982.1;9982.1;9980.5;9980.5;46.0;10012.010132855
27.09.2025;14:30:00;9985.2;9986.2;9985.2;9986.2;19.0;10011.500031527
27.09.2025;14:40:00;9986.1;9986.1;9986.1;9986.1;1.0;10010.995031212
27.09.2025;14:50:00;9986.1;9988.5;9986.1;9988.5;111.0;10010.495080899
27.09.2025;15:00:00;9987.7;9988.0;9987.7;9988.0;53.0;10010.00013009
27.09.2025;15:20:00;9983.6;9983.6;9983.6;9983.6;2.0;10009.51012879
27.09.2025;15:30:00;9987.9;9989.0;9983.9;9983.9;45.0;10009.025027502
27.09.2025;15:40:00;9985.2;9985.2;9985.1;9985.1;4.0;10008.544777227
27.09.2025;15:50:00;9985.2;9986.4;9979.7;9986.4;93.0;10008.069329454
27.09.2025;16:00:00;9980.4;9985.4;9970.0;9984.0;407.0;10007.59863616
27.09.2025;16:10:00;9973.2;9983.5;9972.6;9980.9;116.0;10007.132649798
27.09.2025;16:20:00;9982.0;9982.0;9972.2;9972.8;87.0;10006.6713233
27.09.2025;16:30:00;9979.1;9979.5;9972.9;9979.3;23.0;10006.214610067
27.09.2025;16:40:00;9979.2;9979.2;9979.2;9979.2;2.0;10005.762463967
27.09.2025;16:50:00;9978.9;9979.2;9974.2;9979.2;9.0;10005.314839327
27.09.2025;17:00:00;9978.4;9978.5;9972.6;9972.6;84.0;10004.871690934
27.09.2025;17:10:00;9977.4;9981.0;9972.2;9972.2;125.0;10004.432974024
27.09.2025;17:20:00;9972.5;9979.4;9972.2;9972.6;42.0;10003.998644284
27.09.2025;17:30:00;9978.9;9984.3;9974.1;9974.1;251.0;10003.568657841
27.09.2025;17:40:00;9982.9;9983.0;9979.9;9980.0;13.0;10003.142971263
27.09.2025;17:50:00;9980.0;9980.0;9980.0;9980.0;21.0;10002.72154155
27.09.2025;18:00:00;9975.6;9980.0;9973.0;9979.5;135.0;10002.304326135
27.09.2025;18:10:00;9973.5;9979.5;9973.5;9979.5;73.0;10001.891282873
27.09.2025;18:20:00;9975.5;9979.5;9975.5;9979.5;41.0;10001.482370045
27.09.2025;18:30:00;9975.7;9979.5;9975.5;9979.5;14.0;10001.077546344
27.09.2025;18:40:00;9976.6;9979.5;9976.6;9979.5;8.0;10000.676770881
27.09.2025;18:50:00;9979.5;9980.0;9976.6;9980.0;23.0;10000.280003172
28.09.2025;10:30:00;9980.0;9982.0;9980.0;9982.0;62.0;9999.8872031402
28.09.2025;10:40:00;9980.5;9982.0;9976.0;9981.8;1093.0;9999.4983311088
28.09.2025;10:50:00;9982.0;9982.5;9982.0;9982.5;72.0;9999.1133477977
28.09.2025;11:00:00;9982.5;9982.5;9982.0;9982.0;26.0;9998.7322143197
28.09.2025;11:20:00;9982.1;9982.1;9982.0;9982.0;2.0;9998.3548921765
28.09.2025;11:30:00;9982.0;9984.0;9982.0;9983.0;24.0;9997.9813432548
28.09.2025;11:40:00;9984.0;9984.0;9981.8;9981.8;592.0;9997.6115298222
28.09.2025;11:50:00;9978.1;9978.1;9976.2;9977.0;205.0;9997.245414524
28.09.2025;12:00:00;9977.5;9987.0;9976.1;9977.7;63.0;9996.8829603787
28.09.2025;12:10:00;9986.6;9986.6;9977.5;9977.5;40.0;9996.524130775
28.09.2025;12:20:00;9978.0;9978.0;9977.5;9977.5;5.0;9996.1688894672
28.09.2025;12:30:00;9977.5;9982.0;9977.5;9982.0;13.0;9995.8172005725
28.09.2025;12:40:00;9977.7;9977.7;9977.6;9977.6;3.0;9995.4690285668
28.09.2025;12:50:00;9980.7;9982.0;9980.7;9982.0;240.0;9995.1243382811
28.09.2025;13:00:00;9981.4;9981.5;9979.2;9979.2;24.0;9994.7830948983
28.09.2025;13:10:00;9980.8;9980.8;9977.6;9979.6;83.0;9994.4452639493
28.09.2025;13:20:00;9980.6;9980.8;9980.6;9980.8;6.0;9994.1108113099
28.09.2025;13:30:00;9977.9;9979.0;9977.9;9978.8;22.0;9993.7797031968
28.09.2025;13:40:00;9977.9;9977.9;9977.9;9977.9;2.0;9993.4519061648
28.09.2025;13:50:00;9977.7;9978.8;9977.7;9978.8;104.0;9993.1273871031
28.09.2025;14:00:00;9978.8;9978.9;9977.7;9978.0;18.0;9992.8061132321
28.09.2025;14:10:00;9978.0;9979.0;9978.0;9979.0;19.0;9992.4880520998
28.09.2025;14:20:00;9978.0;9978.0;9978.0;9978.0;5.0;9992.1731715788
28.09.2025;14:30:00;9977.7;9977.7;9977.6;9977.6;112.0;9991.861439863
28.09.2025;14:40:00;9977.6;9977.6;9977.5;9977.5;35.0;9991.5528254644
28.09.2025;14:50:00;9977.5;9977.7;9977.3;9977.3;10.0;9991.2472972097
28.09.2025;15:10:00;9977.2;9977.7;9976.0;9976.0;89.0;9990.9448242376
28.09.2025;15:20:00;9976.3;9977.7;9976.3;9977.7;55.0;9990.6453759953
28.09.2025;15:40:00;9976.4;9976.4;9975.0;9975.0;150.0;9990.3489222353
28.09.2025;15:50:00;9975.0;9975.0;9974.1;9974.1;6.0;9990.055433013
28.09.2025;16:00:00;9974.1;9975.0;9968.2;9975.0;644.0;9989.7648786828
28.09.2025;16:10:00;9976.0;9978.8;9976.0;9978.7;27.0;9989.477229896
28.09.2025;16:20:00;9978.5;9979.0;9978.5;9979.0;270.0;9989.192457597
28.09.2025;16:30:00;9976.0;9976.0;9976.0;9976.0;2.0;9988.9105330211
28.09.2025;16:40:00;9976.0;9978.9;9976.0;9976.0;25.0;9988.6314276909
28.09.2025;16:50:00;9976.0;9978.9;9975.0;9978.9;109.0;9988.3551134139
28.09.2025;17:00:00;9976.0;9979.0;9976.0;9976.0;42.0;9988.0815622798
28.09.2025;17:10:00;9978.5;9979.0;9978.5;9979.0;12.0;9987.810746657
28.09.2025;17:30:00;9979.0;9979.0;9975.0;9978.4;42.0;9987.5426391904
28.09.2025;17:40:00;9975.2;9978.0;9975.0;9978.0;11.0;9987.2772127985
28.09.2025;18:00:00;9976.6;9976.6;9975.0;9976.0;28.0;9987.0144406705
28.09.2025;18:10:00;9975.0;9975.0;9975.0;9975.0;2.0;9986.7542962638
28.09.2025;18:20:00;9976.0;9979.0;9975.5;9975.5;67.0;9986.4967533012
28.09.2025;18:30:00;9975.5;9979.0;9975.5;9979.0;11.0;9986.2417857682
28.09.2025;18:40:00;9979.0;9979.0;9975.0;9979.0;258.0;9985.9893679105
28.09.2025;18:50:00;9979.0;9979.0;9975.0;9975.0;14.0;9985.7394742314
29.09.2025;08:50:00;10080.0;10080.0;10080.0;10080.0;1407.0;9961.0
29.09.2025;09:00:00;10080.5;10134.0;10054.0;10074.8;19507.0;9963.38
29.09.2025;09:10:00;10074.8;10093.9;10071.8;10077.7;6587.0;9965.0862
29.09.2025;09:20:00;10077.7;10095.3;10077.7;10083.2;3474.0;9966.775338
29.09.2025;09:30:00;10084.7;10089.5;10084.5;10088.5;1633.0;9968.44758462
29.09.2025;09:40:00;10088.5;10105.4;10088.1;10088.9;5455.0;9970.1031087738
29.09.2025;09:50:00;10089.0;10092.2;10077.8;10088.9;4246.0;9971.7420776861
29.09.2025;10:00:00;10090.9;10094.3;10078.1;10080.1;8923.0;9973.3646569092
29.09.2025;10:10:00;10080.1;10080.1;10060.0;10064.2;9462.0;9974.9710103401
29.09.2025;10:20:00;10065.7;10073.9;10060.5;10068.7;9156.0;9976.5613002367
29.09.2025;10:30:00;10067.3;10070.9;10046.4;10049.0;6447.0;9978.1356872343
29.09.2025;10:40:00;10049.0;10050.7;10019.2;10030.9;12670.0;9979.694330362
29.09.2025;10:50:00;10031.0;10035.2;10020.0;10034.5;10713.0;9981.2373870584
29.09.2025;11:00:00;10034.2;10050.0;10033.2;10048.2;9784.0;9982.7650131878
29.09.2025;11:10:00;10048.3;10056.0;10048.1;10052.9;6160.0;9984.2773630559
29.09.2025;11:20:00;10052.9;10053.1;10043.5;10047.7;3492.0;9985.7745894254
29.09.2025;11:30:00;10047.1;10059.7;10045.4;10056.0;2383.0;9987.2568435311
29.09.2025;11:40:00;10055.9;10074.0;10055.9;10069.2;8014.0;9988.7242750958
29.09.2025;11:50:00;10068.1;10073.7;10066.1;10070.2;7536.0;9990.1770323448
29.09.2025;12:00:00;10070.0;10071.4;10063.5;10065.1;3804.0;9991.6152620214
29.09.2025;12:10:00;10065.1;10069.4;10061.8;10062.3;4060.0;9993.0391094012
29.09.2025;12:20:00;10062.1;10063.8;10051.6;10061.7;6058.0;9994.4487183072
29.09.2025;12:30:00;10061.5;10062.2;10046.5;10053.1;3090.0;9995.8442311241
29.09.2025;12:40:00;10052.5;10056.4;10041.2;10043.1;4175.0;9997.2257888129
29.09.2025;12:50:00;10043.6;10048.5;10043.4;10048.5;1150.0;9998.5935309247
29.09.2025;13:00:00;10048.5;10059.9;10048.3;10056.4;2235.0;9999.9475956155
29.09.2025;13:10:00;10054.4;10059.1;10051.1;10057.7;4547.0;10001.288119659
29.09.2025;13:20:00;10057.7;10076.0;10057.7;10068.5;5410.0;10002.615238463
29.09.2025;13:30:00;10068.6;10078.1;10059.7;10075.6;9198.0;10003.929086078
29.09.2025;13:40:00;10075.8;10084.0;10074.3;10075.1;8867.0;10005.229795217
29.09.2025;13:50:00;10074.5;10077.3;10067.5;10073.4;14909.0;10006.517497265
29.09.2025;14:00:00;10075.4;10080.6;10065.8;10067.3;4985.0;10007.792322292
29.09.2025;14:10:00;10067.4;10087.4;10061.0;10081.7;10314.0;10009.05439907
29.09.2025;14:20:00;10081.7;10083.1;10058.6;10069.0;19444.0;10010.303855079
29.09.2025;14:30:00;10070.1;10080.5;10070.1;10074.0;6549.0;10011.540816528
29.09.2025;14:40:00;10075.7;10079.6;10073.0;10074.4;1760.0;10012.765408363
29.09.2025;14:50:00;10075.0;10101.3;10074.2;10093.7;15392.0;10013.977754279
29.09.2025;15:00:00;10095.0;10101.8;10085.3;10085.7;11849.0;10015.177976736
29.09.2025;15:10:00;10086.4;10089.2;10076.5;10085.1;6165.0;10016.366196969
29.09.2025;15:20:00;10085.1;10099.4;10082.5;10087.9;17077.0;10017.542534999
29.09.2025;15:30:00;10087.5;10090.7;10073.2;10083.6;13003.0;10018.707109649
29.09.2025;15:40:00;10084.6;10087.1;10081.8;10086.5;3533.0;10019.860038553
29.09.2025;15:50:00;10085.5;10104.1;10082.1;10088.2;22019.0;10021.001438167
29.09.2025;16:00:00;10088.4;10094.8;10078.0;10084.4;5753.0;10022.131423786
29.09.2025;16:10:00;10084.7;10098.0;10084.1;10094.9;6478.0;10023.250109548
29.09.2025;16:20:00;10094.2;10099.0;10090.7;10093.5;5344.0;10024.357608452
29.09.2025;16:30:00;10092.9;10096.0;10084.3;10096.0;5847.0;10025.454032368
29.09.2025;16:40:00;10096.9;10099.8;10086.8;10087.8;2214.0;10026.539492044
29.09.2025;16:50:00;10087.8;10090.3;10073.2;10078.7;5231.0;10027.614097124
29.09.2025;17:00:00;10077.8;10095.1;10077.8;10087.7;4174.0;10028.677956152
29.09.2025;17:10:00;10087.7;10097.5;10077.1;10077.4;2518.0;10029.731176591
29.09.2025;17:20:00;10077.0;10089.5;10072.1;10086.2;4973.0;10030.773864825
29.09.2025;17:30:00;10085.8;10091.0;10076.1;10080.0;3359.0;10031.806126177
29.09.2025;17:40:00;10079.3;10082.4;10075.0;10075.1;3711.0;10032.828064915
29.09.2025;17:50:00;10075.9;10086.2;10075.4;10083.7;8491.0;10033.839784266
29.09.2025;18:00:00;10083.5;10090.0;10073.7;10077.2;5253.0;10034.841386423
29.09.2025;18:10:00;10079.5;10080.0;10071.2;10078.8;6721.0;10035.832972559
29.09.2025;18:20:00;10078.8;10092.0;10077.5;10092.0;8043.0;10036.814642833
29.09.2025;18:30:00;10091.8;10097.1;10088.6;10095.7;5060.0;10037.786496405
29.09.2025;18:40:00;10095.7;10102.7;10095.7;10101.6;5243.0;10038.748631441
29.09.2025;19:00:00;10095.1;10097.0;10080.2;10094.5;2353.0;10039.701145127
29.09.2025;19:10:00;10095.2;10115.0;10095.2;10114.3;5715.0;10040.644133675
29.09.2025;19:20:00;10113.6;10120.0;10108.3;10109.0;4167.0;10041.577692339
29.09.2025;19:30:00;10108.6;10113.5;10107.3;10108.8;1617.0;10042.501915415
29.09.2025;19:40:00;10109.2;10111.3;10103.7;10108.5;1199.0;10043.416896261
29.09.2025;19:50:00;10108.5;10109.7;10107.5;10109.6;248.0;10044.322727298
29.09.2025;20:00:00;10109.6;10112.6;10107.9;10111.0;1006.0;10045.219500025
29.09.2025;20:10:00;10109.9;10111.0;10097.0;10101.8;2947.0;10046.107305025
29.09.2025;20:20:00;10100.1;10102.8;10089.3;10092.3;2860.0;10046.986231975
29.09.2025;20:30:00;10092.9;10099.3;10089.8;10092.0;1166.0;10047.856369655
29.09.2025;20:40:00;10092.0;10099.4;10091.0;10095.2;973.0;10048.717805959
29.09.2025;20:50:00;10095.2;10097.2;10094.4;10095.7;687.0;10049.570627899
29.09.2025;21:00:00;10097.7;10097.7;10084.0;10084.0;696.0;10050.41492162
29.09.2025;21:10:00;10084.9;10093.8;10084.9;10093.0;712.0;10051.250772404
29.09.2025;21:20:00;10093.0;10102.3;10093.0;10100.1;751.0;10052.07826468
29.09.2025;21:30:00;10100.9;10102.2;10088.0;10089.0;715.0;10052.897482033
29.09.2025;21:40:00;10089.0;10090.5;10084.3;10090.0;756.0;10053.708507213
29.09.2025;21:50:00;10091.6;10094.3;10086.8;10091.9;310.0;10054.511422141
29.09.2025;22:00:00;10090.8;10094.0;10090.2;10093.0;202.0;10055.306307919
29.09.2025;22:10:00;10091.9;10100.5;10091.8;10096.9;855.0;10056.09324484
29.09.2025;22:20:00;10097.4;10097.4;10091.7;10093.9;430.0;10056.872312392
29.09.2025;22:30:00;10095.2;10095.7;10091.0;10094.0;253.0;10057.643589268
29.09.2025;22:40:00;10094.1;10100.7;10094.1;10097.4;1425.0;10058.407153375
29.09.2025;22:50:00;10096.3;10097.4;10096.3;10096.5;43.0;10059.163081841
29.09.2025;23:00:00;10096.8;10100.0;10096.8;10099.4;187.0;10059.911451023
29.09.2025;23:10:00;10099.5;10102.3;10099.5;10101.1;207.0;10060.652336513
29.09.2025;23:20:00;10101.2;10102.8;10100.0;10100.4;291.0;10061.385813147
29.09.2025;23:30:00;10100.0;10112.4;10100.0;10108.0;1254.0;10062.111955016
29.09.2025;23:40:00;10108.0;10115.0;10104.2;10114.9;1936.0;10062.830835466
30.09.2025;08:50:00;10194.9;10194.9;10194.9;10194.9;1961.0;10063.542527111
30.09.2025;09:00:00;10194.1;10199.9;10174.0;10178.5;15316.0;10064.85610184
30.09.2025;09:10:00;10177.3;10194.8;10175.1;10177.5;10262.0;10066.206540822
30.09.2025;09:20:00;10176.7;10183.9;10157.4;10183.7;10186.0;10067.543475413
30.09.2025;09:30:00;10182.9;10189.9;10179.9;10189.2;3392.0;10068.867040659
30.09.2025;09:40:00;10189.2;10189.2;10176.4;10176.4;2718.0;10070.177370253
30.09.2025;09:50:00;10175.8;10175.8;10145.7;10147.6;7248.0;10071.47459655
30.09.2025;10:00:00;10146.5;10165.7;10140.9;10153.1;17536.0;10072.758850585
30.09.2025;10:10:00;10157.4;10168.9;10149.1;10162.2;11223.0;10074.030262079
30.09.2025;10:20:00;10161.4;10167.8;10144.1;10149.4;10638.0;10075.288959458
30.09.2025;10:30:00;10149.3;10155.7;10146.7;10149.8;3446.0;10076.535069863
30.09.2025;10:40:00;10149.0;10150.3;10123.8;10132.0;15534.0;10077.768719165
30.09.2025;10:50:00;10132.0;10141.5;10131.1;10135.1;15224.0;10078.990031973
30.09.2025;11:00:00;10134.4;10138.9;10106.3;10115.2;9831.0;10080.199131653
30.09.2025;11:10:00;10116.0;10132.4;10109.8;10113.0;12751.0;10081.396140337
30.09.2025;11:20:00;10113.0;10114.4;10092.5;10094.6;29689.0;10082.581178934
30.09.2025;11:30:00;10094.6;10094.7;10043.6;10043.6;49468.0;10199.9
30.09.2025;11:40:00;10043.5;10076.7;10042.9;10064.5;18087.0;10196.774
30.09.2025;11:50:00;10063.1;10065.7;10047.0;10052.2;17016.0;10195.23526
30.09.2025;12:00:00;10049.5;10054.5;10031.8;10039.0;20973.0;10193.7119074
30.09.2025;12:10:00;10039.8;10039.9;10004.5;10022.1;37335.0;10192.092788326
30.09.2025;12:20:00;10022.3;10024.0;9992.1;10007.8;36937.0;10190.216860443
30.09.2025;12:30:00;10010.7;10029.7;10002.3;10006.0;15074.0;10188.235691838
30.09.2025;12:40:00;10006.0;10013.5;9976.8;9995.4;27854.0;10186.27433492
30.09.2025;12:50:00;9996.3;10019.5;9991.5;10000.1;17928.0;10184.179591571
30.09.2025;13:00:00;9997.6;10007.1;9991.8;9999.3;16299.0;10182.105795655
30.09.2025;13:10:00;9996.0;10011.0;9987.8;9996.5;6209.0;10180.052737698
30.09.2025;13:20:00;9995.7;10006.0;9992.2;9993.2;5918.0;10178.020210321
30.09.2025;13:30:00;9993.4;10030.6;9991.2;10018.6;10287.0;10176.008008218
30.09.2025;13:40:00;10018.6;10023.0;10008.0;10010.3;9906.0;10174.015928136
30.09.2025;13:50:00;10009.0;10016.8;10008.4;10011.9;3631.0;10172.043768855
30.09.2025;14:00:00;10017.9;10018.2;9999.6;10004.5;3066.0;10170.091331166
30.09.2025;14:10:00;10002.0;10004.2;9982.3;9999.0;15591.0;10168.158417855
30.09.2025;14:20:00;9999.5;10009.8;9991.6;10008.8;8563.0;10166.244833676
30.09.2025;14:30:00;10006.3;10026.0;10003.8;10021.9;6854.0;10164.350385339
30.09.2025;14:40:00;10020.7;10029.8;10010.0;10013.1;4681.0;10162.474881486
30.09.2025;14:50:00;10012.9;10021.1;10009.3;10017.4;4761.0;10160.618132671
30.09.2025;15:00:00;10016.5;10017.9;10002.4;10005.1;8617.0;10158.779951344
30.09.2025;15:10:00;10007.8;10020.4;10001.0;10017.1;6942.0;10156.960151831
30.09.2025;15:20:00;10018.5;10025.8;10015.0;10018.5;3233.0;10155.158550313
30.09.2025;15:30:00;10018.0;10019.1;10007.5;10010.8;3553.0;10153.374964809
30.09.2025;15:40:00;10009.9;10009.9;9993.5;10008.8;10026.0;10151.609215161
30.09.2025;15:50:00;10008.1;10015.0;10000.4;10011.7;4278.0;10149.86112301
30.09.2025;16:00:00;10013.4;10017.7;9989.6;9994.9;7566.0;10148.13051178
30.09.2025;16:10:00;9994.2;9997.9;9975.1;9989.6;30953.0;10146.417206662
30.09.2025;16:20:00;9989.7;9993.2;9980.0;9980.5;24908.0;10144.704034595
30.09.2025;16:30:00;9980.4;10007.5;9976.8;10005.5;7485.0;10143.007994249
30.09.2025;16:40:00;10006.0;10021.5;9998.0;10009.6;7750.0;10141.328914307
30.09.2025;16:50:00;10007.9;10009.4;9978.6;9985.3;27602.0;10139.666625164
30.09.2025;17:00:00;9985.3;10029.8;9981.8;10029.1;16528.0;10138.020958912
30.09.2025;17:10:00;10027.6;10042.0;10027.4;10040.8;26638.0;10136.391749323
30.09.2025;17:20:00;10040.7;10042.0;10021.0;10025.2;23598.0;10134.77883183
30.09.2025;17:30:00;10027.0;10040.2;10019.5;10040.2;16206.0;10133.182043511
30.09.2025;17:40:00;10040.2;10050.0;10038.0;10048.3;5726.0;10131.601223076
30.09.2025;17:50:00;10048.1;10049.9;10039.5;10043.1;12163.0;10130.036210845
30.09.2025;18:00:00;10043.4;10045.6;10017.1;10021.3;22051.0;10128.486848737
30.09.2025;18:10:00;10021.2;10032.5;10001.9;10017.8;32203.0;10126.95298025
30.09.2025;18:20:00;10018.7;10027.9;10015.3;10021.0;4908.0;10125.434450447
30.09.2025;18:30:00;10022.9;10032.1;10020.3;10025.9;2362.0;10123.931105943
30.09.2025;18:40:00;10026.2;10031.9;10021.4;10031.9;2268.0;10122.442794883
30.09.2025;19:00:00;10032.4;10054.7;10025.6;10052.9;4188.0;10120.969366934
30.09.2025;19:10:00;10052.6;10058.5;10045.8;10058.4;7200.0;10119.510673265
30.09.2025;19:20:00;10058.4;10058.5;10048.6;10049.0;1580.0;10118.066566532
30.09.2025;19:30:00;10049.0;10050.9;10044.6;10050.0;1537.0;10116.636900867
30.09.2025;19:40:00;10050.9;10058.5;10050.6;10058.0;941.0;10115.221531858
30.09.2025;19:50:00;10058.2;10059.2;10051.6;10051.6;3232.0;10113.82031654
30.09.2025;20:00:00;10051.7;10055.0;10044.8;10049.8;1823.0;10112.433113374
30.09.2025;20:10:00;10049.2;10055.0;10044.6;10055.0;1784.0;10111.059782241
30.09.2025;20:20:00;10055.0;10057.1;10045.0;10047.8;461.0;10109.700184418
30.09.2025;20:30:00;10046.6;10057.1;10045.1;10050.0;972.0;10108.354182574
30.09.2025;20:40:00;10051.7;10055.0;10042.0;10043.6;1016.0;10107.021640748
30.09.2025;20:50:00;10042.1;10045.0;10038.9;10045.0;737.0;10105.702424341
30.09.2025;21:00:00;10045.0;10045.0;10030.9;10033.3;1288.0;10104.396400097
30.09.2025;21:10:00;10032.6;10049.8;10032.6;10049.8;2307.0;10103.103436097
30.09.2025;21:20:00;10048.1;10054.0;10044.6;10050.9;269.0;10101.823401736
30.09.2025;21:30:00;10050.0;10050.9;10043.8;10048.5;881.0;10100.556167718
30.09.2025;21:40:00;10047.1;10053.4;10047.1;10053.4;644.0;10099.301606041
30.09.2025;21:50:00;10054.0;10059.4;10053.0;10059.4;795.0;10098.059589981
30.09.2025;22:00:00;10059.2;10061.0;10057.5;10059.8;2610.0;10096.829994081
30.09.2025;22:10:00;10061.2;10072.6;10060.0;10070.1;2622.0;10095.61269414
30.09.2025;22:20:00;10069.7;10077.8;10069.7;10072.0;3020.0;10094.407567199
30.09.2025;22:30:00;10072.0;10077.2;10071.0;10076.4;1277.0;10093.214491527
30.09.2025;22:40:00;10076.4;10077.8;10076.0;10076.9;1490.0;10092.033346611
30.09.2025;22:50:00;10077.0;10100.0;10076.8;10089.2;7440.0;9975.1
30.09.2025;23:00:00;10088.7;10088.7;10075.0;10080.0;2117.0;9977.598
30.09.2025;23:10:00;10075.3;10081.5;10075.0;10081.5;1191.0;9980.04604
30.09.2025;23:20:00;10080.0;10081.5;10073.0;10080.2;1172.0;9982.4451192
30.09.2025;23:30:00;10078.9;10084.6;10075.2;10084.5;866.0;9984.796216816
30.09.2025;23:40:00;10083.4;10090.3;10081.7;10088.0;3181.0;9987.1002924797
01.10.2025;08:50:00;10090.0;10090.0;10090.0;10090.0;637.0;9989.3582866301
01.10.2025;09:00:00;10091.3;10110.9;10087.1;10089.9;5713.0;9991.5711208975
01.10.2025;09:10:00;10087.7;10087.7;10055.4;10056.0;7022.0;9992.7644096885
01.10.2025;09:20:00;10055.7;10070.4;10050.0;10070.4;5342.0;9993.9457655916
01.10.2025;09:30:00;10072.5;10077.2;10070.6;10074.4;2715.0;9995.1153079357
01.10.2025;09:40:00;10071.9;10082.8;10070.0;10079.8;1350.0;9996.2731548563
01.10.2025;09:50:00;10080.9;10082.9;10075.0;10078.9;1060.0;9997.4194233078
01.10.2025;10:00:00;10078.9;10092.8;10032.1;10035.0;15862.0;9998.5542290747
01.10.2025;10:10:00;10035.8;10057.0;10034.9;10053.9;18286.0;9999.677686784
01.10.2025;10:20:00;10052.5;10060.0;10041.3;10059.3;11811.0;10000.789909916
01.10.2025;10:30:00;10060.0;10070.1;10059.9;10063.4;4350.0;10001.891010817
01.10.2025;10:40:00;10065.8;10069.9;10035.2;10069.9;21125.0;10002.981100709
01.10.2025;10:50:00;10069.8;10071.7;10047.0;10067.6;26349.0;10004.060289702
01.10.2025;11:00:00;10067.9;10084.9;10057.5;10067.5;15814.0;10005.128686805
01.10.2025;11:10:00;10068.1;10086.4;10065.3;10086.0;17625.0;10006.186399937
01.10.2025;11:20:00;10085.9;10086.6;10059.1;10059.8;9600.0;10007.233535937
01.10.2025;11:30:00;10060.0;10061.4;10000.0;10000.9;28378.0;10110.9
01.10.2025;11:40:00;10000.9;10052.1;9993.5;10037.1;30506.0;10108.682
01.10.2025;11:50:00;10037.2;10059.0;10031.0;10059.0;4092.0;10107.53018
01.10.2025;12:00:00;10059.1;10061.8;10029.7;10033.2;21830.0;10106.3898782
01.10.2025;12:10:00;10034.0;10041.1;10027.4;10035.5;6753.0;10105.260979418
01.10.2025;12:20:00;10036.5;10036.5;10019.2;10024.2;12966.0;10104.143369624
01.10.2025;12:30:00;10024.9;10030.8;10022.2;10030.8;3456.0;10103.036935928
01.10.2025;12:40:00;10030.2;10038.5;10027.8;10032.1;7655.0;10101.941566568
01.10.2025;12:50:00;10034.9;10048.3;10033.5;10046.4;5009.0;10100.857150903
01.10.2025;13:00:00;10046.5;10048.8;10033.3;10042.9;5292.0;10099.783579394
01.10.2025;13:10:00;10043.0;10047.0;10034.3;10040.5;5107.0;10098.7207436
01.10.2025;13:20:00;10038.6;10050.0;10038.6;10042.1;5075.0;10097.668536164
01.10.2025;13:30:00;10040.7;10057.9;10038.1;10055.0;9945.0;10096.626850802
01.10.2025;13:40:00;10055.0;10069.8;10051.9;10059.0;4697.0;10095.595582294
01.10.2025;13:50:00;10058.6;10064.8;10056.1;10060.5;2512.0;10094.574626471
01.10.2025;14:00:00;10057.9;10067.9;10055.1;10058.6;2425.0;10093.563880206
01.10.2025;14:10:00;10059.8;10061.2;10051.9;10058.0;2959.0;10092.563241404
01.10.2025;14:20:00;10059.7;10060.0;10051.1;10051.4;2220.0;10091.57260899
01.10.2025;14:30:00;10052.7;10060.4;10049.5;10058.4;7900.0;10090.5918829
01.10.2025;14:40:00;10058.8;10077.7;10053.0;10058.4;10343.0;10089.620964071
01.10.2025;14:50:00;10058.0;10069.4;10056.9;10062.2;3263.0;10088.659754431
01.10.2025;15:00:00;10061.9;10062.1;10051.7;10055.5;10507.0;10087.708156886
01.10.2025;15:10:00;10056.7;10079.7;10054.8;10076.0;6303.0;10086.766075317
01.10.2025;15:20:00;10076.1;10078.4;10044.4;10047.3;14641.0;10085.833414564
01.10.2025;15:30:00;10047.3;10058.1;10041.3;10050.0;11356.0;10084.910080419
01.10.2025;15:40:00;10047.0;10050.7;10040.1;10041.4;9100.0;10083.995979614
01.10.2025;15:50:00;10041.4;10054.5;10032.3;10054.5;22645.0;10083.091019818
01.10.2025;16:00:00;10051.8;10055.0;10039.3;10047.5;8599.0;10082.19510962
01.10.2025;16:10:00;10048.1;10053.7;10038.2;10045.9;9480.0;10081.308158524
01.10.2025;16:20:00;10045.4;10050.5;10026.6;10032.9;17335.0;10080.430076939
01.10.2025;16:30:00;10032.3;10040.4;10018.8;10028.6;18466.0;10079.560776169
01.10.2025;16:40:00;10029.1;10043.2;10018.4;10031.4;23238.0;10078.700168408
01.10.2025;16:50:00;10031.2;10035.5;10024.8;10035.5;7476.0;10077.848166724
01.10.2025;17:00:00;10034.3;10039.0;10015.4;10021.0;11822.0;10077.004685056
01.10.2025;17:10:00;10018.7;10028.4;10006.9;10020.9;10577.0;10076.169638206
01.10.2025;17:20:00;10024.4;10040.7;10022.1;10032.9;8309.0;10075.342941824
01.10.2025;17:30:00;10031.8;10041.5;10024.1;10025.0;4797.0;10074.524512405
01.10.2025;17:40:00;10026.6;10027.5;9980.0;9997.4;31039.0;10073.714267281
01.10.2025;17:50:00;9997.6;10013.4;9991.0;10001.0;31293.0;10072.777124609
01.10.2025;18:00:00;10000.1;10030.0;9998.7;10027.0;12983.0;10071.849353362
01.10.2025;18:10:00;10027.8;10028.5;10002.0;10003.0;9721.0;10070.930859829
01.10.2025;18:20:00;10003.0;10009.5;9984.1;9985.4;6320.0;10070.021551231
01.10.2025;18:30:00;9985.3;10001.7;9982.5;9993.1;12283.0;10069.121335718
01.10.2025;18:40:00;9993.1;10008.5;9993.1;10006.1;3463.0;10068.230122361
01.10.2025;19:00:00;10008.5;10020.0;10003.8;10013.7;1248.0;10067.347821137
01.10.2025;19:10:00;10011.7;10015.0;10001.2;10003.3;1886.0;10066.474342926
01.10.2025;19:20:00;10004.5;10009.9;10000.1;10001.3;1554.0;10065.609599497
01.10.2025;19:30:00;10000.8;10006.9;10000.0;10006.9;1134.0;10064.753503502
01.10.2025;19:40:00;10006.3;10010.1;10004.0;10009.5;997.0;10063.905968467
01.10.2025;19:50:00;10008.9;10009.5;9985.0;9994.1;3251.0;10063.066908782
01.10.2025;20:00:00;9998.0;10009.4;9991.2;10001.2;427.0;10062.236239694
01.10.2025;20:10:00;10000.4;10002.9;9994.9;9995.4;484.0;10061.413877297
01.10.2025;20:20:00;9995.5;10003.0;9994.2;9997.6;1307.0;10060.599738524
01.10.2025;20:30:00;9997.1;10000.7;9991.0;9992.9;964.0;10059.793741139
01.10.2025;20:40:00;9994.0;9996.2;9985.6;9985.6;879.0;10058.995803728
01.10.2025;20:50:00;9985.2;9993.9;9985.0;9985.0;2128.0;10058.205845691
01.10.2025;21:00:00;9985.0;9985.3;9962.4;9966.0;6949.0;10057.423787234
01.10.2025;21:10:00;9968.6;9984.2;9965.9;9981.7;4714.0;10056.473549361
01.10.2025;21:20:00;9982.3;9987.9;9973.5;9981.0;1981.0;10055.532813868
01.10.2025;21:30:00;9978.7;9983.5;9966.3;9982.4;7107.0;10054.601485729
01.10.2025;21:40:00;9982.4;9982.4;9973.0;9980.3;828.0;10053.679470872
01.10.2025;21:50:00;9978.3;9978.3;9969.5;9971.7;1089.0;10052.766676163
01.10.2025;22:00:00;9971.8;9978.7;9971.7;9976.6;862.0;10051.863009401
01.10.2025;22:10:00;9976.6;9976.9;9974.1;9976.9;547.0;10050.968379307
01.10.2025;22:20:00;9976.1;9981.1;9975.0;9981.1;879.0;10050.082695514
01.10.2025;22:30:00;9979.4;9983.5;9979.4;9983.0;478.0;10049.205868559
01.10.2025;22:40:00;9983.0;9999.0;9982.5;9996.6;1298.0;10048.337809874
01.10.2025;22:50:00;9996.6;9999.0;9985.6;9988.5;931.0;10047.478431775
01.10.2025;23:00:00;9987.4;9988.2;9975.5;9975.5;489.0;10046.627647457
01.10.2025;23:10:00;9975.5;9979.5;9975.1;9976.6;339.0;10045.785370982
01.10.2025;23:20:00;9976.6;9978.1;9975.1;9978.1;593.0;10044.951517273
01.10.2025;23:30:00;9976.8;9981.6;9974.1;9974.2;1078.0;10044.1260021
01.10.2025;23:40:00;9980.1;9987.0;9973.5;9984.9;900.0;10043.308742079
02.10.2025;08:50:00;9980.5;9980.5;9980.5;9980.5;25.0;10042.499654658
02.10.2025;09:00:00;9980.5;10001.0;9980.5;10000.9;3031.0;10041.698658112
02.10.2025;09:10:00;10000.9;10006.6;9970.0;9970.1;4597.0;10040.90567153
02.10.2025;09:20:00;9970.0;9977.6;9943.5;9964.8;9865.0;10040.120614815
02.10.2025;09:30:00;9967.0;9971.5;9945.0;9959.6;3562.0;10039.154408667
02.10.2025;09:40:00;9962.8;9971.7;9953.3;9953.3;3283.0;10038.19786458
02.10.2025;09:50:00;9953.0;9953.0;9933.0;9941.2;6582.0;10037.250885935
02.10.2025;10:00:00;9941.4;9987.1;9939.3;9984.5;19560.0;10036.208377075
02.10.2025;10:10:00;9985.1;10013.2;9979.6;10006.3;12477.0;10035.176293304
02.10.2025;10:20:00;10006.4;10011.0;9978.0;9980.6;8621.0;10034.154530371
02.10.2025;10:30:00;9979.3;9984.0;9967.8;9976.8;7735.0;10033.142985068
02.10.2025;10:40:00;9975.2;9976.7;9963.7;9974.7;6191.0;10032.141555217
02.10.2025;10:50:00;9974.7;9989.0;9972.1;9986.6;12911.0;10031.150139665
02.10.2025;11:00:00;9986.6;9986.6;9956.8;9958.8;6826.0;10030.168638268
02.10.2025;11:10:00;9958.3;9968.1;9953.3;9966.9;4201.0;10029.196951885
02.10.2025;11:20:00;9966.9;9972.8;9962.5;9969.8;2401.0;10028.234982367
02.10.2025;11:30:00;9969.0;9980.0;9966.1;9974.7;3969.0;10027.282632543
02.10.2025;11:40:00;9974.5;9986.8;9969.8;9984.0;3121.0;10026.339806218
02.10.2025;11:50:00;9983.5;9990.2;9981.3;9981.9;5873.0;10025.406408155
02.10.2025;12:00:00;9981.9;9993.5;9974.3;9974.3;5417.0;10024.482344074
02.10.2025;12:10:00;9976.0;9993.0;9976.0;9988.4;5470.0;10023.567520633
02.10.2025;12:20:00;9988.3;9995.2;9985.4;9990.8;5744.0;10022.661845427
02.10.2025;12:30:00;9993.0;10005.6;9993.0;9996.7;7600.0;10021.765226972
02.10.2025;12:40:00;9994.7;10015.0;9994.7;10008.9;6471.0;10020.877574703
02.10.2025;12:50:00;10009.0;10020.3;10008.0;10015.8;15733.0;9933.0
02.10.2025;13:00:00;10015.8;10021.9;10012.7;10016.7;20639.0;9934.746
02.10.2025;13:10:00;10018.2;10022.0;10011.6;10020.0;7985.0;9935.61754
02.10.2025;13:20:00;10020.0;10037.1;10018.1;10034.7;10864.0;9936.4813646
02.10.2025;13:30:00;10034.9;10047.9;10021.6;10039.7;16584.0;9937.487550954
02.10.2025;13:40:00;10039.1;10044.6;10032.1;10037.0;5378.0;9938.5916754445
02.10.2025;13:50:00;10037.6;10048.5;10036.0;10045.9;6842.0;9939.68475869
02.10.2025;14:00:00;10048.5;10055.0;10021.5;10024.6;11964.0;9940.7729111031
02.10.2025;14:10:00;10024.4;10046.6;10024.4;10044.9;7422.0;9941.9151819921
02.10.2025;14:20:00;10043.9;10045.0;10024.1;10028.2;6024.0;9943.0460301722
02.10.2025;14:30:00;10027.2;10040.6;10024.4;10039.1;5744.0;9944.1655698704
02.10.2025;14:40:00;10037.5;10039.0;10028.1;10037.0;4418.0;9945.2739141717
02.10.2025;14:50:00;10036.7;10040.7;10034.9;10040.0;3421.0;9946.37117503
02.10.2025;15:00:00;10040.3;10050.0;10035.8;10045.6;3717.0;9947.4574632797
02.10.2025;15:10:00;10045.6;10045.6;10023.5;10030.1;5066.0;9948.5328886469
02.10.2025;15:20:00;10030.1;10037.4;10025.8;10035.6;5626.0;9949.5975597605
02.10.2025;15:30:00;10035.1;10045.9;10023.7;10039.1;8915.0;9950.6515841628
02.10.2025;15:40:00;10038.5;10040.5;10022.0;10022.1;3213.0;9951.6950683212
02.10.2025;15:50:00;10022.3;10032.9;10017.1;10026.4;3810.0;9952.728117638
02.10.2025;16:00:00;10028.7;10053.5;10022.9;10050.9;14071.0;9953.7508364616
02.10.2025;16:10:00;10049.6;10057.0;10048.7;10055.3;5323.0;9954.763328097
02.10.2025;16:20:00;10055.3;10062.5;10051.3;10061.7;6602.0;9955.785694816
02.10.2025;16:30:00;10062.5;10073.7;10047.4;10054.8;11345.0;9956.8528378679
02.10.2025;16:40:00;10056.5;10061.9;10024.3;10024.3;10801.0;9958.0213094892
02.10.2025;16:50:00;10024.5;10024.5;10011.1;10015.0;12356.0;9959.1780963943
02.10.2025;17:00:00;10015.7;10019.3;9992.4;10006.1;9701.0;9960.3233154304
02.10.2025;17:10:00;10006.1;10007.5;9991.2;9993.0;5124.0;9961.4570822761
02.10.2025;17:20:00;9991.9;9991.9;9961.0;9968.3;18086.0;10073.7
02.10.2025;17:30:00;9970.0;9982.0;9948.5;9948.6;23101.0;10071.446
02.10.2025;17:40:00;9948.2;9948.4;9894.8;9900.3;38473.0;10070.21654
02.10.2025;17:50:00;9900.5;9934.1;9888.0;9931.1;33779.0;10068.4623746
02.10.2025;18:00:00;9932.6;9946.9;9905.3;9911.4;28524.0;10066.657750854
02.10.2025;18:10:00;9913.0;9917.7;9898.8;9911.6;11280.0;10064.871173345
02.10.2025;18:20:00;9911.2;9917.8;9900.8;9910.0;8724.0;10063.102461612
02.10.2025;18:30:00;9910.0;9910.0;9875.7;9878.2;18765.0;10061.351436996
02.10.2025;18:40:00;9877.8;9896.6;9877.8;9889.7;7463.0;10059.494922626
02.10.2025;19:00:00;9889.5;9893.5;9882.0;9883.3;5561.0;10057.6569734
02.10.2025;19:10:00;9883.3;9912.8;9882.3;9908.8;14262.0;10055.837403666
02.10.2025;19:20:00;9909.0;9909.0;9877.7;9879.6;14170.0;10054.036029629
02.10.2025;19:30:00;9878.7;9892.9;9877.7;9884.0;5423.0;10052.252669333
02.10.2025;19:40:00;9884.1;9909.5;9878.2;9901.5;7776.0;10050.487142639
02.10.2025;19:50:00;9902.9;9903.0;9888.5;9895.1;4186.0;10048.739271213
02.10.2025;20:00:00;9895.3;9907.6;9894.4;9903.4;3288.0;10047.008878501
02.10.2025;20:10:00;9906.5;9909.3;9891.8;9895.0;1287.0;10045.295789716
02.10.2025;20:20:00;9898.5;9905.7;9897.0;9902.6;1228.0;10043.599831819
02.10.2025;20:30:00;9903.8;9908.0;9895.4;9905.1;1716.0;10041.920833501
02.10.2025;20:40:00;9905.1;9905.3;9897.1;9902.5;1730.0;10040.258625166
02.10.2025;20:50:00;9902.5;9902.8;9895.0;9898.8;1044.0;10038.613038914
02.10.2025;21:00:00;9896.0;9908.1;9895.2;9906.0;819.0;10036.983908525
02.10.2025;21:10:00;9905.6;9908.1;9900.7;9905.1;579.0;10035.371069439
02.10.2025;21:20:00;9902.6;9909.2;9901.3;9908.2;1084.0;10033.774358745
02.10.2025;21:30:00;9909.3;9915.0;9909.3;9913.0;1389.0;10032.193615158
02.10.2025;21:40:00;9911.7;9915.0;9911.4;9912.5;1422.0;10030.628679006
02.10.2025;21:50:00;9914.5;9920.4;9909.9;9918.0;5010.0;10029.079392216
02.10.2025;22:00:00;9919.6;9945.0;9919.1;9942.1;7791.0;10027.545598294
02.10.2025;22:10:00;9941.5;9955.0;9933.5;9949.1;4340.0;10026.027142311
02.10.2025;22:20:00;9949.5;9973.0;9943.4;9969.2;5521.0;10024.523870888
02.10.2025;22:30:00;9969.1;9973.6;9951.9;9961.4;5251.0;10023.035632179
02.10.2025;22:40:00;9960.7;9968.5;9956.2;9968.4;2433.0;10021.562275857
02.10.2025;22:50:00;9965.5;9968.2;9959.2;9962.5;1504.0;10020.103653099
02.10.2025;23:00:00;9961.3;9962.1;9959.6;9962.1;2163.0;10018.659616568
02.10.2025;23:10:00;9962.0;9962.1;9959.6;9959.6;1227.0;10017.230020402
02.10.2025;23:20:00;9959.6;9959.6;9950.8;9955.2;1440.0;10015.814720198
02.10.2025;23:30:00;9955.8;9971.5;9955.8;9959.0;2113.0;10014.413572996
02.10.2025;23:40:00;9959.5;9967.3;9935.0;9959.0;1530.0;10013.026437266
03.10.2025;08:50:00;9975.0;9975.0;9975.0;9975.0;156.0;10011.653172893
03.10.2025;09:00:00;9966.0;9975.0;9933.0;9954.6;5194.0;10010.293641164
03.10.2025;09:10:00;9954.5;9961.7;9950.5;9960.4;2276.0;10008.947704753
03.10.2025;09:20:00;9960.8;9963.0;9951.0;9960.7;3035.0;10007.615227705
03.10.2025;09:30:00;9962.0;9980.0;9962.0;9972.8;4027.0;10006.296075428
03.10.2025;09:40:00;9973.3;9975.2;9950.8;9957.7;4750.0;10004.990114674
03.10.2025;09:50:00;9954.9;9965.4;9950.0;9957.2;3349.0;10003.697213527
03.10.2025;10:00:00;9956.8;9999.0;9950.0;9983.0;17184.0;10002.417241392
03.10.2025;10:10:00;9985.7;9991.4;9967.9;9986.2;10525.0;10001.150068978
03.10.2025;10:20:00;9986.0;9999.9;9983.1;9999.9;8206.0;9875.7
03.10.2025;10:30:00;9999.7;10007.2;9987.7;9992.0;12560.0;9878.184
03.10.2025;10:40:00;9990.0;10006.6;9987.5;10003.4;5428.0;9879.47416
03.10.2025;10:50:00;10003.4;10011.1;9996.7;10002.0;11423.0;9880.7514184
03.10.2025;11:00:00;10001.7;10021.3;10001.7;10017.9;8693.0;9882.054904216
03.10.2025;11:10:00;10016.9;10033.2;10014.9;10024.1;16202.0;9883.4473551738
03.10.2025;11:20:00;10023.5;10027.4;10013.8;10026.4;9509.0;9884.9448816221
03.10.2025;11:30:00;10026.4;10027.3;10013.7;10017.0;10490.0;9886.4274328059
03.10.2025;11:40:00;10017.5;10021.1;10005.4;10005.4;8292.0;9887.8951584778
03.10.2025;11:50:00;10005.6;10024.5;10002.1;10019.1;12407.0;9889.348206893
03.10.2025;12:00:00;10019.7;10035.0;10019.2;10033.0;14884.0;9890.7867248241
03.10.2025;12:10:00;10032.8;10044.9;10028.8;10039.5;10983.0;9892.2288575759
03.10.2025;12:20:00;10039.9;10046.4;10033.0;10042.0;11112.0;9893.7555690001
03.10.2025;12:30:00;10042.0;10058.0;10042.0;10053.4;11796.0;9895.2820133101
03.10.2025;12:40:00;10055.2;10058.7;10052.9;10058.7;4282.0;9896.909193177
03.10.2025;12:50:00;10058.3;10082.9;10058.0;10078.2;17857.0;9898.5271012452
03.10.2025;13:00:00;10079.5;10090.0;10067.9;10068.0;22655.0;9900.3708302328
03.10.2025;13:10:00;10068.8;10079.6;10064.0;10073.8;13417.0;9902.2671219305
03.10.2025;13:20:00;10078.3;10093.2;10075.4;10091.7;11872.0;9904.1444507112
03.10.2025;13:30:00;10092.4;10095.8;10077.8;10094.3;17044.0;9906.035006204
03.10.2025;13:40:00;10093.7;10097.0;10078.8;10087.6;23884.0;9907.932656142
03.10.2025;13:50:00;10087.6;10087.7;10076.7;10078.2;7979.0;9909.8233295806
03.10.2025;14:00:00;10080.0;10082.0;10072.9;10075.1;5395.0;9911.6950962848
03.10.2025;14:10:00;10079.8;10082.0;10054.0;10072.2;10370.0;9913.5481453219
03.10.2025;14:20:00;10072.3;10082.0;10067.9;10075.0;10230.0;9915.3826638687
03.10.2025;14:30:00;10075.0;10082.0;10065.0;10081.9;13277.0;9917.19883723
03.10.2025;14:40:00;10081.8;10091.2;10079.3;10091.1;8416.0;9918.9968488577
03.10.2025;14:50:00;10089.8;10108.0;10086.0;10108.0;15267.0;9920.7768803691
03.10.2025;15:00:00;10107.7;10132.4;10104.8;10115.0;39683.0;9922.6491115655
03.10.2025;15:10:00;10115.0;10115.9;10111.0;10114.0;11757.0;9924.7466204498
03.10.2025;15:20:00;10113.9;10120.9;10113.4;10117.1;7084.0;9926.8231542453
03.10.2025;15:30:00;10117.1;10148.9;10117.0;10138.7;43394.0;9928.8789227029
03.10.2025;15:40:00;10136.8;10149.6;10133.7;10140.6;27996.0;9931.0791334758
03.10.2025;15:50:00;10140.1;10152.1;10129.9;10150.8;22545.0;9933.2643421411
03.10.2025;16:00:00;10151.8;10152.0;10131.3;10140.0;10734.0;9935.4526987197
03.10.2025;16:10:00;10142.9;10164.8;10141.6;10161.9;18541.0;9937.6191717325
03.10.2025;16:20:00;10163.7;10164.0;10158.6;10160.0;8720.0;9939.8909800151
03.10.2025;16:30:00;10160.1;10160.1;10134.1;10141.4;16541.0;9942.140070215
03.10.2025;16:40:00;10141.4;10149.0;10119.5;10133.1;21929.0;9944.3666695128
03.10.2025;16:50:00;10133.0;10141.0;10122.1;10122.7;14702.0;9946.5710028177
03.10.2025;17:00:00;10125.5;10136.8;10113.5;10120.0;13026.0;9948.7532927895
03.10.2025;17:10:00;10117.9;10123.3;10093.7;10102.4;27428.0;9950.9137598616
03.10.2025;17:20:00;10101.2;10106.1;10092.6;10104.5;7478.0;9953.052622263
03.10.2025;17:30:00;10103.2;10107.2;10085.2;10094.9;11188.0;9955.1700960404
03.10.2025;17:40:00;10094.2;10108.0;10081.0;10108.0;14513.0;9957.26639508
03.10.2025;17:50:00;10108.0;10120.0;10102.3;10118.9;8794.0;9959.3417311292
03.10.2025;18:00:00;10120.0;10120.0;10097.9;10100.8;11093.0;9961.3963138179
03.10.2025;18:10:00;10099.3;10109.9;10099.3;10109.0;8667.0;9963.4303506797
03.10.2025;18:20:00;10108.9;10141.3;10103.7;10141.2;16006.0;9965.4440471729
03.10.2025;18:30:00;10141.3;10164.6;10139.5;10157.4;17977.0;9967.4376067012
03.10.2025;18:40:00;10158.5;10165.7;10144.6;10165.0;10467.0;9969.4112306342
03.10.2025;19:00:00;10164.6;10199.2;10150.6;10192.1;14106.0;9971.3741183278
03.10.2025;19:10:00;10192.7;10208.1;10176.9;10188.0;14546.0;9973.6523771445
03.10.2025;19:20:00;10185.2;10192.8;10185.2;10187.6;2521.0;9975.9968533731
03.10.2025;19:30:00;10189.5;10189.5;10171.5;10182.0;4794.0;9978.3178848394
03.10.2025;19:40:00;10180.8;10185.9;10166.5;10179.0;4279.0;9980.615705991
03.10.2025;19:50:00;10179.1;10208.0;10179.1;10208.0;5414.0;9982.8905489311
03.10.2025;20:00:00;10208.0;10209.9;10183.1;10192.8;6244.0;9985.1426434418
03.10.2025;20:10:00;10189.2;10220.0;10182.8;10207.1;6626.0;9987.3902170073
03.10.2025;20:20:00;10207.1;10217.0;10207.0;10212.3;11324.0;9989.7163148373
03.10.2025;20:30:00;10212.4;10228.5;10208.0;10223.0;14685.0;9992.0191516889
03.10.2025;20:40:00;10223.0;10226.7;10207.9;10207.9;8117.0;9994.383960172
03.10.2025;20:50:00;10207.1;10207.1;10190.1;10199.0;6858.0;9996.7251205703
03.10.2025;21:00:00;10200.0;10209.5;10198.9;10202.4;1908.0;9999.0428693646
03.10.2025;21:10:00;10199.5;10209.0;10198.6;10205.8;1678.0;10001.337440671
03.10.2025;21:20:00;10205.8;10209.1;10205.0;10206.4;921.0;10003.609066264
03.10.2025;21:30:00;10206.4;10214.1;10205.5;10209.9;1163.0;10005.857975602
03.10.2025;21:40:00;10209.5;10212.5;10207.5;10208.8;1352.0;10008.084395846
03.10.2025;21:50:00;10207.6;10209.3;10202.1;10203.1;1935.0;10010.288551887
03.10.2025;22:00:00;10203.0;10207.7;10203.0;10203.9;2877.0;10012.470666368
03.10.2025;22:10:00;10205.7;10212.1;10205.7;10212.0;1326.0;10014.630959705
03.10.2025;22:20:00;10212.0;10212.7;10208.3;10211.9;1588.0;10016.769650108
03.10.2025;22:30:00;10211.0;10212.8;10208.3;10212.8;1811.0;10018.886953606
03.10.2025;22:40:00;10211.3;10211.3;10206.0;10209.1;822.0;10020.98308407
03.10.2025;22:50:00;10208.8;10209.2;10203.6;10205.0;1128.0;10023.05825323
03.10.2025;23:00:00;10204.4;10205.0;10203.0;10204.0;969.0;10025.112670697
03.10.2025;23:10:00;10204.9;10209.2;10203.0;10204.6;1573.0;10027.14654399
03.10.2025;23:20:00;10204.7;10206.1;10202.0;10204.9;1103.0;10029.16007855
03.10.2025;23:30:00;10204.8;10217.8;10202.0;10211.6;3790.0;10031.153477765
03.10.2025;23:40:00;10203.7;10219.0;10201.8;10212.6;4711.0;10033.126942987
04.10.2025;09:50:00;10210.0;10210.0;10210.0;10210.0;30.0;10035.080673557
04.10.2025;10:00:00;10209.9;10210.0;10201.0;10207.4;439.0;10037.014866822
04.10.2025;10:10:00;10207.4;10212.6;10207.4;10212.6;189.0;10038.929718154
04.10.2025;10:20:00;10212.5;10217.0;10209.0;10213.5;216.0;10040.825420972
04.10.2025;10:30:00;10212.5;10221.0;10210.0;10220.4;363.0;10042.702166762
04.10.2025;10:40:00;10215.1;10220.0;10215.1;10216.6;59.0;10044.560145095
04.10.2025;10:50:00;10217.9;10220.0;10217.6;10220.0;231.0;10046.399543644
04.10.2025;11:00:00;10219.0;10220.0;10217.9;10220.0;242.0;10048.220548207
04.10.2025;11:10:00;10218.7;10220.0;10217.6;10220.0;421.0;10050.023342725
04.10.2025;11:20:00;10218.8;10220.0;10218.8;10220.0;195.0;10051.808109298
04.10.2025;11:30:00;10219.9;10220.4;10219.0;10220.2;792.0;10053.575028205
04.10.2025;11:40:00;10219.1;10220.2;10217.8;10219.5;212.0;10055.324277923
04.10.2025;11:50:00;10219.5;10220.2;10217.6;10217.6;97.0;10057.056035144
04.10.2025;12:00:00;10219.9;10219.9;10219.4;10219.4;52.0;10058.770474792
04.10.2025;12:10:00;10219.8;10220.2;10217.6;10219.6;394.0;10060.467770044
04.10.2025;12:20:00;10217.6;10219.0;10210.0;10214.4;346.0;10062.148092344
04.10.2025;12:30:00;10210.9;10220.2;10191.6;10191.7;2446.0;10063.811611421
04.10.2025;12:40:00;10192.1;10199.7;10192.1;10199.7;21.0;10065.458495306
04.10.2025;12:50:00;10197.9;10205.3;10193.1;10193.8;291.0;10067.088910353
04.10.2025;13:00:00;10199.9;10214.0;10197.1;10200.4;317.0;10068.70302125
04.10.2025;13:10:00;10199.7;10219.9;10197.2;10199.2;1026.0;10070.300991037
04.10.2025;13:20:00;10199.2;10213.5;10199.2;10205.3;132.0;10071.882981127
04.10.2025;13:30:00;10208.8;10218.5;10208.8;10214.6;176.0;10073.449151316
04.10.2025;13:40:00;10217.2;10217.6;10215.0;10216.5;118.0;10074.999659802
04.10.2025;13:50:00;10216.5;10216.5;10215.8;10215.8;45.0;10076.534663204
04.10.2025;14:00:00;10215.0;10215.3;10199.0;10213.5;637.0;10078.054316572
04.10.2025;14:10:00;10210.7;10212.0;10205.9;10212.0;52.0;10079.558773407
04.10.2025;14:20:00;10212.1;10215.8;10193.6;10209.5;746.0;10081.048185673
04.10.2025;14:30:00;10204.6;10215.0;10204.6;10209.6;26.0;10082.522703816
04.10.2025;14:40:00;10211.0;10215.8;10206.4;10214.5;125.0;10083.982476778
04.10.2025;14:50:00;10214.2;10214.8;10211.5;10213.9;50.0;10085.42765201
04.10.2025;15:00:00;10214.0;10214.0;10210.2;10213.4;98.0;10086.85837549
04.10.2025;15:10:00;10210.3;10212.8;10210.3;10210.3;15.0;10088.274791735
04.10.2025;15:20:00;10211.1;10212.6;10211.1;10212.6;2.0;10089.677043818
04.10.2025;15:30:00;10211.9;10214.9;10200.0;10214.5;362.0;10091.065273379
04.10.2025;15:40:00;10212.1;10212.7;10212.1;10212.7;8.0;10092.439620646
04.10.2025;15:50:00;10212.3;10212.3;10212.3;10212.3;7.0;10093.800224439
04.10.2025;16:00:00;10212.3;10213.0;10212.3;10213.0;70.0;10095.147222195
04.10.2025;16:10:00;10209.5;10209.5;10201.3;10207.7;52.0;10096.480749973
04.10.2025;16:20:00;10207.7;10211.5;10202.0;10205.5;96.0;10097.800942473
04.10.2025;16:30:00;10211.7;10211.7;10201.2;10201.5;71.0;10099.107933048
04.10.2025;16:40:00;10201.8;10202.7;10201.8;10202.7;2.0;10100.401853718
04.10.2025;16:50:00;10202.8;10204.7;10201.5;10204.5;50.0;10101.682835181
04.10.2025;17:00:00;10201.6;10203.5;10201.5;10201.5;317.0;10102.951006829
04.10.2025;17:10:00;10202.0;10211.5;10202.0;10211.5;703.0;10104.206496761
04.10.2025;17:20:00;10210.0;10211.4;10208.9;10211.4;14.0;10105.449431793
04.10.2025;17:30:00;10208.9;10211.2;10202.3;10202.3;20.0;10106.679937475
04.10.2025;17:40:00;10205.0;10209.8;10202.3;10209.8;83.0;10107.8981381
04.10.2025;17:50:00;10209.7;10210.0;10207.8;10209.2;271.0;10109.104156719
04.10.2025;18:00:00;10208.9;10210.0;10202.6;10203.5;221.0;10110.298115152
04.10.2025;18:10:00;10204.6;10210.0;10202.0;10210.0;327.0;10111.480134001
04.10.2025;18:20:00;10209.5;10209.6;10201.0;10201.0;121.0;10112.650332661
04.10.2025;18:30:00;10203.9;10207.0;10203.9;10207.0;5.0;10113.808829334
04.10.2025;18:40:00;10202.7;10209.8;10201.0;10209.7;108.0;10114.955741041
04.10.2025;18:50:00;10209.7;10209.7;10203.0;10203.0;31.0;10116.09118363
05.10.2025;09:50:00;10200.2;10200.2;10200.2;10200.2;1.0;10117.215271794
05.10.2025;10:00:00;10209.5;10209.7;10195.0;10204.0;271.0;10118.328119076
05.10.2025;10:10:00;10204.2;10209.7;10201.8;10208.8;232.0;10119.429837885
05.10.2025;10:20:00;10208.8;10208.8;10202.5;10202.5;17.0;10120.520539506
05.10.2025;10:30:00;10203.0;10208.8;10202.8;10208.8;24.0;10121.600334111
05.10.2025;10:40:00;10208.4;10208.6;10208.4;10208.5;12.0;10122.66933077
05.10.2025;10:50:00;10206.5;10207.8;10200.3;10207.8;77.0;10123.727637463
05.10.2025;11:00:00;10207.4;10207.8;10207.4;10207.8;10.0;10124.775361088
05.10.2025;11:10:00;10203.1;10207.5;10203.0;10207.5;104.0;10125.812607477
05.10.2025;11:20:00;10207.5;10208.6;10205.4;10205.4;26.0;10126.839481402
05.10.2025;11:30:00;10208.4;10208.6;10208.4;10208.6;33.0;10127.856086588
05.10.2025;11:40:00;10206.1;10206.1;10206.1;10206.1;2.0;10128.862525722
05.10.2025;11:50:00;10208.5;10209.4;10208.5;10209.4;45.0;10129.858900465
05.10.2025;12:00:00;10209.5;10209.9;10209.4;10209.4;110.0;10130.84531146
05.10.2025;12:10:00;10209.5;10210.8;10209.5;10210.8;1210.0;10131.821858346
05.10.2025;12:20:00;10210.8;10214.1;10208.6;10208.6;67.0;10132.788639762
05.10.2025;12:30:00;10211.1;10215.0;10210.7;10215.0;101.0;10133.745753365
05.10.2025;12:40:00;10212.1;10215.0;10212.1;10214.5;38.0;10134.693295831
05.10.2025;13:00:00;10215.0;10215.7;10214.7;10215.7;80.0;10135.631362873
05.10.2025;13:10:00;10215.2;10219.0;10215.2;10219.0;35.0;10136.560049244
05.10.2025;13:20:00;10219.1;10222.2;10218.1;10222.0;654.0;10137.479448752
05.10.2025;13:30:00;10222.2;10222.2;10218.8;10221.0;145.0;10138.389654264
05.10.2025;13:40:00;10220.1;10220.1;10216.4;10216.4;22.0;10139.290757721
05.10.2025;13:50:00;10219.9;10221.0;10215.0;10220.4;133.0;10140.182850144
05.10.2025;14:00:00;10220.4;10220.4;10216.0;10216.7;13.0;10141.066021643
05.10.2025;14:10:00;10218.8;10221.0;10218.8;10221.0;337.0;10141.940361426
05.10.2025;14:20:00;10219.3;10220.9;10214.3;10216.4;101.0;10142.805957812
05.10.2025;14:30:00;10219.8;10219.8;10219.8;10219.8;1.0;10143.662898234
05.10.2025;14:50:00;10220.0;10225.0;10220.0;10222.3;715.0;10144.511269252
05.10.2025;15:00:00;10223.5;10248.8;10221.0;10244.8;3465.0;10145.351156559
05.10.2025;15:10:00;10238.1;10245.0;10221.6;10222.6;843.0;10146.385644994
05.10.2025;15:20:00;10230.5;10237.0;10222.6;10229.3;277.0;10147.409788544
05.10.2025;15:30:00;10229.3;10236.0;10227.1;10229.5;80.0;10148.423690658
05.10.2025;15:40:00;10229.0;10232.0;10229.0;10230.3;43.0;10149.427453752
05.10.2025;15:50:00;10230.8;10235.9;10230.3;10235.9;97.0;10150.421179214
05.10.2025;16:00:00;10235.5;10236.5;10231.9;10236.5;107.0;10151.404967422
05.10.2025;16:10:00;10236.5;10237.0;10229.6;10232.7;676.0;10152.378917748
05.10.2025;16:20:00;10233.8;10237.0;10222.8;10223.8;263.0;10153.34312857
05.10.2025;16:30:00;10225.6;10232.9;10222.7;10232.9;154.0;10154.297697285
05.10.2025;16:40:00;10222.8;10228.1;10214.0;10226.4;556.0;10155.242720312
05.10.2025;16:50:00;10220.1;10224.8;10220.1;10220.3;42.0;10156.178293109
05.10.2025;17:00:00;10220.4;10229.8;10217.0;10228.2;142.0;10157.104510178
05.10.2025;17:10:00;10229.6;10233.5;10226.9;10233.2;93.0;10158.021465076
05.10.2025;17:20:00;10230.2;10233.7;10224.4;10233.3;65.0;10158.929250425
05.10.2025;17:30:00;10229.9;10233.5;10229.9;10232.4;77.0;10159.827957921
05.10.2025;17:40:00;10232.9;10233.5;10218.5;10230.0;78.0;10160.717678342
05.10.2025;17:50:00;10231.5;10233.5;10223.0;10231.9;85.0;10161.598501558
05.10.2025;18:00:00;10231.9;10236.9;10231.9;10232.5;150.0;10162.470516543
05.10.2025;18:10:00;10235.6;10235.7;10232.7;10235.2;6.0;10163.333811377
05.10.2025;18:20:00;10232.6;10232.6;10230.0;10230.0;64.0;10164.188473263
05.10.2025;18:30:00;10230.0;10237.0;10222.5;10227.6;906.0;10165.034588531
05.10.2025;18:40:00;10227.5;10237.0;10224.6;10224.9;611.0;10165.872242645
05.10.2025;18:50:00;10236.9;10245.0;10220.8;10245.0;1034.0;10166.701520219
06.10.2025;08:50:00;10327.0;10327.0;10327.0;10327.0;850.0;10167.522505017
06.10.2025;09:00:00;10327.0;10369.0;10280.5;10309.1;27906.0;10169.117279967
06.10.2025;09:10:00;10307.5;10312.4;10296.0;10307.0;5671.0;10171.116107167
06.10.2025;09:20:00;10307.0;10415.0;10306.0;10369.6;27126.0;10173.094946095
06.10.2025;09:30:00;10370.9;10388.1;10360.3;10363.0;13090.0;10175.513996634
06.10.2025;09:40:00;10364.0;10415.0;10361.9;10405.1;26208.0;10177.908856668
06.10.2025;09:50:00;10405.1;10421.8;10396.9;10407.5;23231.0;10180.279768101
06.10.2025;10:00:00;10407.6;10411.4;10369.6;10388.9;45297.0;10182.69497042
06.10.2025;10:10:00;10388.0;10389.4;10354.7;10381.1;23197.0;10185.086020716
06.10.2025;10:20:00;10379.9;10380.6;10357.2;10370.4;19535.0;10187.453160509
06.10.2025;10:30:00;10370.6;10386.8;10365.4;10381.4;17533.0;10189.796628904
06.10.2025;10:40:00;10381.4;10389.9;10368.0;10385.9;16651.0;10192.116662615
06.10.2025;10:50:00;10387.0;10387.8;10369.4;10375.9;18078.0;10194.413495989
06.10.2025;11:00:00;10375.8;10390.3;10374.4;10384.3;18908.0;10196.687361029
06.10.2025;11:10:00;10382.2;10383.4;10368.5;10373.5;11408.0;10198.938487418
06.10.2025;11:20:00;10374.6;10383.3;10367.8;10379.7;4679.0;10201.167102544
06.10.2025;11:30:00;10378.0;10378.0;10355.2;10359.4;8607.0;10203.373431519
06.10.2025;11:40:00;10359.4;10364.1;10351.0;10358.5;7709.0;10205.557697204
06.10.2025;11:50:00;10358.4;10382.9;10358.4;10374.9;8005.0;10207.720120232
06.10.2025;12:00:00;10375.4;10380.9;10366.2;10378.0;5063.0;10209.860919029
06.10.2025;12:10:00;10377.5;10398.8;10377.2;10395.8;10136.0;10211.980309839
06.10.2025;12:20:00;10397.1;10408.4;10393.9;10400.6;12049.0;10214.078506741
06.10.2025;12:30:00;10401.2;10414.4;10398.5;10398.6;16519.0;10216.155721673
06.10.2025;12:40:00;10398.7;10402.9;10387.7;10402.3;13749.0;10218.212164456
06.10.2025;12:50:00;10402.3;10411.2;10395.7;10409.0;3197.0;10220.248042812
06.10.2025;13:00:00;10408.8;10410.5;10385.5;10392.9;6317.0;10222.263562384
06.10.2025;13:10:00;10392.3;10406.0;10391.8;10401.2;3356.0;10224.25892676
06.10.2025;13:20:00;10401.1;10404.7;10394.1;10400.6;4015.0;10226.234337492
06.10.2025;13:30:00;10400.6;10420.0;10400.6;10415.4;9173.0;10228.189994117
06.10.2025;13:40:00;10413.2;10417.8;10406.1;10407.6;5912.0;10230.126094176
06.10.2025;13:50:00;10408.4;10410.9;10394.0;10396.1;5725.0;10232.042833234
06.10.2025;14:00:00;10396.1;10408.0;10396.1;10401.0;11515.0;10233.940404902
06.10.2025;14:10:00;10401.0;10408.9;10389.4;10390.7;12643.0;10235.819000853
06.10.2025;14:20:00;10390.2;10402.0;10390.0;10398.2;3543.0;10237.678810845
06.10.2025;14:30:00;10400.8;10404.8;10392.0;10402.7;5002.0;10239.520022736
06.10.2025;14:40:00;10402.2;10403.2;10394.3;10399.8;3783.0;10241.342822509
06.10.2025;14:50:00;10398.8;10398.9;10372.3;10392.4;17037.0;10243.147394284
06.10.2025;15:00:00;10391.8;10418.1;10381.6;10415.5;8750.0;10244.933920341
06.10.2025;15:10:00;10416.3;10422.5;10407.6;10416.7;6916.0;10246.702581137
06.10.2025;15:20:00;10417.1;10417.4;10384.0;10384.6;11310.0;10248.460555326
06.10.2025;15:30:00;10385.7;10398.9;10368.0;10394.0;12070.0;10250.200949773
06.10.2025;15:40:00;10394.1;10402.2;10380.2;10392.9;6514.0;10251.923940275
06.10.2025;15:50:00;10393.0;10393.1;10373.7;10375.5;3793.0;10253.629700872
06.10.2025;16:00:00;10377.2;10389.7;10373.1;10374.0;5131.0;10255.318403864
06.10.2025;16:10:00;10373.8;10392.1;10351.3;10391.1;15087.0;10256.990219825
06.10.2025;16:20:00;10393.3;10398.7;10366.4;10367.8;5092.0;10258.645317627
06.10.2025;16:30:00;10370.4;10379.0;10358.5;10367.1;3142.0;10260.28386445
06.10.2025;16:40:00;10363.7;10382.3;10363.7;10377.8;3406.0;10261.906025806
06.10.2025;16:50:00;10376.6;10382.2;10373.2;10379.2;2145.0;10263.511965548
06.10.2025;17:00:00;10379.9;10382.2;10353.3;10372.1;15737.0;10265.101845892
06.10.2025;17:10:00;10372.4;10383.1;10371.1;10378.4;5212.0;10266.675827433
06.10.2025;17:20:00;10378.3;10382.3;10369.1;10375.4;1836.0;10268.234069159
06.10.2025;17:30:00;10375.2;10405.0;10368.1;10403.9;9712.0;10269.776728468
06.10.2025;17:40:00;10404.3;10414.5;10381.8;10394.4;22457.0;10271.303961183
06.10.2025;17:50:00;10394.8;10400.0;10380.3;10380.9;12470.0;10272.815921571
06.10.2025;18:00:00;10380.6;10386.0;10360.0;10376.5;17581.0;10274.312762355
06.10.2025;18:10:00;10375.1;10392.2;10369.4;10379.2;2408.0;10275.794634732
06.10.2025;18:20:00;10378.7;10378.7;10353.0;10359.6;9477.0;10277.261688384
06.10.2025;18:30:00;10360.0;10368.4;10353.8;10362.7;8381.0;10278.714071501
06.10.2025;18:40:00;10362.6;10374.4;10355.5;10364.4;2416.0;10280.151930786
06.10.2025;19:00:00;10375.0;10403.0;10375.0;10379.6;2921.0;10281.575411478
06.10.2025;19:10:00;10382.3;10385.3;10327.1;10340.9;9475.0;10282.984657363
06.10.2025;19:20:00;10341.0;10357.5;10335.8;10357.1;4469.0;10284.379810789
06.10.2025;19:30:00;10357.4;10358.5;10346.1;10352.3;1486.0;10285.761012681
06.10.2025;19:40:00;10352.0;10352.0;10339.8;10347.5;1953.0;10287.128402555
06.10.2025;19:50:00;10347.3;10350.0;10340.4;10340.5;616.0;10288.482118529
06.10.2025;20:00:00;10341.4;10354.7;10340.7;10351.0;1996.0;10289.822297344
06.10.2025;20:10:00;10352.0;10359.6;10345.9;10357.1;1396.0;10291.14907437
06.10.2025;20:20:00;10359.2;10360.0;10351.8;10351.8;614.0;10292.462583627
06.10.2025;20:30:00;10352.3;10356.2;10347.4;10356.2;349.0;10293.76295779
06.10.2025;20:40:00;10356.0;10367.3;10356.0;10367.3;1230.0;10295.050328213
06.10.2025;20:50:00;10367.3;10369.8;10360.2;10363.8;1148.0;10296.32482493
06.10.2025;21:00:00;10367.5;10382.1;10367.5;10375.2;1951.0;10297.586576681
06.10.2025;21:10:00;10375.2;10376.0;10371.4;10373.3;834.0;10298.835710914
06.10.2025;21:20:00;10373.0;10377.0;10363.7;10377.0;1804.0;10300.072353805
06.10.2025;21:30:00;10376.1;10377.3;10370.3;10370.5;254.0;10301.296630267
06.10.2025;21:40:00;10370.5;10377.0;10369.6;10372.5;455.0;10302.508663964
06.10.2025;21:50:00;10372.5;10380.0;10364.3;10374.7;947.0;10303.708577325
06.10.2025;22:00:00;10373.8;10388.0;10373.8;10385.0;587.0;10304.896491552
06.10.2025;22:10:00;10385.0;10386.5;10378.0;10380.8;315.0;10306.072526636
06.10.2025;22:20:00;10380.3;10381.3;10375.0;10377.8;421.0;10307.23680137
06.10.2025;22:30:00;10378.7;10383.3;10376.4;10381.9;1173.0;10308.389433356
06.10.2025;22:40:00;10381.9;10384.7;10379.4;10384.7;342.0;10309.530539022
06.10.2025;22:50:00;10384.8;10388.8;10377.6;10377.6;980.0;10310.660233632
06.10.2025;23:00:00;10384.7;10388.2;10380.0;10387.9;570.0;10311.778631296
06.10.2025;23:10:00;10388.0;10391.7;10385.6;10390.8;3706.0;10312.885844983
06.10.2025;23:20:00;10390.8;10400.2;10389.2;10396.9;5720.0;10313.981986533
06.10.2025;23:30:00;10395.7;10397.6;10383.3;10388.0;1864.0;10315.067166668
06.10.2025;23:40:00;10388.0;10389.6;10381.7;10381.7;1840.0;10316.141495001
07.10.2025;08:50:00;10382.0;10382.0;10382.0;10382.0;67.0;10317.205080051
07.10.2025;09:00:00;10389.0;10389.0;10366.7;10366.7;4220.0;10318.258029251
07.10.2025;09:10:00;10366.7;10378.6;10365.0;10372.7;2007.0;10319.300448958
07.10.2025;09:20:00;10369.4;10372.6;10355.9;10357.6;2341.0;10320.332444468
07.10.2025;09:30:00;10357.5;10362.2;10333.2;10335.1;9828.0;10321.354120024
07.10.2025;09:40:00;10335.0;10336.7;10308.8;10315.0;12999.0;10422.5
07.10.2025;09:50:00;10315.1;10317.5;10303.6;10309.9;5449.0;10420.226
07.10.2025;10:00:00;10309.8;10312.8;10258.2;10265.9;23713.0;10419.05974
07.10.2025;10:10:00;10265.7;10271.0;10258.7;10263.8;9932.0;10417.4511426
07.10.2025;10:20:00;10262.5;10264.2;10245.9;10259.8;19093.0;10415.858631174
07.10.2025;10:30:00;10259.4;10272.3;10256.1;10271.9;26680.0;10414.159044862
07.10.2025;10:40:00;10270.9;10278.0;10268.0;10274.9;16180.0;10412.476454414
07.10.2025;10:50:00;10274.0;10275.8;10251.2;10257.0;17640.0;10410.81068987
07.10.2025;11:00:00;10255.1;10261.5;10235.2;10254.8;20568.0;10409.161582971
07.10.2025;11:10:00;10252.0;10257.1;10248.0;10253.6;7018.0;10407.421967141
07.10.2025;11:20:00;10251.9;10271.6;10251.9;10267.9;14414.0;10405.69974747
07.10.2025;11:30:00;10272.0;10290.3;10264.9;10283.9;11624.0;10403.994749995
07.10.2025;11:40:00;10283.9;10285.2;10272.8;10282.4;12817.0;10402.306802495
07.10.2025;11:50:00;10282.6;10283.4;10272.0;10277.0;8417.0;10400.63573447
07.10.2025;12:00:00;10277.0;10288.1;10270.0;10287.8;6400.0;10398.981377125
07.10.2025;12:10:00;10289.0;10313.6;10276.8;10308.5;16686.0;10397.343563354
07.10.2025;12:20:00;10309.1;10320.0;10297.4;10300.0;7258.0;10395.722127721
07.10.2025;12:30:00;10300.3;10318.8;10296.3;10305.6;4934.0;10394.116906443
07.10.2025;12:40:00;10307.9;10318.1;10307.0;10309.7;2624.0;10392.527737379
07.10.2025;12:50:00;10309.8;10312.4;10293.8;10308.2;7127.0;10390.954460005
07.10.2025;13:00:00;10309.9;10337.7;10309.9;10325.7;9113.0;10389.396915405
07.10.2025;13:10:00;10322.2;10333.2;10315.8;10318.9;3587.0;10387.854946251
07.10.2025;13:20:00;10317.0;10325.0;10312.9;10318.9;3725.0;10386.328396789
07.10.2025;13:30:00;10318.6;10327.8;10316.7;10323.6;3408.0;10384.817112821
07.10.2025;13:40:00;10325.7;10328.0;10316.3;10322.8;3224.0;10383.320941692
07.10.2025;13:50:00;10321.8;10328.9;10318.1;10319.5;4524.0;10381.839732276
07.10.2025;14:00:00;10318.4;10323.5;10311.6;10312.5;4228.0;10380.373334953
07.10.2025;14:10:00;10312.7;10318.0;10306.9;10315.9;3157.0;10378.921601603
07.10.2025;14:20:00;10316.4;10319.6;10300.9;10302.8;5191.0;10377.484385587
07.10.2025;14:30:00;10303.5;10330.3;10301.5;10328.2;9768.0;10376.061541731
07.10.2025;14:40:00;10328.1;10337.0;10327.6;10333.1;4459.0;10374.652926314
07.10.2025;14:50:00;10330.4;10341.6;10325.5;10335.7;3353.0;10373.258397051
07.10.2025;15:00:00;10336.7;10346.8;10332.5;10341.4;4083.0;10371.87781308
07.10.2025;15:10:00;10341.4;10345.8;10328.6;10329.7;4643.0;10370.51103495
07.10.2025;15:20:00;10330.1;10333.7;10319.5;10323.7;8648.0;10369.1579246
07.10.2025;15:30:00;10323.7;10349.1;10321.6;10348.4;13000.0;10367.818345354
07.10.2025;15:40:00;10347.8;10354.9;10341.4;10353.5;3491.0;10366.492161901
07.10.2025;15:50:00;10353.6;10364.8;10352.7;10364.7;6934.0;10365.179240282
07.10.2025;16:00:00;10364.7;10379.0;10364.5;10377.3;15010.0;10235.2
07.10.2025;16:10:00;10376.1;10379.1;10360.3;10362.2;8248.0;10238.076
07.10.2025;16:20:00;10366.5;10372.7;10355.1;10363.7;8887.0;10239.48624
07.10.2025;16:30:00;10364.9;10366.3;10341.6;10349.8;9443.0;10240.8823776
07.10.2025;16:40:00;10348.4;10374.7;10344.2;10369.7;11341.0;10242.264553824
07.10.2025;16:50:00;10366.9;10378.4;10360.9;10372.4;5842.0;10243.632908286
07.10.2025;17:00:00;10374.4;10384.0;10363.0;10367.9;10945.0;10244.987579203
07.10.2025;17:10:00;10368.0;10380.4;10358.3;10380.4;10159.0;10246.377703411
07.10.2025;17:20:00;10380.9;10383.6;10371.8;10380.2;5216.0;10247.753926377
07.10.2025;17:30:00;10382.3;10400.0;10374.7;10394.9;15632.0;10249.116387113
07.10.2025;17:40:00;10394.9;10402.8;10384.8;10401.7;12147.0;10250.625223242
07.10.2025;17:50:00;10401.5;10403.0;10390.0;10398.8;9449.0;10252.146971009
07.10.2025;18:00:00;10399.5;10402.9;10387.0;10393.7;10836.0;10253.655501299
07.10.2025;18:10:00;10394.8;10414.5;10392.9;10413.0;15028.0;10255.148946286
07.10.2025;18:20:00;10412.8;10413.0;10396.1;10399.8;4890.0;10256.742456824
07.10.2025;18:30:00;10399.8;10399.8;10363.8;10367.7;5602.0;10258.320032255
07.10.2025;18:40:00;10365.1;10372.0;10321.0;10325.7;9534.0;10259.881831933
07.10.2025;19:00:00;10331.8;10395.4;10320.4;10363.0;3861.0;10261.428013613
07.10.2025;19:10:00;10363.0;10364.0;10327.6;10346.5;4181.0;10262.958733477
07.10.2025;19:20:00;10347.8;10366.0;10344.2;10363.0;2337.0;10264.474146142
07.10.2025;19:30:00;10363.0;10385.0;10363.0;10383.9;5667.0;10265.974404681
07.10.2025;19:40:00;10384.0;10385.0;10368.2;10369.7;2805.0;10267.459660634
07.10.2025;19:50:00;10371.5;10380.5;10362.0;10376.2;1862.0;10268.930064028
07.10.2025;20:00:00;10376.4;10385.0;10375.7;10383.1;2099.0;10270.385763388
07.10.2025;20:10:00;10385.0;10386.0;10371.3;10380.6;1599.0;10271.826905754
07.10.2025;20:20:00;10381.5;10384.1;10373.9;10376.1;835.0;10273.253636696
07.10.2025;20:30:00;10374.0;10388.0;10372.7;10387.8;2519.0;10274.666100329
07.10.2025;20:40:00;10387.4;10397.5;10387.4;10391.8;2507.0;10276.064439326
07.10.2025;20:50:00;10392.0;10393.9;10380.0;10381.3;2114.0;10277.448794933
07.10.2025;21:00:00;10380.7;10384.8;10355.3;10372.0;3520.0;10278.819306983
07.10.2025;21:10:00;10369.0;10377.9;10365.0;10374.3;1482.0;10280.176113914
07.10.2025;21:20:00;10374.2;10376.3;10370.1;10370.1;1409.0;10281.519352774
07.10.2025;21:30:00;10370.0;10374.6;10367.0;10371.3;2172.0;10282.849159247
07.10.2025;21:40:00;10373.3;10374.8;10365.1;10369.1;1656.0;10284.165667654
07.10.2025;21:50:00;10371.0;10374.0;10368.9;10371.3;522.0;10285.469010978
07.10.2025;22:00:00;10370.2;10375.3;10369.0;10369.3;1096.0;10286.759320868
07.10.2025;22:10:00;10372.7;10374.9;10370.3;10373.1;877.0;10288.036727659
07.10.2025;22:20:00;10372.6;10377.0;10367.5;10374.4;2943.0;10289.301360383
07.10.2025;22:30:00;10372.2;10378.9;10371.2;10371.2;1056.0;10290.553346779
07.10.2025;22:40:00;10373.7;10382.0;10373.7;10375.3;2168.0;10291.792813311
07.10.2025;22:50:00;10376.2;10382.0;10376.2;10378.0;559.0;10293.019885178
07.10.2025;23:00:00;10379.0;10383.2;10377.5;10378.5;970.0;10294.234686326
07.10.2025;23:10:00;10378.5;10378.6;10374.1;10374.1;586.0;10295.437339463
07.10.2025;23:20:00;10374.1;10393.6;10374.1;10391.9;3397.0;10296.627966068
07.10.2025;23:30:00;10391.0;10391.8;10381.0;10391.4;964.0;10297.806686408
07.10.2025;23:40:00;10391.0;10414.2;10386.9;10411.1;5619.0;10298.973619543
08.10.2025;08:50:00;10504.0;10504.0;10504.0;10504.0;2100.0;10300.128883348
08.10.2025;09:00:00;10504.0;10528.9;10450.1;10468.1;32519.0;10302.167594515
08.10.2025;09:10:00;10468.0;10473.8;10455.9;10463.8;9398.0;10304.434918569
08.10.2025;09:20:00;10463.8;10486.4;10463.8;10484.4;4814.0;10306.679569384
08.10.2025;09:30:00;10484.4;10513.5;10484.4;10512.0;9089.0;10308.90177369
08.10.2025;09:40:00;10513.3;10520.0;10500.5;10514.4;10394.0;10311.101755953
08.10.2025;09:50:00;10513.2;10526.0;10505.1;10505.1;5908.0;10313.279738393
08.10.2025;10:00:00;10505.8;10512.0;10470.6;10490.0;40036.0;10315.435941009
08.10.2025;10:10:00;10490.8;10501.1;10468.8;10483.4;19082.0;10317.570581599
08.10.2025;10:20:00;10482.8;10484.4;10472.7;10476.3;6172.0;10319.683875783
08.10.2025;10:30:00;10474.9;10484.0;10463.0;10472.2;14046.0;10321.776037026
08.10.2025;10:40:00;10472.1;10475.7;10466.4;10472.0;8436.0;10323.847276655
08.10.2025;10:50:00;10470.8;10475.0;10466.0;10472.1;4243.0;10325.897803889
08.10.2025;11:00:00;10472.3;10485.0;10468.7;10483.7;8772.0;10327.92782585
08.10.2025;11:10:00;10483.9;10485.0;10472.1;10479.1;5073.0;10329.937547591
08.10.2025;11:20:00;10479.8;10500.0;10479.8;10496.8;11148.0;10331.927172115
08.10.2025;11:30:00;10497.1;10506.3;10488.4;10505.0;5922.0;10333.896900394
08.10.2025;11:40:00;10505.0;10506.2;10491.5;10499.8;5116.0;10335.84693139
08.10.2025;11:50:00;10499.8;10510.4;10494.1;10508.4;9016.0;10337.777462076
08.10.2025;12:00:00;10507.2;10510.0;10494.1;10505.1;8587.0;10339.688687456
08.10.2025;12:10:00;10505.2;10512.1;10494.7;10499.0;6816.0;10341.580800581
08.10.2025;12:20:00;10500.4;10500.5;10478.5;10489.9;7663.0;10343.453992575
08.10.2025;12:30:00;10490.0;10490.9;10475.9;10478.4;10955.0;10345.30845265
08.10.2025;12:40:00;10480.7;10504.9;10477.2;10500.0;9670.0;10347.144368123
08.10.2025;12:50:00;10500.9;10510.5;10497.0;10506.4;5866.0;10348.961924442
08.10.2025;13:00:00;10505.6;10507.0;10490.2;10494.1;3600.0;10350.761305197
08.10.2025;13:10:00;10492.2;10492.2;10454.0;10456.7;15434.0;10352.542692145
08.10.2025;13:20:00;10455.5;10468.0;10454.0;10466.5;14930.0;10354.306265224
08.10.2025;13:30:00;10466.0;10473.3;10454.1;10466.0;7364.0;10356.052202572
08.10.2025;13:40:00;10465.6;10476.6;10465.6;10474.2;4328.0;10357.780680546
08.10.2025;13:50:00;10474.5;10474.6;10464.6;10471.9;3777.0;10359.491873741
08.10.2025;14:00:00;10471.0;10471.0;10464.5;10468.5;1800.0;10361.185955003
08.10.2025;14:10:00;10469.6;10472.0;10466.3;10467.5;5517.0;10362.863095453
08.10.2025;14:20:00;10468.0;10486.4;10467.0;10478.1;8697.0;10364.523464499
08.10.2025;14:30:00;10476.0;10477.3;10471.2;10476.7;1097.0;10366.167229854
08.10.2025;14:40:00;10477.1;10481.0;10472.6;10476.4;2306.0;10367.794557555
08.10.2025;14:50:00;10479.4;10488.1;10473.3;10488.0;6999.0;10369.40561198
08.10.2025;15:00:00;10488.0;10499.9;10480.3;10498.5;6350.0;10371.00055586
08.10.2025;15:10:00;10498.6;10502.6;10489.6;10499.0;10144.0;10372.579550301
08.10.2025;15:20:00;10498.5;10500.0;10487.9;10499.6;7029.0;10374.142754798
08.10.2025;15:30:00;10499.9;10500.0;10488.0;10489.7;4228.0;10375.69032725
08.10.2025;15:40:00;10489.6;10500.0;10485.0;10497.4;4906.0;10377.222423978
08.10.2025;15:50:00;10498.1;10514.0;10492.9;10513.0;6123.0;10378.739199738
08.10.2025;16:00:00;10512.4;10514.4;10498.3;10501.7;8461.0;10380.240807741
08.10.2025;16:10:00;10502.3;10514.3;10489.0;10494.5;5426.0;10381.727399663
08.10.2025;16:20:00;10494.9;10494.9;10479.6;10481.5;5442.0;10383.199125666
08.10.2025;16:30:00;10482.2;10482.2;10454.0;10467.7;15149.0;10384.65613441
08.10.2025;16:40:00;10466.2;10479.0;10456.1;10476.8;10797.0;10386.098573066
08.10.2025;16:50:00;10477.7;10492.5;10477.7;10488.7;7629.0;10387.526587335
08.10.2025;17:00:00;10488.8;10500.6;10480.6;10483.7;6653.0;10388.940321462
08.10.2025;17:10:00;10482.9;10491.5;10471.7;10491.5;8247.0;10390.339918247
08.10.2025;17:20:00;10491.6;10497.9;10485.9;10489.1;9732.0;10391.725519065
08.10.2025;17:30:00;10489.3;10489.3;10462.3;10464.5;12055.0;10393.097263874
08.10.2025;17:40:00;10463.0;10495.1;10447.0;10492.6;30189.0;10394.455291235
08.10.2025;17:50:00;10491.3;10493.0;10475.9;10480.0;6580.0;10395.799738323
08.10.2025;18:00:00;10480.0;10491.9;10477.6;10482.1;7810.0;10397.13074094
08.10.2025;18:10:00;10483.8;10485.7;10465.0;10469.1;7292.0;10398.44843353
08.10.2025;18:20:00;10468.6;10476.7;10468.0;10476.3;3495.0;10399.752949195
08.10.2025;18:30:00;10476.4;10490.0;10475.8;10489.9;3631.0;10401.044419703
08.10.2025;18:40:00;10489.6;10489.6;10481.0;10482.8;2565.0;10402.322975506
08.10.2025;19:00:00;10481.7;10496.8;10480.0;10491.2;2782.0;10403.588745751
08.10.2025;19:10:00;10493.0;10518.5;10493.0;10507.4;7103.0;10404.841858293
08.10.2025;19:20:00;10507.6;10525.0;10506.7;10520.0;6914.0;10406.08243971
08.10.2025;19:30:00;10520.4;10534.9;10508.1;10513.8;6533.0;10407.310615313
08.10.2025;19:40:00;10512.0;10515.0;10490.7;10501.8;11367.0;10408.58650916
08.10.2025;19:50:00;10501.8;10514.7;10497.0;10507.0;4290.0;10409.849644069
08.10.2025;20:00:00;10507.5;10517.3;10502.4;10509.2;4049.0;10411.100147628
08.10.2025;20:10:00;10508.1;10511.9;10497.0;10497.0;3352.0;10412.338146152
08.10.2025;20:20:00;10497.0;10500.1;10488.1;10488.1;5020.0;10413.56376469
08.10.2025;20:30:00;10488.0;10493.0;10481.3;10490.0;3651.0;10414.777127043
08.10.2025;20:40:00;10490.0;10504.2;10487.0;10504.2;2436.0;10415.978355773
08.10.2025;20:50:00;10503.9;10504.1;10491.7;10496.5;908.0;10417.167572215
08.10.2025;21:00:00;10496.4;10502.9;10485.6;10488.5;2758.0;10418.344896493
08.10.2025;21:10:00;10487.3;10490.0;10468.4;10475.0;4908.0;10419.510447528
08.10.2025;21:20:00;10476.9;10492.0;10475.6;10491.1;1339.0;10420.664343053
08.10.2025;21:30:00;10490.8;10494.5;10487.3;10489.9;2042.0;10421.806699622
08.10.2025;21:40:00;10488.4;10494.5;10488.4;10494.5;928.0;10422.937632626
08.10.2025;21:50:00;10493.8;10506.8;10493.7;10505.2;1975.0;10424.0572563
08.10.2025;22:00:00;10504.0;10506.8;10477.8;10477.8;6527.0;10425.165683737
08.10.2025;22:10:00;10478.7;10492.0;10478.7;10484.7;2111.0;10426.263026899
08.10.2025;22:20:00;10486.3;10495.7;10483.1;10489.0;1566.0;10427.34939663
08.10.2025;22:30:00;10485.8;10485.8;10478.3;10482.5;1962.0;10428.424902664
08.10.2025;22:40:00;10481.6;10483.6;10476.7;10483.6;3059.0;10429.489653637
08.10.2025;22:50:00;10483.4;10489.9;10480.8;10488.1;1613.0;10430.543757101
08.10.2025;23:00:00;10485.7;10489.0;10480.2;10483.9;1201.0;10431.58731953
08.10.2025;23:10:00;10483.7;10485.0;10479.6;10480.0;1333.0;10432.620446335
08.10.2025;23:20:00;10482.6;10483.0;10476.7;10483.0;1589.0;10433.643241871
08.10.2025;23:30:00;10482.8;10484.5;10477.9;10478.9;1500.0;10434.655809453
08.10.2025;23:40:00;10480.0;10490.0;10476.8;10478.0;1154.0;10435.658251358
09.10.2025;08:50:00;10488.7;10488.7;10488.7;10488.7;50.0;10436.650668845
09.10.2025;09:00:00;10478.1;10484.2;10453.9;10457.8;9109.0;10437.633162156
09.10.2025;09:10:00;10457.4;10462.0;10435.9;10439.6;7520.0;10534.9
09.10.2025;09:20:00;10439.7;10458.5;10439.7;10446.6;4578.0;10532.92
09.10.2025;09:30:00;10446.6;10488.7;10443.5;10461.0;7744.0;10530.9796
09.10.2025;09:40:00;10461.5;10469.6;10440.5;10449.6;4726.0;10529.078008
09.10.2025;09:50:00;10449.4;10457.5;10435.6;10447.0;3116.0;10527.21444784
09.10.2025;10:00:00;10447.0;10498.0;10447.0;10490.5;16972.0;10526.298303362
09.10.2025;10:10:00;10490.0;10495.4;10471.0;10475.8;14342.0;10525.391320328
09.10.2025;10:20:00;10475.7;10485.3;10471.0;10479.9;9321.0;10524.493407125
09.10.2025;10:30:00;10479.9;10484.7;10474.5;10479.8;4819.0;10523.604473053
09.10.2025;10:40:00;10479.0;10483.8;10477.1;10482.1;5289.0;10522.724428323
09.10.2025;10:50:00;10482.6;10483.5;10480.1;10481.5;4005.0;10521.85318404
09.10.2025;11:00:00;10482.6;10483.0;10476.0;10478.8;6711.0;10520.990652199
09.10.2025;11:10:00;10478.9;10492.8;10477.2;10488.0;7893.0;10520.136745677
09.10.2025;11:20:00;10488.0;10490.4;10476.0;10481.2;3339.0;10519.291378221
09.10.2025;11:30:00;10481.8;10494.0;10479.8;10494.0;4608.0;10518.454464438
09.10.2025;11:40:00;10495.0;10517.3;10492.3;10511.0;23171.0;10517.625919794
09.10.2025;11:50:00;10511.7;10514.7;10501.3;10505.8;5796.0;10517.3
09.10.2025;12:00:00;10506.0;10512.6;10493.2;10494.4;7506.0;10517.3
09.10.2025;12:10:00;10493.4;10502.5;10489.1;10493.9;5261.0;10516.483
09.10.2025;12:20:00;10493.4;10495.8;10485.9;10491.0;8376.0;10515.67417
09.10.2025;12:30:00;10490.6;10512.0;10483.9;10511.7;16489.0;10514.8734283
09.10.2025;12:40:00;10511.7;10514.7;10501.8;10513.9;7816.0;10435.6
09.10.2025;12:50:00;10513.2;10517.4;10513.2;10517.3;7989.0;10437.182
09.10.2025;13:00:00;10517.3;10533.0;10515.0;10518.1;15735.0;10437.98418
09.10.2025;13:10:00;10519.4;10524.9;10510.5;10524.2;4241.0;10438.9343382
09.10.2025;13:20:00;10524.0;10527.5;10519.9;10525.8;7103.0;10439.874994818
09.10.2025;13:30:00;10525.8;10527.0;10520.5;10520.5;2228.0;10440.80624487
09.10.2025;13:40:00;10521.4;10523.4;10511.2;10517.7;8657.0;10441.728182421
09.10.2025;13:50:00;10517.7;10528.6;10517.2;10527.9;11257.0;10442.640900597
09.10.2025;14:00:00;10527.5;10533.0;10521.7;10524.6;8476.0;10443.544491591
09.10.2025;14:10:00;10524.2;10524.2;10504.0;10504.8;6191.0;10444.439046675
09.10.2025;14:20:00;10505.1;10512.0;10501.8;10510.0;5112.0;10445.324656208
09.10.2025;14:30:00;10509.6;10517.9;10509.4;10516.6;2814.0;10446.201409646
09.10.2025;14:40:00;10515.1;10517.9;10514.3;10517.6;4258.0;10447.06939555
09.10.2025;14:50:00;10517.0;10525.2;10512.7;10522.1;13298.0;10447.928701594
09.10.2025;15:00:00;10522.0;10523.8;10512.9;10514.1;2020.0;10448.779414578
09.10.2025;15:10:00;10513.0;10515.8;10507.2;10511.2;1746.0;10449.621620433
09.10.2025;15:20:00;10508.9;10519.8;10506.8;10511.0;4084.0;10450.455404228
09.10.2025;15:30:00;10511.0;10513.9;10509.4;10512.8;3657.0;10451.280850186
09.10.2025;15:40:00;10512.5;10520.0;10511.3;10517.2;4831.0;10452.098041684
09.10.2025;15:50:00;10515.8;10538.9;10514.0;10538.4;9225.0;10452.907061267
09.10.2025;16:00:00;10539.0;10551.5;10537.9;10539.5;14274.0;10453.766990655
09.10.2025;16:10:00;10542.3;10552.7;10530.4;10536.3;9003.0;10454.744320748
09.10.2025;16:20:00;10536.6;10545.0;10530.9;10535.0;4047.0;10455.723877541
09.10.2025;16:30:00;10535.3;10542.4;10528.0;10529.5;16889.0;10456.693638765
09.10.2025;16:40:00;10529.4;10531.1;10484.2;10494.8;24068.0;10457.653702377
09.10.2025;16:50:00;10494.8;10504.2;10483.6;10488.2;12641.0;10458.604165354
09.10.2025;17:00:00;10486.4;10508.9;10470.0;10499.1;18018.0;10459.5451237
09.10.2025;17:10:00;10499.7;10504.7;10486.0;10487.8;8678.0;10460.476672463
09.10.2025;17:20:00;10487.5;10487.5;10452.6;10452.6;20023.0;10552.7
09.10.2025;17:30:00;10452.2;10473.5;10437.7;10471.4;19088.0;10550.698
09.10.2025;17:40:00;10473.1;10490.8;10456.5;10488.3;13755.0;10549.56802
09.10.2025;17:50:00;10488.5;10492.8;10473.7;10476.9;6593.0;10548.4493398
09.10.2025;18:00:00;10476.0;10476.4;10455.8;10469.2;8981.0;10547.341846402
09.10.2025;18:10:00;10470.5;10484.6;10470.5;10480.6;6672.0;10546.245427938
09.10.2025;18:20:00;10480.7;10481.0;10462.0;10462.1;4727.0;10545.159973659
09.10.2025;18:30:00;10462.1;10462.1;10441.0;10442.1;7648.0;10544.085373922
09.10.2025;18:40:00;10444.5;10452.0;10412.5;10436.9;23324.0;10543.021520183
09.10.2025;19:00:00;10435.0;10459.3;10425.1;10455.7;5338.0;10541.716304981
09.10.2025;19:10:00;10455.7;10463.0;10450.8;10455.5;7068.0;10540.424141931
09.10.2025;19:20:00;10459.1;10462.4;10444.4;10452.5;4561.0;10539.144900512
09.10.2025;19:30:00;10452.9;10452.9;10381.1;10382.9;12295.0;10537.878451507
09.10.2025;19:40:00;10382.9;10392.7;10350.0;10372.4;25692.0;10536.310666992
09.10.2025;19:50:00;10372.3;10380.1;10299.3;10314.4;43449.0;10534.447560322
09.10.2025;20:00:00;10314.1;10318.3;10282.0;10297.8;26846.0;10532.096084719
09.10.2025;20:10:00;10297.8;10302.5;10260.0;10300.0;18660.0;10529.595123871
09.10.2025;20:20:00;10300.0;10312.1;10272.7;10287.7;10987.0;10526.899172633
09.10.2025;20:30:00;10286.9;10306.5;10277.7;10296.6;6237.0;10524.230180906
09.10.2025;20:40:00;10296.6;10307.2;10287.5;10288.8;6487.0;10521.587879097
09.10.2025;20:50:00;10288.7;10301.6;10275.0;10281.8;5340.0;10518.972000306
09.10.2025;21:00:00;10278.5;10304.8;10276.4;10304.0;4491.0;10516.382280303
09.10.2025;21:10:00;10304.0;10338.7;10300.0;10338.7;12362.0;10513.8184575
09.10.2025;21:20:00;10338.0;10338.9;10319.5;10321.8;5331.0;10511.280272925
09.10.2025;21:30:00;10321.6;10322.1;10310.3;10315.4;6354.0;10508.767470196
09.10.2025;21:40:00;10316.2;10316.2;10301.5;10310.9;1788.0;10506.279795494
09.10.2025;21:50:00;10308.6;10309.9;10302.4;10308.1;453.0;10503.816997539
09.10.2025;22:00:00;10308.1;10314.8;10300.0;10314.8;3627.0;10501.378827564
09.10.2025;22:10:00;10314.8;10335.7;10309.6;10330.0;7435.0;10498.965039288
09.10.2025;22:20:00;10332.7;10349.8;10332.7;10348.5;4254.0;10496.575388895
09.10.2025;22:30:00;10348.4;10365.6;10348.4;10361.8;6548.0;10494.209635006
09.10.2025;22:40:00;10364.8;10365.0;10352.2;10355.8;3117.0;10491.867538656
09.10.2025;22:50:00;10357.7;10363.0;10339.9;10343.9;2748.0;10489.54886327
09.10.2025;23:00:00;10342.5;10366.7;10342.5;10365.0;1301.0;10487.253374637
09.10.2025;23:10:00;10362.9;10364.1;10349.7;10349.7;1581.0;10484.98084089
09.10.2025;23:20:00;10350.9;10365.6;10350.0;10362.7;1361.0;10482.731032482
09.10.2025;23:30:00;10362.9;10363.0;10350.6;10358.0;1061.0;10480.503722157
09.10.2025;23:40:00;10355.2;10365.0;10341.5;10341.5;1545.0;10478.298684935
10.10.2025;08:50:00;10341.5;10341.5;10341.5;10341.5;243.0;10476.115698086
10.10.2025;09:00:00;10341.0;10365.0;10340.0;10362.1;3414.0;10473.954541105
10.10.2025;09:10:00;10362.1;10362.5;10345.6;10354.7;3090.0;10471.814995694
10.10.2025;09:20:00;10353.0;10382.8;10353.0;10380.5;3871.0;10469.696845737
10.10.2025;09:30:00;10380.5;10388.4;10357.1;10361.8;4472.0;10467.59987728
10.10.2025;09:40:00;10363.2;10382.1;10357.6;10357.6;3753.0;10465.523878507
10.10.2025;09:50:00;10357.1;10357.1;10325.6;10340.7;9872.0;10463.468639722
10.10.2025;10:00:00;10339.1;10345.8;10282.0;10283.2;25584.0;10461.433953325
10.10.2025;10:10:00;10285.0;10288.5;10273.5;10287.4;15801.0;10459.419613791
10.10.2025;10:20:00;10287.4;10306.9;10284.6;10301.3;10257.0;10457.425417653
10.10.2025;10:30:00;10301.9;10301.9;10293.4;10298.5;5441.0;10455.451163477
10.10.2025;10:40:00;10298.0;10299.9;10290.8;10296.0;4399.0;10453.496651842
10.10.2025;10:50:00;10297.0;10322.5;10295.7;10319.1;7490.0;10451.561685324
10.10.2025;11:00:00;10318.7;10349.0;10315.0;10347.1;9385.0;10449.64606847
10.10.2025;11:10:00;10347.0;10364.4;10343.8;10359.0;10733.0;10447.749607786
10.10.2025;11:20:00;10359.1;10360.5;10339.6;10342.9;6663.0;10445.872111708
10.10.2025;11:30:00;10343.0;10355.5;10334.5;10354.9;9252.0;10444.013390591
10.10.2025;11:40:00;10355.8;10388.8;10346.0;10383.8;11887.0;10442.173256685
10.10.2025;11:50:00;10383.6;10383.6;10363.6;10375.4;12188.0;10440.351524118
10.10.2025;12:00:00;10375.5;10390.6;10375.0;10387.2;5977.0;10438.548008877
10.10.2025;12:10:00;10387.5;10390.4;10373.0;10374.4;10117.0;10436.762528788
10.10.2025;12:20:00;10374.0;10381.5;10366.0;10379.5;5045.0;10434.9949035
10.10.2025;12:30:00;10378.0;10389.5;10370.5;10388.3;7072.0;10433.244954465
10.10.2025;12:40:00;10387.0;10411.0;10385.0;10403.0;7885.0;10431.512504921
10.10.2025;12:50:00;10403.0;10410.5;10396.0;10400.0;12910.0;10429.797379871
10.10.2025;13:00:00;10399.8;10401.0;10377.6;10390.3;13560.0;10428.099406073
10.10.2025;13:10:00;10390.1;10397.8;10382.7;10397.8;6628.0;10426.418412012
10.10.2025;13:20:00;10397.3;10397.7;10383.0;10391.0;5031.0;10424.754227892
10.10.2025;13:30:00;10391.0;10391.5;10385.5;10389.4;2087.0;10423.106685613
10.10.2025;13:40:00;10390.1;10401.8;10387.6;10388.0;7141.0;10421.475618757
10.10.2025;13:50:00;10387.9;10404.4;10383.0;10383.9;18468.0;10419.860862569
10.10.2025;14:00:00;10383.9;10391.4;10383.9;10390.1;1083.0;10418.262253943
10.10.2025;14:10:00;10390.5;10396.0;10387.0;10394.1;2424.0;10416.679631404
10.10.2025;14:20:00;10393.9;10399.0;10390.7;10393.4;2899.0;10415.11283509
10.10.2025;14:30:00;10392.7;10398.0;10384.3;10398.0;4012.0;10413.561706739
10.10.2025;14:40:00;10397.9;10397.9;10376.0;10395.5;5444.0;10412.026089672
10.10.2025;14:50:00;10394.2;10398.5;10377.1;10377.4;2955.0;10410.505828775
10.10.2025;15:00:00;10379.6;10386.8;10377.5;10380.4;3382.0;10409.000770487
10.10.2025;15:10:00;10380.3;10390.5;10377.0;10388.2;4021.0;10407.510762782
10.10.2025;15:20:00;10387.6;10387.6;10378.1;10384.6;4790.0;10406.035655155
10.10.2025;15:30:00;10384.6;10389.1;10366.1;10383.6;11733.0;10404.575298603
10.10.2025;15:40:00;10384.3;10384.4;10366.5;10368.5;2918.0;10403.129545617
10.10.2025;15:50:00;10370.1;10381.0;10370.1;10375.1;3845.0;10401.698250161
10.10.2025;16:00:00;10375.1;10382.0;10365.0;10379.7;10233.0;10400.281267659
10.10.2025;16:10:00;10380.9;10390.0;10377.7;10380.5;7670.0;10398.878454983
10.10.2025;16:20:00;10379.7;10403.9;10379.6;10397.5;8555.0;10260.0
10.10.2025;16:30:00;10397.5;10402.9;10386.5;10401.8;12280.0;10262.878
10.10.2025;16:40:00;10401.9;10404.1;10372.3;10373.7;7758.0;10265.69844
10.10.2025;16:50:00;10373.9;10381.1;10355.0;10360.0;11049.0;10267.0824556
10.10.2025;17:00:00;10359.5;10366.0;10345.2;10360.9;9683.0;10268.452631044
10.10.2025;17:10:00;10362.5;10382.6;10352.0;10380.0;8090.0;10269.809104734
10.10.2025;17:20:00;10380.3;10385.9;10365.6;10372.4;6115.0;10271.152013686
10.10.2025;17:30:00;10371.4;10381.1;10362.0;10379.4;4222.0;10272.481493549
10.10.2025;17:40:00;10379.3;10382.0;10340.0;10354.1;17613.0;10273.797678614
10.10.2025;17:50:00;10356.6;10397.1;10350.4;10386.2;8816.0;10275.100701828
10.10.2025;18:00:00;10387.6;10448.1;10383.3;10444.8;29138.0;10276.390694809
10.10.2025;18:10:00;10445.0;10450.0;10422.8;10435.0;15723.0;10278.107787861
10.10.2025;18:20:00;10435.0;10443.9;10412.6;10429.9;7364.0;10279.826709983
10.10.2025;18:30:00;10433.3;10446.2;10423.2;10441.3;13117.0;10281.528442883
10.10.2025;18:40:00;10441.3;10441.3;10406.8;10425.4;8505.0;10283.213158454
10.10.2025;19:00:00;10412.6;10425.2;10376.3;10400.5;5452.0;10284.88102687
10.10.2025;19:10:00;10393.4;10417.8;10382.7;10383.2;3372.0;10286.532216601
10.10.2025;19:20:00;10381.0;10425.4;10380.8;10424.9;2927.0;10288.166894435
10.10.2025;19:30:00;10424.9;10433.6;10418.3;10422.3;2656.0;10289.78522549
10.10.2025;19:40:00;10422.3;10424.0;10394.8;10408.5;1428.0;10291.387373236
10.10.2025;19:50:00;10407.6;10412.9;10396.0;10400.2;1218.0;10292.973499503
10.10.2025;20:00:00;10399.0;10411.1;10382.1;10384.5;3361.0;10294.543764508
10.10.2025;20:10:00;10384.6;10402.5;10382.2;10400.0;1428.0;10296.098326863
10.10.2025;20:20:00;10398.8;10404.8;10396.7;10402.5;846.0;10297.637343594
10.10.2025;20:30:00;10400.0;10425.0;10389.5;10422.5;2707.0;10299.160970159
10.10.2025;20:40:00;10424.9;10429.0;10403.9;10412.0;1703.0;10300.669360457
10.10.2025;20:50:00;10412.0;10420.8;10409.7;10416.6;551.0;10302.162666852
10.10.2025;21:00:00;10412.7;10420.0;10406.3;10417.3;562.0;10303.641040184
10.10.2025;21:10:00;10418.4;10433.0;10414.0;10428.0;1097.0;10305.104629782
10.10.2025;21:20:00;10428.2;10445.3;10424.7;10431.6;5216.0;10306.553583484
10.10.2025;21:30:00;10432.6;10435.5;10419.1;10424.6;971.0;10307.988047649
10.10.2025;21:40:00;10419.1;10423.6;10410.1;10423.6;1103.0;10309.408167173
10.10.2025;21:50:00;10423.6;10433.0;10420.5;10421.8;857.0;10310.814085501
10.10.2025;22:00:00;10421.9;10433.4;10412.7;10416.8;895.0;10312.205944646
10.10.2025;22:10:00;10423.0;10434.6;10423.0;10432.7;2789.0;10313.5838852
10.10.2025;22:20:00;10432.5;10450.0;10432.5;10437.6;2466.0;10314.948046348
10.10.2025;22:30:00;10437.9;10450.0;10437.9;10449.5;1482.0;10316.298565884
10.10.2025;22:40:00;10447.3;10464.9;10447.1;10460.1;4913.0;10317.635580225
10.10.2025;22:50:00;10460.8;10478.0;10455.5;10460.3;4680.0;10319.108224423
10.10.2025;23:00:00;10461.9;10466.4;10449.0;10449.5;7555.0;10320.697142179
10.10.2025;23:10:00;10449.4;10459.1;10449.4;10454.5;505.0;10322.270170757
10.10.2025;23:20:00;10454.7;10462.6;10449.6;10459.3;1043.0;10323.82746905
10.10.2025;23:30:00;10459.3;10464.1;10447.8;10459.8;2511.0;10325.369194359
10.10.2025;23:40:00;10455.0;10475.0;10455.0;10475.0;2019.0;10326.895502415
11.10.2025;09:50:00;10459.5;10459.5;10459.5;10459.5;36.0;10328.406547391
11.10.2025;10:00:00;10456.0;10473.0;10451.7;10470.5;947.0;10329.902481917
11.10.2025;10:10:00;10470.6;10470.6;10458.0;10463.9;547.0;10331.383457098
11.10.2025;10:20:00;10458.9;10495.0;10458.9;10478.2;2081.0;10332.849622527
11.10.2025;10:30:00;10481.3;10495.1;10477.3;10482.1;1015.0;10334.471126302
11.10.2025;10:40:00;10484.9;10489.7;10482.5;10485.1;331.0;10336.077415039
11.10.2025;10:50:00;10485.0;10490.0;10480.0;10480.0;568.0;10337.667640889
11.10.2025;11:00:00;10480.1;10485.4;10479.0;10480.5;172.0;10339.24196448
11.10.2025;11:10:00;10480.9;10489.1;10480.8;10483.6;526.0;10340.800544835
11.10.2025;11:20:00;10485.9;10487.1;10482.7;10484.4;150.0;10342.343539386
11.10.2025;11:30:00;10484.5;10487.5;10484.5;10485.0;25.0;10343.871103993
11.10.2025;11:40:00;10487.0;10488.9;10487.0;10488.9;96.0;10345.383392953
11.10.2025;11:50:00;10489.0;10493.0;10488.5;10492.6;174.0;10346.880559023
11.10.2025;12:00:00;10490.1;10492.4;10485.7;10485.9;123.0;10348.362753433
11.10.2025;12:10:00;10487.1;10491.3;10477.3;10481.7;1632.0;10349.830125899
11.10.2025;12:20:00;10481.0;10487.0;10477.3;10483.2;294.0;10351.28282464
11.10.2025;12:30:00;10483.2;10491.8;10483.2;10491.8;459.0;10352.720996393
11.10.2025;12:40:00;10488.5;10493.0;10483.8;10490.0;648.0;10354.144786429
11.10.2025;12:50:00;10490.3;10493.0;10480.0;10491.9;320.0;10355.554338565
11.10.2025;13:00:00;10491.9;10493.0;10489.8;10490.1;116.0;10356.949795179
11.10.2025;13:10:00;10489.0;10492.0;10489.0;10492.0;37.0;10358.331297228
11.10.2025;13:20:00;10491.3;10491.9;10482.5;10486.9;173.0;10359.698984255
11.10.2025;13:30:00;10490.7;10490.7;10483.0;10489.7;313.0;10361.052994413
11.10.2025;13:40:00;10485.6;10488.3;10483.0;10488.3;123.0;10362.393464469
11.10.2025;13:50:00;10483.1;10483.1;10483.0;10483.0;26.0;10363.720529824
11.10.2025;14:00:00;10487.4;10488.3;10485.6;10486.0;1595.0;10365.034324526
11.10.2025;14:10:00;10483.1;10483.1;10483.0;10483.0;23.0;10366.33498128
11.10.2025;14:20:00;10482.5;10482.5;10478.0;10478.0;466.0;10367.622631468
11.10.2025;14:30:00;10478.2;10478.2;10470.1;10470.1;219.0;10368.897405153
11.10.2025;14:40:00;10470.2;10477.0;10456.8;10468.9;489.0;10370.159431101
11.10.2025;14:50:00;10473.1;10478.0;10467.0;10468.7;329.0;10371.40883679
11.10.2025;15:00:00;10468.7;10475.9;10468.7;10469.9;193.0;10372.645748422
11.10.2025;15:10:00;10475.5;10478.5;10469.9;10478.0;179.0;10373.870290938
11.10.2025;15:20:00;10478.0;10478.7;10475.4;10475.4;35.0;10375.082588029
11.10.2025;15:30:00;10478.0;10479.0;10475.5;10479.0;48.0;10376.282762149
11.10.2025;15:40:00;10479.0;10483.0;10475.8;10475.8;47.0;10377.470934527
11.10.2025;15:50:00;10478.0;10484.8;10475.1;10484.1;50.0;10378.647225182
11.10.2025;16:00:00;10483.3;10483.3;10483.3;10483.3;1.0;10379.81175293
11.10.2025;16:10:00;10478.0;10478.0;10472.5;10472.5;70.0;10380.964635401
11.10.2025;16:20:00;10472.9;10478.3;10472.5;10477.4;33.0;10382.105989047
11.10.2025;16:30:00;10478.4;10480.0;10473.5;10479.4;29.0;10383.235929156
11.10.2025;16:40:00;10473.9;10479.4;10473.8;10476.8;28.0;10384.354569865
11.10.2025;16:50:00;10479.3;10479.3;10472.8;10476.9;87.0;10385.462024166
11.10.2025;17:00:00;10475.6;10477.0;10474.2;10474.2;57.0;10386.558403924
11.10.2025;17:10:00;10475.9;10475.9;10472.9;10472.9;115.0;10387.643819885
11.10.2025;17:20:00;10473.5;10483.7;10473.4;10474.6;153.0;10388.718381686
11.10.2025;17:30:00;10481.1;10484.9;10479.6;10484.9;178.0;10389.782197869
11.10.2025;17:40:00;10484.9;10485.0;10482.1;10482.1;16.0;10390.835375891
11.10.2025;17:50:00;10484.9;10485.5;10484.9;10485.5;39.0;10391.878022132
11.10.2025;18:00:00;10485.4;10485.5;10481.2;10481.2;65.0;10392.910241911
11.10.2025;18:10:00;10481.3;10485.8;10481.3;10485.8;50.0;10393.932139491
11.10.2025;18:20:00;10485.8;10485.8;10480.4;10485.8;143.0;10394.943818096
11.10.2025;18:30:00;10485.7;10485.8;10481.1;10481.1;43.0;10395.945379916
11.10.2025;18:40:00;10484.9;10485.4;10484.5;10485.4;89.0;10396.936926116
11.10.2025;18:50:00;10484.8;10485.5;10484.6;10485.5;137.0;10397.918556855
12.10.2025;09:50:00;10484.5;10484.5;10484.5;10484.5;4.0;10398.890371287
12.10.2025;10:00:00;10484.4;10484.4;10470.0;10476.2;330.0;10399.852467574
12.10.2025;10:10:00;10478.1;10482.4;10476.0;10482.0;136.0;10400.804942898
12.10.2025;10:20:00;10482.0;10483.4;10477.9;10483.4;116.0;10401.747893469
12.10.2025;10:30:00;10483.4;10490.0;10483.4;10489.8;429.0;10402.681414534
12.10.2025;10:40:00;10489.8;10492.0;10489.0;10489.2;268.0;10403.605600389
12.10.2025;10:50:00;10490.0;10491.6;10489.1;10489.1;48.0;10404.520544385
12.10.2025;11:00:00;10489.2;10490.0;10489.1;10489.1;11.0;10405.426338941
12.10.2025;11:10:00;10490.0;10490.4;10485.5;10485.7;99.0;10406.323075552
12.10.2025;11:20:00;10486.0;10489.0;10486.0;10487.2;62.0;10407.210844796
12.10.2025;11:30:00;10487.2;10489.5;10487.2;10489.5;17.0;10408.089736348
12.10.2025;11:40:00;10489.6;10489.8;10487.3;10487.3;16.0;10408.959838985
12.10.2025;11:50:00;10487.3;10487.3;10485.5;10485.5;108.0;10409.821240595
12.10.2025;12:00:00;10485.8;10488.0;10485.6;10485.6;95.0;10410.674028189
12.10.2025;12:10:00;10485.6;10488.0;10485.6;10485.6;21.0;10411.518287907
12.10.2025;12:20:00;10487.8;10489.9;10485.1;10488.7;376.0;10412.354105028
12.10.2025;12:30:00;10488.4;10488.8;10485.7;10488.8;22.0;10413.181563978
12.10.2025;12:40:00;10488.8;10490.0;10486.2;10490.0;129.0;10414.000748338
12.10.2025;12:50:00;10490.0;10490.0;10486.1;10489.0;235.0;10414.811740855
12.10.2025;13:00:00;10486.3;10493.0;10486.3;10493.0;406.0;10415.614623446
12.10.2025;13:10:00;10492.0;10493.0;10491.8;10491.8;21.0;10416.409477212
12.10.2025;13:20:00;10486.9;10491.8;10486.5;10491.8;30.0;10417.19638244
12.10.2025;13:30:00;10491.8;10492.0;10489.1;10489.3;65.0;10417.975418615
12.10.2025;13:40:00;10491.9;10492.9;10490.0;10492.8;73.0;10418.746664429
12.10.2025;13:50:00;10490.1;10492.8;10486.3;10486.3;221.0;10419.510197785
12.10.2025;14:00:00;10490.0;10493.0;10487.1;10493.0;333.0;10420.266095807
12.10.2025;14:10:00;10490.3;10492.9;10486.5;10491.0;215.0;10421.014434849
12.10.2025;14:20:00;10490.0;10491.0;10490.0;10491.0;26.0;10421.7552905
12.10.2025;14:30:00;10491.3;10491.4;10486.4;10488.1;290.0;10422.488737595
12.10.2025;14:40:00;10488.0;10489.9;10488.0;10488.1;49.0;10423.214850219
12.10.2025;14:50:00;10489.0;10495.0;10488.0;10490.7;572.0;10423.933701717
12.10.2025;15:00:00;10493.5;10495.0;10488.0;10488.0;196.0;10424.6453647
12.10.2025;15:10:00;10488.0;10493.4;10488.0;10489.6;61.0;10425.349911053
12.10.2025;15:20:00;10490.0;10498.0;10489.5;10495.1;450.0;10426.047411942
12.10.2025;15:30:00;10497.7;10524.6;10495.3;10512.4;3117.0;10426.766937823
12.10.2025;15:40:00;10512.5;10514.0;10509.0;10512.1;579.0;10427.745268445
12.10.2025;15:50:00;10512.1;10512.3;10507.0;10509.4;718.0;10428.71381576
12.10.2025;16:00:00;10509.3;10511.7;10490.0;10496.2;1371.0;10429.672677603
12.10.2025;16:10:00;10496.4;10510.4;10496.3;10505.1;280.0;10430.621950827
12.10.2025;16:20:00;10505.1;10508.9;10499.0;10508.9;153.0;10431.561731318
12.10.2025;16:30:00;10508.9;10509.0;10504.1;10504.1;45.0;10432.492114005
12.10.2025;16:40:00;10504.1;10506.9;10498.1;10503.8;411.0;10433.413192865
12.10.2025;16:50:00;10503.8;10504.7;10498.0;10498.3;631.0;10434.325060937
12.10.2025;17:00:00;10501.1;10503.8;10498.1;10503.7;96.0;10435.227810327
12.10.2025;17:10:00;10503.6;10504.0;10501.8;10503.0;118.0;10436.121532224
12.10.2025;17:20:00;10503.2;10509.9;10503.2;10507.5;1140.0;10437.006316902
12.10.2025;17:30:00;10507.6;10507.8;10506.8;10507.8;76.0;10437.882253733
12.10.2025;17:40:00;10509.4;10513.0;10509.1;10512.8;1232.0;10438.749431195
12.10.2025;17:50:00;10512.8;10514.0;10510.0;10514.0;512.0;10439.607936883
12.10.2025;18:00:00;10513.9;10513.9;10509.2;10510.6;424.0;10440.457857515
12.10.2025;18:10:00;10510.6;10514.0;10508.6;10508.6;368.0;10441.299278939
12.10.2025;18:20:00;10510.0;10514.0;10505.2;10513.2;779.0;10442.13228615
12.10.2025;18:30:00;10511.7;10514.0;10505.2;10514.0;947.0;10442.956963289
12.10.2025;18:40:00;10512.2;10512.3;10511.0;10512.3;301.0;10443.773393656
12.10.2025;18:50:00;10512.3;10513.9;10509.8;10513.1;263.0;10444.581659719
13.10.2025;08:50:00;10572.5;10572.5;10572.5;10572.5;901.0;10445.381843122
13.10.2025;09:00:00;10569.0;10595.2;10538.0;10559.9;18222.0;10446.653024691
13.10.2025;09:10:00;10560.9;10570.0;10557.3;10570.0;10006.0;10448.138494444
13.10.2025;09:20:00;10570.0;10590.0;10566.0;10582.3;9453.0;10449.609109499
13.10.2025;09:30:00;10581.8;10608.6;10581.0;10597.2;11265.0;10451.065018404
13.10.2025;09:40:00;10595.9;10619.9;10581.0;10597.6;13165.0;10452.64036822
13.10.2025;09:50:00;10598.2;10604.4;10582.1;10588.0;2836.0;10454.312964538
13.10.2025;10:00:00;10588.0;10588.7;10558.7;10563.3;12353.0;10455.968834893
13.10.2025;10:10:00;10562.8;10572.4;10562.8;10571.1;8033.0;10457.608146544
13.10.2025;10:20:00;10570.7;10571.0;10548.6;10550.7;20705.0;10459.231065078
13.10.2025;10:30:00;10549.1;10550.5;10529.4;10537.7;25131.0;10460.837754428
13.10.2025;10:40:00;10538.7;10543.9;10533.5;10536.1;9630.0;10462.428376883
13.10.2025;10:50:00;10535.9;10540.3;10521.4;10524.1;14271.0;10464.003093114
13.10.2025;11:00:00;10523.4;10528.4;10516.7;10524.3;17535.0;10465.562062183
13.10.2025;11:10:00;10524.2;10543.0;10518.0;10519.3;19162.0;10467.105441561
13.10.2025;11:20:00;10519.6;10535.8;10514.9;10530.0;30112.0;10468.633387146
13.10.2025;11:30:00;10529.7;10529.7;10511.3;10512.2;15381.0;10470.146053274
13.10.2025;11:40:00;10512.3;10520.0;10506.0;10515.2;14413.0;10471.643592742
13.10.2025;11:50:00;10516.6;10536.4;10512.4;10530.1;8292.0;10473.126156814
13.10.2025;12:00:00;10528.8;10538.9;10513.2;10538.0;10672.0;10474.593895246
13.10.2025;12:10:00;10537.3;10537.3;10519.4;10524.3;5053.0;10476.046956294
13.10.2025;12:20:00;10525.1;10541.9;10525.1;10534.8;16289.0;10477.485486731
13.10.2025;12:30:00;10534.8;10534.8;10523.5;10526.7;14448.0;10478.909631863
13.10.2025;12:40:00;10525.5;10531.5;10520.9;10528.1;5316.0;10480.319535545
13.10.2025;12:50:00;10528.1;10547.9;10528.1;10543.8;5841.0;10481.715340189
13.10.2025;13:00:00;10541.4;10541.6;10526.1;10529.6;1804.0;10483.097186787
13.10.2025;13:10:00;10528.5;10530.6;10517.4;10528.3;4154.0;10484.46521492
13.10.2025;13:20:00;10527.9;10528.0;10522.0;10526.0;2514.0;10485.81956277
13.10.2025;13:30:00;10526.7;10533.0;10519.6;10529.7;2986.0;10487.160367143
13.10.2025;13:40:00;10529.8;10533.2;10526.0;10530.9;6914.0;10488.487763471
13.10.2025;13:50:00;10530.9;10530.9;10529.5;10529.5;5541.0;10489.801885837
13.10.2025;14:00:00;10529.8;10530.9;10525.7;10526.9;3460.0;10491.102866978
13.10.2025;14:10:00;10526.3;10533.6;10525.0;10525.7;6252.0;10492.390838308
13.10.2025;14:20:00;10525.4;10527.5;10524.6;10527.4;4124.0;10493.665929925
13.10.2025;14:30:00;10527.2;10527.5;10525.5;10526.6;3455.0;10494.928270626
13.10.2025;14:40:00;10526.6;10528.0;10526.6;10527.8;5739.0;10496.17798792
13.10.2025;14:50:00;10527.9;10536.7;10527.3;10532.3;4931.0;10497.415208041
13.10.2025;15:00:00;10531.9;10534.0;10526.6;10528.2;6253.0;10498.64005596
13.10.2025;15:10:00;10527.1;10532.1;10526.7;10529.5;2624.0;10499.852655401
13.10.2025;15:20:00;10529.7;10545.8;10529.7;10541.3;11867.0;10501.053128847
13.10.2025;15:30:00;10541.3;10546.0;10532.2;10539.5;23167.0;10502.241597558
13.10.2025;15:40:00;10539.4;10541.2;10528.4;10530.9;6656.0;10503.418181583
13.10.2025;15:50:00;10530.0;10537.3;10529.5;10532.1;4996.0;10504.582999767
13.10.2025;16:00:00;10532.0;10535.3;10527.1;10535.3;12487.0;10505.736169769
13.10.2025;16:10:00;10535.8;10543.4;10531.1;10538.8;8183.0;10506.877808071
13.10.2025;16:20:00;10538.0;10542.9;10526.8;10535.8;12815.0;10508.008029991
13.10.2025;16:30:00;10536.9;10540.0;10522.0;10534.0;28804.0;10509.126949691
13.10.2025;16:40:00;10532.1;10535.6;10527.2;10535.2;10645.0;10510.234680194
13.10.2025;16:50:00;10533.3;10553.1;10533.3;10549.1;5134.0;10511.331333392
13.10.2025;17:00:00;10549.1;10550.0;10539.9;10541.1;3543.0;10512.417020058
13.10.2025;17:10:00;10542.1;10544.0;10527.1;10532.0;7443.0;10513.491849857
13.10.2025;17:20:00;10534.7;10549.6;10533.9;10545.0;15103.0;10514.555931359
13.10.2025;17:30:00;10545.2;10566.5;10544.4;10552.4;7705.0;10515.609372045
13.10.2025;17:40:00;10552.4;10552.4;10542.5;10548.8;3464.0;10516.652278325
13.10.2025;17:50:00;10549.4;10554.9;10545.0;10548.8;3801.0;10517.684755542
13.10.2025;18:00:00;10546.7;10564.7;10544.9;10546.4;8150.0;10518.706907986
13.10.2025;18:10:00;10545.9;10554.7;10544.6;10554.7;2521.0;10519.718838906
13.10.2025;18:20:00;10551.5;10551.5;10534.9;10536.2;9095.0;10520.720650517
13.10.2025;18:30:00;10536.2;10547.9;10526.4;10537.9;14380.0;10521.712444012
13.10.2025;18:40:00;10543.5;10547.9;10529.1;10535.0;6008.0;10522.694319572
13.10.2025;19:00:00;10540.5;10559.0;10531.0;10551.1;1832.0;10523.666376376
13.10.2025;19:10:00;10550.4;10564.0;10545.0;10547.7;4885.0;10524.628712612
13.10.2025;19:20:00;10547.7;10554.0;10541.9;10551.4;4314.0;10525.581425486
13.10.2025;19:30:00;10553.5;10555.0;10547.5;10547.5;1379.0;10526.524611231
13.10.2025;19:40:00;10547.5;10557.4;10538.3;10552.4;2189.0;10527.458365119
13.10.2025;19:50:00;10555.4;10556.8;10547.9;10550.8;2888.0;10528.382781468
13.10.2025;20:00:00;10549.3;10551.9;10548.1;10550.0;2355.0;10529.297953653
13.10.2025;20:10:00;10550.1;10550.1;10539.7;10545.4;2504.0;10530.203974117
13.10.2025;20:20:00;10548.2;10561.9;10544.8;10559.5;1959.0;10531.100934376
13.10.2025;20:30:00;10559.5;10561.4;10555.6;10558.8;1349.0;10531.988925032
13.10.2025;20:40:00;10559.5;10561.2;10554.6;10554.7;1267.0;10532.868035781
13.10.2025;20:50:00;10550.0;10550.0;10536.4;10541.3;1283.0;10533.738355424
13.10.2025;21:00:00;10541.3;10545.6;10537.2;10538.8;745.0;10534.599971869
13.10.2025;21:10:00;10536.5;10545.3;10535.0;10544.0;735.0;10619.9
13.10.2025;21:20:00;10544.9;10550.0;10544.0;10547.6;339.0;10618.202
13.10.2025;21:30:00;10547.4;10555.0;10547.4;10550.6;1139.0;10616.53796
13.10.2025;21:40:00;10551.0;10554.3;10541.4;10548.3;1071.0;10614.9072008
13.10.2025;21:50:00;10550.0;10551.9;10544.0;10546.8;685.0;10613.309056784
13.10.2025;22:00:00;10549.4;10551.0;10528.0;10534.5;2436.0;10611.742875648
13.10.2025;22:10:00;10534.6;10542.9;10529.3;10540.9;1820.0;10610.905446892
13.10.2025;22:20:00;10540.6;10549.0;10540.2;10548.3;2264.0;10610.076392423
13.10.2025;22:30:00;10548.0;10549.0;10537.9;10537.9;875.0;10609.255628499
13.10.2025;22:40:00;10538.5;10542.2;10538.0;10542.0;808.0;10608.443072214
13.10.2025;22:50:00;10543.1;10546.5;10542.2;10546.5;1343.0;10607.638641492
13.10.2025;23:00:00;10547.5;10551.0;10546.2;10548.5;448.0;10606.842255077
13.10.2025;23:10:00;10546.9;10552.5;10546.9;10552.5;206.0;10606.053832526
13.10.2025;23:20:00;10551.9;10559.9;10551.2;10559.9;1449.0;10605.273294201
13.10.2025;23:30:00;10558.9;10562.0;10558.9;10560.6;1176.0;10604.500561259
13.10.2025;23:40:00;10560.6;10580.0;10560.6;10566.4;3547.0;10603.735555646
14.10.2025;08:50:00;10572.0;10572.0;10572.0;10572.0;145.0;10602.97820009
14.10.2025;09:00:00;10572.0;10600.0;10545.3;10584.5;19246.0;10602.228418089
14.10.2025;09:10:00;10585.8;10595.0;10540.2;10542.3;8242.0;10601.486133908
14.10.2025;09:20:00;10542.4;10547.9;10476.8;10537.5;17785.0;10600.751272569
14.10.2025;09:30:00;10536.5;10536.5;10500.8;10504.1;6442.0;10599.511759843
14.10.2025;09:40:00;10505.6;10509.6;10461.0;10496.5;10607.0;10598.284642245
14.10.2025;09:50:00;10496.2;10533.0;10494.4;10516.2;8064.0;10596.911795822
14.10.2025;10:00:00;10516.1;10523.6;10477.9;10504.5;31842.0;10595.552677864
14.10.2025;10:10:00;10503.6;10531.0;10490.4;10523.7;16910.0;10594.207151085
14.10.2025;10:20:00;10523.6;10554.4;10522.2;10547.5;9431.0;10592.875079574
14.10.2025;10:30:00;10547.6;10554.1;10533.2;10549.5;9925.0;10591.556328779
14.10.2025;10:40:00;10550.9;10559.9;10535.1;10547.0;9009.0;10590.250765491
14.10.2025;10:50:00;10542.0;10549.7;10494.5;10513.4;22034.0;10588.958257836
14.10.2025;11:00:00;10511.8;10539.9;10503.4;10532.9;16427.0;10587.678675258
14.10.2025;11:10:00;10532.8;10560.9;10523.4;10555.5;11986.0;10586.411888505
14.10.2025;11:20:00;10555.5;10560.9;10550.0;10558.9;24819.0;10585.15776962
14.10.2025;11:30:00;10559.0;10562.9;10548.3;10553.3;12659.0;10583.916191924
14.10.2025;11:40:00;10555.5;10560.0;10536.7;10558.8;14559.0;10582.687030005
14.10.2025;11:50:00;10558.6;10578.1;10556.9;10567.4;10174.0;10581.470159705
14.10.2025;12:00:00;10567.7;10571.6;10545.9;10545.9;4220.0;10580.265458107
14.10.2025;12:10:00;10547.2;10568.3;10547.1;10561.1;11899.0;10579.072803526
14.10.2025;12:20:00;10562.9;10574.3;10557.7;10573.8;1570.0;10577.892075491
14.10.2025;12:30:00;10574.6;10585.6;10574.2;10577.8;9049.0;10461.0
14.10.2025;12:40:00;10577.6;10589.0;10564.0;10574.3;7730.0;10463.492
14.10.2025;12:50:00;10574.7;10576.2;10551.0;10564.3;9124.0;10464.74708
14.10.2025;13:00:00;10567.2;10582.0;10563.0;10573.2;4632.0;10465.9896092
14.10.2025;13:10:00;10579.1;10593.1;10574.1;10593.0;13760.0;10467.219713108
14.10.2025;13:20:00;10592.8;10610.9;10587.2;10605.9;10996.0;10468.478515977
14.10.2025;13:30:00;10606.0;10609.0;10587.9;10590.1;17823.0;10469.902730817
14.10.2025;13:40:00;10590.1;10591.9;10567.0;10568.8;18945.0;10471.312703509
14.10.2025;13:50:00;10569.7;10582.4;10568.9;10573.3;5168.0;10472.708576474
14.10.2025;14:00:00;10575.8;10582.0;10565.0;10566.2;6073.0;10474.090490709
14.10.2025;14:10:00;10566.0;10567.0;10550.2;10566.5;9721.0;10475.458585802
14.10.2025;14:20:00;10564.0;10575.0;10561.0;10562.7;4175.0;10476.812999944
14.10.2025;14:30:00;10560.7;10560.7;10545.3;10551.8;4031.0;10478.153869945
14.10.2025;14:40:00;10550.2;10565.7;10548.0;10553.0;2900.0;10479.481331245
14.10.2025;14:50:00;10552.9;10558.8;10548.0;10553.7;3268.0;10480.795517933
14.10.2025;15:00:00;10553.8;10557.7;10547.1;10553.7;5841.0;10482.096562753
14.10.2025;15:10:00;10553.1;10573.2;10552.9;10572.4;5577.0;10483.384597126
14.10.2025;15:20:00;10570.8;10570.8;10523.9;10537.0;13975.0;10484.659751155
14.10.2025;15:30:00;10536.2;10541.4;10512.6;10515.6;17543.0;10485.922153643
14.10.2025;15:40:00;10515.0;10525.5;10511.0;10516.4;8858.0;10487.171932107
14.10.2025;15:50:00;10516.4;10521.7;10510.9;10516.3;6301.0;10488.409212786
14.10.2025;16:00:00;10515.1;10521.8;10503.5;10517.4;7530.0;10489.634120658
14.10.2025;16:10:00;10517.7;10545.5;10510.4;10526.9;12486.0;10490.846779451
14.10.2025;16:20:00;10527.8;10537.7;10510.4;10526.3;6331.0;10492.047311657
14.10.2025;16:30:00;10525.0;10537.2;10511.5;10537.0;4555.0;10493.23583854
14.10.2025;16:40:00;10538.4;10563.9;10538.2;10554.8;11975.0;10494.412480155
14.10.2025;16:50:00;10553.4;10555.0;10535.1;10551.3;7391.0;10495.577355353
14.10.2025;17:00:00;10551.2;10568.0;10549.0;10565.0;13340.0;10496.7305818
14.10.2025;17:10:00;10565.0;10585.2;10565.0;10569.5;13155.0;10497.872275982
14.10.2025;17:20:00;10569.7;10578.5;10565.7;10578.4;11856.0;10499.002553222
14.10.2025;17:30:00;10578.5;10583.0;10568.7;10580.0;2166.0;10500.12152769
14.10.2025;17:40:00;10578.2;10582.7;10568.9;10573.5;3847.0;10501.229312413
14.10.2025;17:50:00;10573.3;10574.1;10555.1;10559.7;3258.0;10502.326019289
14.10.2025;18:00:00;10557.3;10575.8;10548.3;10569.6;3241.0;10503.411759096
14.10.2025;18:10:00;10568.0;10579.0;10562.0;10578.2;4646.0;10504.486641505
14.10.2025;18:20:00;10576.2;10578.5;10559.4;10563.7;3693.0;10505.55077509
14.10.2025;18:30:00;10559.8;10571.1;10559.7;10570.6;2432.0;10506.604267339
14.10.2025;18:40:00;10569.3;10572.0;10540.0;10543.0;4974.0;10507.647224665
14.10.2025;19:00:00;10548.4;10565.0;10526.3;10528.0;3405.0;10508.679752419
14.10.2025;19:10:00;10530.5;10536.1;10522.1;10522.1;4376.0;10509.701954894
14.10.2025;19:20:00;10524.0;10547.5;10520.0;10539.2;4815.0;10510.713935346
14.10.2025;19:30:00;10539.2;10547.5;10532.4;10547.5;677.0;10511.715795992
14.10.2025;19:40:00;10549.0;10580.7;10545.3;10577.5;2241.0;10512.707638032
14.10.2025;19:50:00;10577.4;10591.4;10557.6;10560.0;8216.0;10513.689561652
14.10.2025;20:00:00;10557.8;10574.9;10550.0;10571.0;1759.0;10514.661666035
14.10.2025;20:10:00;10572.8;10572.8;10557.6;10562.4;1142.0;10515.624049375
14.10.2025;20:20:00;10562.4;10577.5;10561.0;10567.7;1589.0;10516.576808881
14.10.2025;20:30:00;10569.9;10579.0;10569.9;10578.5;246.0;10517.520040792
14.10.2025;20:40:00;10578.2;10579.6;10565.8;10572.1;379.0;10518.453840384
14.10.2025;20:50:00;10568.0;10574.9;10566.6;10573.3;37.0;10519.378301981
14.10.2025;21:00:00;10575.0;10581.0;10573.1;10579.2;1057.0;10520.293518961
14.10.2025;21:10:00;10578.8;10579.0;10573.3;10575.4;292.0;10521.199583771
14.10.2025;21:20:00;10573.3;10577.4;10568.9;10577.4;1256.0;10522.096587934
14.10.2025;21:30:00;10575.0;10579.6;10573.1;10576.7;452.0;10522.984622054
14.10.2025;21:40:00;10578.2;10580.0;10573.8;10578.0;243.0;10523.863775834
14.10.2025;21:50:00;10577.8;10580.0;10576.6;10576.6;94.0;10524.734138075
14.10.2025;22:00:00;10578.2;10584.0;10578.2;10579.0;899.0;10525.595796695
14.10.2025;22:10:00;10582.0;10585.0;10578.6;10580.5;383.0;10526.448838728
14.10.2025;22:20:00;10581.0;10581.0;10579.5;10579.5;215.0;10527.29335034
14.10.2025;22:30:00;10578.2;10579.6;10541.3;10555.0;2626.0;10528.129416837
14.10.2025;22:40:00;10555.1;10564.7;10552.1;10558.9;575.0;10528.957122669
14.10.2025;22:50:00;10560.0;10569.3;10552.0;10562.8;381.0;10529.776551442
14.10.2025;23:00:00;10564.4;10575.4;10562.4;10573.3;703.0;10530.587785927
14.10.2025;23:10:00;10571.0;10576.4;10568.3;10573.9;866.0;10531.390908068
14.10.2025;23:20:00;10575.0;10575.0;10569.0;10569.1;314.0;10532.185998987
14.10.2025;23:30:00;10568.5;10577.9;10566.9;10577.4;442.0;10532.973138998
14.10.2025;23:40:00;10575.7;10578.9;10566.6;10566.6;668.0;10533.752407608
15.10.2025;08:50:00;10628.6;10628.6;10628.6;10628.6;2603.0;10534.523883532
15.10.2025;09:00:00;10629.0;10669.2;10624.8;10632.6;23044.0;10535.464644696
15.10.2025;09:10:00;10633.8;10641.3;10617.0;10620.9;8210.0;10536.801998249
15.10.2025;09:20:00;10621.9;10639.5;10620.1;10629.7;6074.0;10538.125978267
15.10.2025;09:30:00;10628.9;10629.4;10603.3;10616.8;5721.0;10539.436718484
15.10.2025;09:40:00;10613.8;10645.9;10608.2;10644.2;3551.0;10540.734351299
15.10.2025;09:50:00;10644.0;10650.0;10634.8;10637.3;7472.0;10542.019007786
15.10.2025;10:00:00;10641.8;10655.0;10630.3;10634.6;21084.0;10543.290817708
15.10.2025;10:10:00;10635.4;10639.9;10617.7;10618.7;12881.0;10544.549909531
15.10.2025;10:20:00;10619.2;10627.0;10615.0;10615.1;5655.0;10545.796410436
15.10.2025;10:30:00;10616.3;10635.0;10615.0;10631.5;8515.0;10547.030446332
15.10.2025;10:40:00;10631.1;10632.9;10620.9;10630.2;9281.0;10548.252141868
15.10.2025;10:50:00;10630.2;10630.2;10612.0;10627.0;21586.0;10549.46162045
15.10.2025;11:00:00;10626.4;10641.8;10625.3;10636.2;11424.0;10550.659004245
15.10.2025;11:10:00;10635.8;10642.9;10628.9;10635.6;8767.0;10551.844414203
15.10.2025;11:20:00;10635.6;10642.1;10612.0;10612.1;13428.0;10553.017970061
15.10.2025;11:30:00;10612.4;10641.9;10612.1;10640.0;7704.0;10554.17979036
15.10.2025;11:40:00;10640.1;10666.6;10637.4;10658.4;12195.0;10555.329992456
15.10.2025;11:50:00;10658.9;10659.5;10642.0;10642.0;5719.0;10556.468692532
15.10.2025;12:00:00;10642.1;10647.2;10620.9;10621.2;14824.0;10557.596005607
15.10.2025;12:10:00;10622.8;10627.1;10607.0;10607.3;15468.0;10558.712045551
15.10.2025;12:20:00;10607.2;10623.8;10556.0;10623.1;34644.0;10669.2
15.10.2025;12:30:00;10622.2;10628.5;10609.3;10625.8;5731.0;10666.936
15.10.2025;12:40:00;10627.5;10631.2;10619.3;10622.5;7386.0;10664.71728
15.10.2025;12:50:00;10622.0;10629.8;10614.1;10616.4;4265.0;10662.5429344
15.10.2025;13:00:00;10618.0;10629.8;10611.1;10627.8;6450.0;10660.412075712
15.10.2025;13:10:00;10627.7;10633.6;10625.2;10630.5;6534.0;10658.323834198
15.10.2025;13:20:00;10629.8;10635.2;10620.6;10629.5;4806.0;10656.277357514
15.10.2025;13:30:00;10627.2;10632.2;10616.2;10625.3;3514.0;10654.271810364
15.10.2025;13:40:00;10624.2;10626.7;10612.0;10622.1;2872.0;10652.306374156
15.10.2025;13:50:00;10621.2;10625.8;10619.4;10623.7;3249.0;10650.380246673
15.10.2025;14:00:00;10622.6;10623.0;10619.6;10621.8;1716.0;10648.49264174
15.10.2025;14:10:00;10621.8;10622.0;10617.3;10619.6;1643.0;10646.642788905
15.10.2025;14:20:00;10619.6;10628.0;10619.6;10626.0;4186.0;10644.829933127
15.10.2025;14:30:00;10624.7;10626.0;10613.1;10620.4;4446.0;10643.053334464
15.10.2025;14:40:00;10622.1;10623.6;10607.0;10607.0;6152.0;10641.312267775
15.10.2025;14:50:00;10607.4;10614.9;10607.2;10608.9;6781.0;10639.606022419
15.10.2025;15:00:00;10611.5;10617.6;10609.3;10611.1;6010.0;10637.933901971
15.10.2025;15:10:00;10611.7;10612.0;10587.2;10591.5;11156.0;10636.295223932
15.10.2025;15:20:00;10591.5;10591.5;10569.0;10576.3;12160.0;10634.689319453
15.10.2025;15:30:00;10576.3;10599.5;10569.3;10589.7;10262.0;10633.115533064
15.10.2025;15:40:00;10590.5;10593.6;10574.1;10582.0;3415.0;10631.573222403
15.10.2025;15:50:00;10581.4;10594.0;10580.2;10588.5;3882.0;10630.061757955
15.10.2025;16:00:00;10588.6;10590.0;10575.8;10584.4;5205.0;10628.580522796
15.10.2025;16:10:00;10583.5;10599.7;10581.5;10597.8;7367.0;10627.12891234
15.10.2025;16:20:00;10597.4;10597.4;10579.5;10589.7;3651.0;10625.706334093
15.10.2025;16:30:00;10589.9;10590.0;10562.0;10582.9;9210.0;10624.312207411
15.10.2025;16:40:00;10583.0;10592.2;10568.1;10580.5;3672.0;10622.945963263
15.10.2025;16:50:00;10580.4;10591.7;10569.4;10573.1;5289.0;10621.607043997
15.10.2025;17:00:00;10572.0;10609.0;10568.7;10603.9;7710.0;10620.294903118
15.10.2025;17:10:00;10604.1;10624.4;10600.6;10616.6;10630.0;10556.0
15.10.2025;17:20:00;10616.6;10619.1;10609.3;10613.7;8177.0;10557.368
15.10.2025;17:30:00;10613.7;10616.5;10597.1;10601.9;9406.0;10558.70864
15.10.2025;17:40:00;10602.3;10617.9;10591.8;10612.8;5989.0;10560.0224672
15.10.2025;17:50:00;10611.3;10611.3;10587.2;10601.9;12107.0;10561.310017856
15.10.2025;18:00:00;10603.4;10607.2;10590.7;10605.3;6337.0;10562.571817499
15.10.2025;18:10:00;10605.6;10616.9;10600.7;10614.3;8376.0;10563.808381149
15.10.2025;18:20:00;10614.4;10624.0;10612.3;10615.2;5852.0;10565.020213526
15.10.2025;18:30:00;10617.7;10618.0;10572.2;10590.5;8969.0;10566.207809255
15.10.2025;18:40:00;10589.4;10598.4;10573.1;10577.0;3972.0;10567.37165307
15.10.2025;19:00:00;10575.9;10598.1;10575.9;10585.6;1304.0;10568.512220009
15.10.2025;19:10:00;10585.6;10599.2;10573.5;10592.9;3420.0;10569.629975609
15.10.2025;19:20:00;10592.8;10612.6;10590.2;10612.6;2817.0;10570.725376097
15.10.2025;19:30:00;10612.4;10614.0;10589.9;10592.7;1549.0;10571.798868575
15.10.2025;19:40:00;10594.0;10600.7;10590.4;10595.5;596.0;10572.850891203
15.10.2025;19:50:00;10596.4;10609.0;10595.9;10606.9;726.0;10573.881873379
15.10.2025;20:00:00;10606.4;10606.4;10593.7;10598.0;574.0;10574.892235911
15.10.2025;20:10:00;10594.5;10595.0;10574.2;10586.3;3158.0;10624.4
15.10.2025;20:20:00;10586.6;10597.3;10575.2;10585.7;1329.0;10623.396
15.10.2025;20:30:00;10587.3;10596.5;10584.6;10592.9;908.0;10622.41208
15.10.2025;20:40:00;10592.8;10606.5;10591.3;10595.8;1159.0;10621.4478384
15.10.2025;20:50:00;10600.2;10600.2;10593.4;10597.0;939.0;10620.502881632
15.10.2025;21:00:00;10598.4;10600.0;10595.6;10600.0;2325.0;10619.576823999
15.10.2025;21:10:00;10600.0;10602.7;10597.1;10598.2;1903.0;10618.669287519
15.10.2025;21:20:00;10598.2;10600.0;10595.0;10600.0;936.0;10617.779901769
15.10.2025;21:30:00;10599.7;10599.9;10595.0;10597.9;591.0;10616.908303734
15.10.2025;21:40:00;10597.8;10599.1;10589.4;10591.0;1924.0;10616.054137659
15.10.2025;21:50:00;10590.1;10605.7;10590.1;10604.5;1722.0;10615.217054906
15.10.2025;22:00:00;10604.5;10610.0;10598.3;10601.0;3783.0;10614.396713808
15.10.2025;22:10:00;10602.1;10618.1;10598.3;10618.1;2749.0;10574.2
15.10.2025;22:20:00;10618.1;10619.7;10605.1;10613.8;2920.0;10575.078
15.10.2025;22:30:00;10613.2;10622.5;10600.9;10601.3;3229.0;10575.52422
15.10.2025;22:40:00;10601.0;10610.1;10590.2;10605.9;1742.0;10575.9939778
15.10.2025;22:50:00;10604.0;10609.2;10601.0;10605.6;1328.0;10576.459038022
15.10.2025;23:00:00;10606.0;10606.0;10596.6;10602.4;1386.0;10576.919447642
15.10.2025;23:10:00;10601.5;10605.8;10599.7;10599.7;780.0;10577.375253165
15.10.2025;23:20:00;10602.3;10609.9;10600.0;10609.9;1466.0;10577.826500634
15.10.2025;23:30:00;10609.9;10627.7;10606.5;10625.9;2772.0;10578.273235627
15.10.2025;23:40:00;10622.7;10628.6;10600.8;10617.4;1805.0;10578.767503271
16.10.2025;08:50:00;10615.0;10615.0;10615.0;10615.0;194.0;10579.265828238
16.10.2025;09:00:00;10600.1;10615.0;10567.8;10590.0;13510.0;10628.6
16.10.2025;09:10:00;10589.7;10615.0;10584.5;10615.0;5975.0;10627.384
16.10.2025;09:20:00;10615.0;10615.0;10596.8;10601.9;3062.0;10626.19232
16.10.2025;09:30:00;10601.9;10605.0;10590.1;10600.6;2082.0;10625.0244736
16.10.2025;09:40:00;10598.0;10605.0;10591.0;10600.6;4538.0;10623.879984128
16.10.2025;09:50:00;10596.0;10619.6;10595.5;10607.4;2912.0;10622.758384445
16.10.2025;10:00:00;10608.9;10672.5;10607.4;10670.7;34716.0;10567.8
16.10.2025;10:10:00;10670.8;10677.9;10660.3;10667.0;23541.0;10569.894
16.10.2025;10:20:00;10668.2;10729.3;10667.2;10727.0;36757.0;10570.97406
16.10.2025;10:30:00;10725.6;10767.0;10699.7;10705.5;56913.0;10572.5573194
16.10.2025;10:40:00;10704.6;10713.9;10681.6;10706.1;25327.0;10574.501746206
16.10.2025;10:50:00;10706.3;10708.8;10677.1;10699.0;19995.0;10576.426728744
16.10.2025;11:00:00;10699.2;10716.3;10681.6;10684.2;13588.0;10578.332461456
16.10.2025;11:10:00;10684.2;10696.0;10676.0;10682.5;10672.0;10580.219136842
16.10.2025;11:20:00;10682.4;10707.5;10680.7;10691.4;7112.0;10582.086945474
16.10.2025;11:30:00;10689.9;10695.0;10674.8;10677.8;6198.0;10583.936076019
16.10.2025;11:40:00;10676.7;10681.4;10665.0;10677.8;21065.0;10585.766715259
16.10.2025;11:50:00;10676.1;10683.0;10673.4;10675.3;6218.0;10587.579048106
16.10.2025;12:00:00;10674.8;10688.8;10672.9;10687.2;10674.0;10589.373257625
16.10.2025;12:10:00;10687.1;10701.5;10684.0;10699.4;11552.0;10591.149525049
16.10.2025;12:20:00;10700.5;10700.9;10676.5;10681.8;10636.0;10592.908029798
16.10.2025;12:30:00;10679.4;10715.6;10679.4;10707.1;17286.0;10594.6489495
16.10.2025;12:40:00;10707.9;10712.8;10697.1;10705.4;5639.0;10596.372460005
16.10.2025;12:50:00;10705.0;10736.5;10704.0;10723.9;8049.0;10598.078735405
16.10.2025;13:00:00;10724.5;10743.0;10724.5;10736.6;12511.0;10599.767948051
16.10.2025;13:10:00;10737.3;10743.8;10732.1;10740.1;8414.0;10601.440268571
16.10.2025;13:20:00;10741.0;10760.0;10740.1;10757.0;12987.0;10603.095865885
16.10.2025;13:30:00;10757.0;10762.7;10740.8;10758.3;15347.0;10604.734907226
16.10.2025;13:40:00;10759.7;10766.5;10750.9;10761.7;9440.0;10606.357558154
16.10.2025;13:50:00;10763.1;10785.0;10760.9;10778.0;15474.0;10607.963982572
16.10.2025;14:00:00;10777.9;10778.0;10764.4;10764.8;7045.0;10609.734342747
16.10.2025;14:10:00;10764.7;10800.0;10764.2;10799.0;17142.0;10611.486999319
16.10.2025;14:20:00;10799.0;10809.4;10791.8;10809.3;24546.0;10613.372129326
16.10.2025;14:30:00;10806.2;10840.0;10805.7;10836.5;25678.0;10615.332408033
16.10.2025;14:40:00;10834.3;10867.5;10834.3;10835.9;29842.0;10617.579083952
16.10.2025;14:50:00;10835.9;10859.8;10826.4;10830.2;20397.0;10620.078293113
16.10.2025;15:00:00;10832.0;10853.1;10830.0;10839.5;8318.0;10622.552510182
16.10.2025;15:10:00;10839.6;10852.1;10824.0;10849.0;10963.0;10625.00198508
16.10.2025;15:20:00;10850.0;10879.8;10850.0;10868.8;21788.0;10627.426965229
16.10.2025;15:30:00;10870.9;10934.5;10870.9;10895.0;36703.0;10629.950695577
16.10.2025;15:40:00;10895.0;10921.8;10874.5;10910.0;27001.0;10632.996188621
16.10.2025;15:50:00;10912.6;10916.5;10886.2;10890.3;11695.0;10636.011226735
16.10.2025;16:00:00;10893.8;10922.1;10893.8;10911.0;13201.0;10638.996114467
16.10.2025;16:10:00;10911.9;10929.5;10908.8;10925.1;10244.0;10641.951153323
16.10.2025;16:20:00;10925.8;10942.5;10913.7;10936.6;19907.0;10644.87664179
16.10.2025;16:30:00;10937.9;10946.9;10924.1;10937.0;15498.0;10647.852875372
16.10.2025;16:40:00;10937.3;10968.6;10933.0;10961.0;16398.0;10650.843346618
16.10.2025;16:50:00;10961.0;10970.0;10952.8;10965.8;9364.0;10654.020913152
16.10.2025;17:00:00;10965.7;10989.6;10961.6;10962.2;18962.0;10657.18070402
16.10.2025;17:10:00;10963.7;10994.1;10952.8;10991.9;24020.0;10660.50489698
16.10.2025;17:20:00;10991.6;10997.0;10982.1;10990.7;14350.0;10663.84084801
16.10.2025;17:30:00;10992.7;11016.2;10991.8;10999.0;34861.0;10667.17243953
16.10.2025;17:40:00;10999.0;11005.0;10961.3;10976.6;43179.0;10670.662715135
16.10.2025;17:50:00;10979.5;10983.1;10938.3;10951.7;28230.0;10674.118087983
16.10.2025;18:00:00;10950.7;10991.9;10945.1;10988.1;17120.0;10677.538907104
16.10.2025;18:10:00;10990.2;10990.8;10965.2;10966.6;9335.0;10680.925518033
16.10.2025;18:20:00;10966.6;10979.6;10961.2;10976.4;13136.0;10684.278262852
16.10.2025;18:30:00;10975.6;10980.8;10969.2;10972.5;4790.0;10687.597480224
16.10.2025;18:40:00;10972.5;10988.8;10962.9;10969.0;8235.0;10690.883505421
16.10.2025;19:00:00;10970.0;11004.6;10969.3;11000.6;8675.0;10694.136670367
16.10.2025;19:10:00;11000.6;11027.0;10990.3;11021.1;17885.0;10697.357303664
16.10.2025;19:20:00;11021.1;11050.0;11018.6;11048.4;18418.0;10700.653730627
16.10.2025;19:30:00;11048.0;11057.9;11005.0;11005.1;17705.0;10704.147193321
16.10.2025;19:40:00;11005.1;11024.9;10984.7;11017.4;13571.0;10707.684721387
16.10.2025;19:50:00;11018.0;11039.8;11014.6;11034.7;5085.0;10711.186874174
16.10.2025;20:00:00;11034.8;11036.7;11001.8;11015.1;4655.0;10714.654005432
16.10.2025;20:10:00;11011.4;11026.1;10968.1;11002.8;19381.0;10718.086465378
16.10.2025;20:20:00;11006.5;11034.5;10998.5;11019.6;11587.0;10721.484600724
16.10.2025;20:30:00;11022.2;11035.0;11010.1;11030.0;4858.0;10724.848754717
16.10.2025;20:40:00;11030.0;11030.0;11009.9;11018.5;5871.0;10728.179267169
16.10.2025;20:50:00;11018.5;11026.7;11016.0;11021.6;3670.0;10731.476474498
16.10.2025;21:00:00;11021.6;11021.8;10997.3;10997.3;6164.0;10734.740709753
16.10.2025;21:10:00;10997.7;10998.9;10970.0;10977.5;12147.0;10737.972302655
16.10.2025;21:20:00;10978.5;11016.9;10977.0;10998.4;5493.0;10741.171579629
16.10.2025;21:30:00;10998.4;11010.9;10989.5;11001.2;2370.0;10744.338863832
16.10.2025;21:40:00;11002.2;11011.5;10994.7;10998.5;3649.0;10747.474475194
16.10.2025;21:50:00;10996.4;11015.4;10993.0;11010.7;1337.0;10750.578730442
16.10.2025;22:00:00;11006.3;11016.6;11006.1;11011.0;1754.0;10753.651943138
16.10.2025;22:10:00;11015.2;11021.4;11005.7;11011.7;1979.0;10756.694423706
16.10.2025;22:20:00;11017.7;11019.1;11006.7;11008.9;1165.0;10759.706479469
16.10.2025;22:30:00;11007.2;11017.5;11004.0;11015.6;1792.0;10762.688414675
16.10.2025;22:40:00;11011.9;11021.2;11011.2;11013.4;2032.0;10765.640530528
16.10.2025;22:50:00;11013.4;11049.4;11010.1;11044.0;10825.0;10768.563125223
16.10.2025;23:00:00;11044.0;11071.1;11038.2;11057.6;8557.0;10771.45649397
16.10.2025;23:10:00;11053.5;11079.9;11052.8;11074.3;7698.0;10774.452929031
16.10.2025;23:20:00;11074.3;11096.8;11074.3;11094.8;10011.0;10777.50739974
16.10.2025;23:30:00;11094.2;11115.2;11090.0;11105.6;7277.0;10780.700325743
16.10.2025;23:40:00;11108.4;11186.1;11104.0;11135.2;17958.0;10784.045322485
17.10.2025;08:50:00;11219.4;11219.4;11219.4;11219.4;1607.0;10788.065869261
17.10.2025;09:00:00;11219.4;11315.2;11200.1;11296.6;37504.0;10792.379210568
17.10.2025;09:10:00;11297.8;11328.5;11278.6;11306.8;37530.0;10797.607418462
17.10.2025;09:20:00;11306.9;11330.0;11292.6;11306.8;22837.0;10802.916344278
17.10.2025;09:30:00;11306.8;11307.6;11250.0;11302.4;19867.0;10808.187180835
17.10.2025;09:40:00;11301.8;11344.2;11298.7;11330.9;15121.0;10813.405309027
17.10.2025;09:50:00;11330.9;11330.9;11305.0;11305.6;6296.0;10818.713255936
17.10.2025;10:00:00;11306.2;11377.4;11305.1;11359.6;44214.0;10823.968123377
17.10.2025;10:10:00;11358.0;11361.0;11286.4;11286.8;40918.0;10829.502442143
17.10.2025;10:20:00;11286.7;11298.6;11212.3;11274.7;70005.0;10834.981417722
17.10.2025;10:30:00;11271.4;11280.0;11245.0;11260.5;28515.0;10840.405603545
17.10.2025;10:40:00;11258.1;11279.7;11242.0;11258.0;10343.0;10845.775547509
17.10.2025;10:50:00;11256.8;11271.9;11210.0;11257.6;38524.0;10851.091792034
17.10.2025;11:00:00;11259.2;11272.0;11195.0;11204.9;28866.0;10856.354874114
17.10.2025;11:10:00;11204.9;11251.5;11204.8;11234.6;33185.0;10861.565325372
17.10.2025;11:20:00;11234.3;11248.3;11224.3;11233.1;14245.0;10866.723672119
17.10.2025;11:30:00;11236.0;11236.0;11210.4;11228.7;13736.0;10871.830435398
17.10.2025;11:40:00;11227.9;11243.1;11227.4;11240.8;10196.0;10876.886131044
17.10.2025;11:50:00;11239.3;11258.2;11234.3;11242.7;12363.0;10881.891269733
17.10.2025;12:00:00;11240.8;11241.1;11226.8;11233.8;7893.0;10886.846357036
17.10.2025;12:10:00;11235.9;11243.0;11228.2;11236.0;7093.0;10891.751893465
17.10.2025;12:20:00;11237.4;11237.5;11223.0;11233.3;7575.0;10896.608374531
17.10.2025;12:30:00;11232.0;11268.0;11230.1;11264.2;16250.0;10901.416290786
17.10.2025;12:40:00;11261.1;11283.9;11256.9;11281.3;12034.0;10906.176127878
17.10.2025;12:50:00;11281.3;11288.9;11271.9;11273.3;16550.0;10910.888366599
17.10.2025;13:00:00;11271.4;11286.1;11261.4;11286.1;13988.0;10915.553482933
17.10.2025;13:10:00;11282.7;11290.0;11275.7;11283.2;8123.0;10920.171948104
17.10.2025;13:20:00;11280.7;11290.5;11277.1;11283.0;10735.0;10924.744228623
17.10.2025;13:30:00;11282.4;11285.4;11252.1;11258.0;23325.0;10929.270786336
17.10.2025;13:40:00;11258.0;11291.0;11253.4;11290.0;12995.0;10933.752078473
17.10.2025;13:50:00;11291.0;11291.0;11270.9;11276.1;7377.0;10938.188557688
17.10.2025;14:00:00;11273.3;11309.1;11270.0;11287.0;13812.0;10942.580672111
17.10.2025;14:10:00;11287.9;11293.0;11265.0;11291.4;31835.0;10946.92886539
17.10.2025;14:20:00;11290.6;11292.9;11261.0;11276.0;5728.0;10951.233576736
17.10.2025;14:30:00;11274.7;11274.7;11223.5;11256.2;15045.0;10955.495240969
17.10.2025;14:40:00;11256.4;11257.9;11226.3;11229.9;11360.0;10959.714288559
17.10.2025;14:50:00;11231.4;11245.8;11212.1;11214.7;16535.0;10963.891145674
17.10.2025;15:00:00;11212.3;11249.6;11207.0;11240.8;22629.0;10968.026234217
17.10.2025;15:10:00;11243.4;11279.9;11236.7;11278.9;17841.0;10972.119971875
17.10.2025;15:20:00;11274.8;11274.8;11232.7;11237.2;10909.0;10976.172772156
17.10.2025;15:30:00;11238.6;11283.9;11235.3;11279.5;17896.0;10980.185044434
17.10.2025;15:40:00;11277.2;11299.9;11269.1;11296.6;12724.0;10984.15719399
17.10.2025;15:50:00;11294.4;11307.2;11259.5;11288.4;10213.0;10988.08962205
17.10.2025;16:00:00;11287.3;11293.9;11263.0;11283.5;11629.0;10991.98272583
17.10.2025;16:10:00;11283.5;11288.9;11258.2;11267.8;6838.0;10995.836898571
17.10.2025;16:20:00;11268.5;11278.2;11253.9;11257.2;6886.0;10999.652529586
17.10.2025;16:30:00;11256.9;11260.1;11142.3;11215.7;70348.0;11003.43000429
17.10.2025;16:40:00;11217.8;11232.9;11200.0;11202.5;24589.0;11007.169704247
17.10.2025;16:50:00;11203.1;11215.9;11172.0;11177.1;22652.0;11010.872007204
17.10.2025;17:00:00;11176.7;11179.6;11059.4;11080.2;77569.0;11014.537287132
17.10.2025;17:10:00;11083.2;11104.9;11012.1;11042.5;72742.0;11377.4
17.10.2025;17:20:00;11044.7;11047.9;11005.7;11023.0;91075.0;11370.094
17.10.2025;17:30:00;11023.5;11089.3;11017.0;11089.3;34460.0;11366.45006
17.10.2025;17:40:00;11088.4;11113.0;11065.0;11075.6;39523.0;11362.8425594
17.10.2025;17:50:00;11071.2;11090.0;11047.8;11051.7;22399.0;11359.271133806
17.10.2025;18:00:00;11052.7;11091.7;11038.5;11062.0;12035.0;11355.735422468
17.10.2025;18:10:00;11062.3;11072.9;11011.0;11013.9;25729.0;11352.235068243
17.10.2025;18:20:00;11016.8;11044.2;11000.2;11044.2;26469.0;11348.769717561
17.10.2025;18:30:00;11042.0;11082.4;11038.2;11073.5;13728.0;11345.284020385
17.10.2025;18:40:00;11073.5;11078.7;11052.6;11054.1;8718.0;11341.833180181
17.10.2025;19:00:00;11051.7;11055.1;11005.0;11022.0;12150.0;11338.41684838
17.10.2025;19:10:00;11017.3;11045.0;11015.0;11023.5;7458.0;11335.034679896
17.10.2025;19:20:00;11024.9;11040.8;10983.4;10989.9;9783.0;11331.686333097
17.10.2025;19:30:00;10985.4;10992.0;10952.4;10967.4;18548.0;11328.203469766
17.10.2025;19:40:00;10967.4;10985.7;10920.0;10952.6;25517.0;11324.445435068
17.10.2025;19:50:00;10953.1;10970.8;10890.0;10916.6;27810.0;11320.400980717
17.10.2025;20:00:00;10917.8;10924.9;10866.0;10869.4;20153.0;11316.09697091
17.10.2025;20:10:00;10870.0;10915.3;10868.0;10905.0;14653.0;11311.596001201
17.10.2025;20:20:00;10906.8;10955.0;10902.1;10925.4;19145.0;11307.140041189
17.10.2025;20:30:00;10928.4;10944.4;10910.0;10944.4;7847.0;11302.728640777
17.10.2025;20:40:00;10944.4;10994.1;10943.5;10978.6;11675.0;11298.36135437
17.10.2025;20:50:00;10978.2;10984.0;10961.0;10970.7;6049.0;11294.037740826
17.10.2025;21:00:00;10969.5;11027.5;10957.4;11026.0;13949.0;11289.757363418
17.10.2025;21:10:00;11027.5;11040.0;11011.0;11035.0;7702.0;11285.519789783
17.10.2025;21:20:00;11034.0;11070.8;11027.3;11067.6;12069.0;11281.324591886
17.10.2025;21:30:00;11068.0;11071.1;11047.7;11062.1;6013.0;11277.171345967
17.10.2025;21:40:00;11060.5;11062.1;11042.7;11059.1;4691.0;11273.059632507
17.10.2025;21:50:00;11059.5;11062.0;11032.6;11040.9;3668.0;11268.989036182
17.10.2025;22:00:00;11042.0;11049.3;11025.0;11025.0;3642.0;11264.95914582
17.10.2025;22:10:00;11024.3;11024.3;10958.0;10960.5;9767.0;11260.969554362
17.10.2025;22:20:00;10964.2;10997.5;10964.2;10978.1;6372.0;11257.019858818
17.10.2025;22:30:00;10976.2;11017.2;10976.1;11013.7;7679.0;11253.10966023
17.10.2025;22:40:00;11013.7;11013.7;10990.0;10996.2;4748.0;11249.238563628
17.10.2025;22:50:00;10999.1;11021.0;10990.6;11018.1;2734.0;11245.406177992
17.10.2025;23:00:00;11015.9;11031.1;10989.7;11024.3;3085.0;11241.612116212
17.10.2025;23:10:00;11023.0;11024.4;11015.6;11021.5;1579.0;11237.85599505
17.10.2025;23:20:00;11021.5;11062.1;11020.0;11061.1;3975.0;11234.137435099
17.10.2025;23:30:00;11061.1;11079.8;11051.5;11074.4;2636.0;11230.456060748
17.10.2025;23:40:00;11075.3;11094.9;11058.9;11070.9;4261.0;11226.811500141
18.10.2025;09:50:00;11070.9;11070.9;11070.9;11070.9;56.0;11223.203385139
18.10.2025;10:00:00;11071.0;11117.2;11070.0;11085.0;4576.0;11219.631351288
18.10.2025;10:10:00;11089.7;11090.8;11019.0;11038.7;4736.0;11216.095037775
18.10.2025;10:20:00;11038.6;11062.5;11032.7;11041.4;489.0;11212.594087397
18.10.2025;10:30:00;11042.1;11049.9;11037.7;11046.3;349.0;11209.128146523
18.10.2025;10:40:00;11045.9;11066.0;11037.7;11043.4;504.0;11205.696865058
18.10.2025;10:50:00;11046.0;11065.9;11043.7;11051.7;557.0;11202.299896407
18.10.2025;11:00:00;11058.3;11062.6;11030.0;11044.2;1730.0;11198.936897443
18.10.2025;11:10:00;11043.6;11056.8;11030.0;11031.9;3121.0;11195.607528469
18.10.2025;11:20:00;11034.1;11038.5;11031.6;11038.4;451.0;11192.311453184
18.10.2025;11:30:00;11033.4;11037.6;11023.0;11037.5;676.0;11189.048338652
18.10.2025;11:40:00;11030.8;11030.8;11007.5;11020.8;1325.0;11185.817855266
18.10.2025;11:50:00;11015.6;11026.4;10995.0;11017.9;3216.0;11182.619676713
18.10.2025;12:00:00;11019.4;11027.1;11008.8;11013.6;416.0;11179.453479946
18.10.2025;12:10:00;11012.9;11025.0;11010.0;11010.0;604.0;11176.318945147
18.10.2025;12:20:00;11011.5;11017.0;11010.0;11015.0;154.0;11173.215755695
18.10.2025;12:30:00;11012.1;11021.7;11010.1;11017.5;245.0;11170.143598138
18.10.2025;12:40:00;11016.6;11019.6;11008.8;11015.4;957.0;11167.102162157
18.10.2025;12:50:00;11015.4;11019.4;11010.0;11015.5;128.0;11164.091140535
18.10.2025;13:00:00;11011.0;11019.9;11010.9;11019.0;462.0;11161.11022913
18.10.2025;13:10:00;11016.9;11019.9;11015.0;11019.9;139.0;11158.159126839
18.10.2025;13:20:00;11019.9;11020.0;11015.9;11020.0;217.0;11155.23753557
18.10.2025;13:30:00;11020.0;11023.4;11019.2;11023.4;328.0;11152.345160214
18.10.2025;13:40:00;11023.1;11023.4;11019.0;11021.0;411.0;11149.481708612
18.10.2025;13:50:00;11021.4;11023.4;11020.0;11020.0;422.0;11146.646891526
18.10.2025;14:00:00;11020.0;11022.2;10972.2;10972.2;2254.0;11143.840422611
18.10.2025;14:10:00;10986.9;11000.0;10961.0;10995.3;1724.0;11141.062018385
18.10.2025;14:20:00;10995.0;11000.0;10991.1;11000.0;250.0;11138.311398201
18.10.2025;14:30:00;10993.6;10999.9;10990.0;10992.4;260.0;11135.588284219
18.10.2025;14:40:00;10994.4;11003.6;10990.0;10997.5;651.0;11132.892401377
18.10.2025;14:50:00;10988.9;10997.7;10987.3;10990.9;172.0;11130.223477363
18.10.2025;15:00:00;10990.8;10998.9;10976.0;10989.0;756.0;11127.581242589
18.10.2025;15:10:00;10990.0;10999.9;10990.0;10999.7;177.0;11124.965430163
18.10.2025;15:20:00;10999.7;10999.7;10989.6;10998.6;121.0;11122.375775862
18.10.2025;15:30:00;10998.5;10999.6;10989.0;10997.6;75.0;11119.812018103
18.10.2025;15:40:00;10989.1;10997.6;10989.0;10994.3;39.0;11117.273897922
18.10.2025;15:50:00;10994.3;10997.6;10977.9;10982.6;425.0;11114.761158943
18.10.2025;16:00:00;10982.6;10996.5;10977.7;10991.5;632.0;11112.273547354
18.10.2025;16:10:00;10992.0;10992.0;10977.7;10977.7;574.0;11109.81081188
18.10.2025;16:20:00;10977.7;10988.4;10967.2;10977.6;861.0;11107.372703761
18.10.2025;16:30:00;10977.6;10989.0;10975.0;10981.0;226.0;11104.958976724
18.10.2025;16:40:00;10981.0;10981.0;10965.4;10977.9;1143.0;11102.569386956
18.10.2025;16:50:00;10975.2;10977.0;10968.0;10977.0;169.0;11100.203693087
18.10.2025;17:00:00;10976.5;10976.5;10969.8;10975.1;139.0;11097.861656156
18.10.2025;17:10:00;10975.1;10987.0;10975.1;10986.7;709.0;11095.543039594
18.10.2025;17:20:00;10987.4;11014.4;10985.7;10993.9;1363.0;11093.247609198
18.10.2025;17:30:00;10998.5;11003.4;10993.5;10996.0;243.0;11090.975133106
18.10.2025;17:40:00;10995.3;10998.4;10993.6;10998.4;160.0;11088.725381775
18.10.2025;17:50:00;10999.0;11003.8;10993.6;10993.7;99.0;11086.498127958
18.10.2025;18:00:00;11002.7;11003.0;10998.9;10999.0;67.0;11084.293146678
18.10.2025;18:10:00;11001.9;11002.7;10999.0;11002.7;95.0;11082.110215211
18.10.2025;18:20:00;11002.7;11006.9;10999.7;11005.0;129.0;11079.949113059
18.10.2025;18:30:00;11006.8;11018.7;11006.7;11009.9;477.0;11077.809621929
18.10.2025;18:40:00;11006.9;11006.9;10999.7;10999.7;88.0;11075.691525709
18.10.2025;18:50:00;10999.7;11006.8;10993.6;11006.8;96.0;11073.594610452
19.10.2025;09:50:00;11010.0;11010.0;11010.0;11010.0;24.0;11071.518664348
19.10.2025;10:00:00;11010.1;11010.2;10960.1;10968.1;5283.0;11069.463477704
19.10.2025;10:10:00;10968.0;10976.5;10968.0;10973.9;653.0;11067.428842927
19.10.2025;10:20:00;10973.9;10975.1;10970.0;10973.0;375.0;11065.414554498
19.10.2025;10:30:00;10973.0;10985.5;10970.0;10981.0;582.0;11063.420408953
19.10.2025;10:40:00;10982.0;10983.5;10979.1;10982.0;63.0;11061.446204863
19.10.2025;10:50:00;10982.0;10983.0;10975.0;10982.0;141.0;11059.491742815
19.10.2025;11:00:00;10982.0;10983.0;10976.0;10976.0;215.0;11057.556825387
19.10.2025;11:10:00;10978.0;10979.2;10976.0;10979.2;71.0;11055.641257133
19.10.2025;11:20:00;10979.2;10982.0;10975.0;10982.0;109.0;11053.744844561
19.10.2025;11:30:00;10980.0;10983.4;10980.0;10983.4;393.0;11051.867396116
19.10.2025;11:40:00;10983.4;10986.5;10976.6;10978.3;153.0;11050.008722155
19.10.2025;11:50:00;10978.4;10984.5;10976.6;10983.9;77.0;11048.168634933
19.10.2025;12:00:00;10980.1;10986.0;10980.0;10986.0;209.0;11046.346948584
19.10.2025;12:10:00;10985.9;10992.5;10981.2;10990.0;158.0;11044.543479098
19.10.2025;12:20:00;10990.0;10993.0;10989.9;10990.2;108.0;11042.758044307
19.10.2025;12:30:00;10993.3;10994.0;10990.2;10993.4;24.0;11040.990463864
19.10.2025;12:40:00;10993.4;10999.0;10991.6;10991.6;292.0;11039.240559225
19.10.2025;12:50:00;10991.8;10998.8;10991.8;10998.4;232.0;11037.508153633
19.10.2025;13:00:00;10997.7;11005.0;10991.6;11000.3;700.0;11035.793072097
19.10.2025;13:10:00;11000.3;11004.9;10997.5;11004.9;162.0;11034.095141376
19.10.2025;13:20:00;11004.9;11008.8;10992.1;11007.9;426.0;11032.414189962
19.10.2025;13:30:00;11000.1;11008.4;10995.6;10995.6;54.0;11030.750048062
19.10.2025;13:40:00;10997.8;11007.2;10992.8;11005.4;220.0;11029.102547582
19.10.2025;13:50:00;11005.3;11005.3;10997.4;10997.4;22.0;11027.471522106
19.10.2025;14:00:00;10999.9;11008.8;10997.4;11008.8;221.0;11025.856806885
19.10.2025;14:10:00;11004.4;11008.7;11004.1;11008.7;24.0;11024.258238816
19.10.2025;14:20:00;11008.8;11009.0;11007.2;11009.0;165.0;11022.675656428
19.10.2025;14:30:00;11009.0;11025.0;11007.5;11020.0;1011.0;10866.0
19.10.2025;14:40:00;11023.5;11036.4;11020.0;11035.0;945.0;10869.18
19.10.2025;14:50:00;11036.2;11039.0;11021.0;11021.1;453.0;10870.8522
19.10.2025;15:00:00;11021.1;11030.2;11020.0;11027.8;150.0;10872.533678
19.10.2025;15:10:00;11028.2;11035.0;11020.0;11035.0;237.0;10874.19834122
19.10.2025;15:20:00;11025.9;11035.4;11020.5;11035.4;203.0;10875.846357808
19.10.2025;15:30:00;11035.5;11035.5;11031.6;11032.0;89.0;10877.47789423
19.10.2025;15:40:00;11032.0;11039.4;11020.0;11039.4;780.0;10879.093115287
19.10.2025;15:50:00;11036.9;11065.0;11028.7;11064.9;1663.0;10880.696184135
19.10.2025;16:00:00;11064.9;11069.0;11042.8;11056.3;724.0;10882.539222293
19.10.2025;16:10:00;11047.6;11059.7;11047.6;11050.7;370.0;10884.40383007
19.10.2025;16:20:00;11050.6;11054.5;11032.5;11035.0;542.0;10886.24979177
19.10.2025;16:30:00;11036.0;11057.2;11035.0;11046.6;954.0;10888.077293852
19.10.2025;16:40:00;11055.3;11055.3;11035.2;11044.0;304.0;10889.886520913
19.10.2025;16:50:00;11044.0;11060.0;11040.1;11054.9;475.0;10891.677655704
19.10.2025;17:00:00;11056.1;11057.7;11031.3;11048.1;346.0;10893.450879147
19.10.2025;17:10:00;11048.1;11060.0;11048.1;11052.1;231.0;10895.206370356
19.10.2025;17:20:00;11057.0;11060.0;11049.4;11060.0;1030.0;10896.944306652
19.10.2025;17:30:00;11053.7;11059.5;11050.2;11056.0;122.0;10898.664863586
19.10.2025;17:40:00;11055.9;11069.2;11051.0;11052.0;838.0;10900.36821495
19.10.2025;17:50:00;11059.7;11068.2;11055.8;11066.0;372.0;10902.0565328
19.10.2025;18:00:00;11066.0;11070.0;11062.6;11070.0;349.0;10903.727967472
19.10.2025;18:10:00;11070.0;11078.2;11065.1;11075.0;300.0;10905.390687798
19.10.2025;18:20:00;11075.0;11076.0;11065.0;11068.3;463.0;10907.11878092
19.10.2025;18:30:00;11065.1;11068.0;11050.0;11053.4;1158.0;10908.82959311
19.10.2025;18:40:00;11053.0;11062.2;11050.0;11050.0;843.0;10910.523297179
19.10.2025;18:50:00;11055.9;11058.6;11050.0;11050.1;526.0;10912.200064207
20.10.2025;08:50:00;11093.0;11093.0;11093.0;11093.0;1005.0;10913.860063565
20.10.2025;09:00:00;11093.0;11093.0;10958.0;10995.7;19768.0;10915.65146293
20.10.2025;09:10:00;10996.0;11018.5;10983.0;10983.1;13163.0;10917.4249483
20.10.2025;09:20:00;10983.3;11007.9;10973.3;10973.5;13847.0;10919.180698817
20.10.2025;09:30:00;10973.0;11012.0;10960.1;11004.4;11139.0;10920.918891829
20.10.2025;09:40:00;11000.1;11000.1;10963.0;10964.9;7805.0;10922.639702911
20.10.2025;09:50:00;10963.0;10989.4;10951.1;10985.9;5386.0;10924.343305882
20.10.2025;10:00:00;10984.2;11061.0;10961.0;11061.0;30243.0;10926.029872823
20.10.2025;10:10:00;11060.6;11074.7;11053.7;11074.4;15469.0;10927.699574095
20.10.2025;10:20:00;11073.0;11081.8;11052.4;11052.4;9717.0;10929.352578354
20.10.2025;10:30:00;11052.5;11056.6;11041.8;11047.2;7239.0;10930.98905257
20.10.2025;10:40:00;11047.5;11051.7;11042.2;11043.4;13536.0;10932.609162045
20.10.2025;10:50:00;11043.4;11045.0;11025.1;11038.9;15788.0;10934.213070424
20.10.2025;11:00:00;11038.7;11051.4;11034.0;11047.0;7325.0;10935.80093972
20.10.2025;11:10:00;11049.6;11061.5;11047.7;11054.0;10721.0;10937.372930323
20.10.2025;11:20:00;11054.0;11054.6;11045.7;11051.6;7297.0;10938.92920102
20.10.2025;11:30:00;11051.6;11073.5;11046.4;11062.9;20448.0;10940.469909009
20.10.2025;11:40:00;11063.4;11067.2;11037.8;11041.9;6726.0;10941.995209919
20.10.2025;11:50:00;11040.9;11045.7;11037.1;11041.1;4716.0;10943.50525782
20.10.2025;12:00:00;11041.1;11041.6;11023.0;11037.4;14392.0;10945.000205242
20.10.2025;12:10:00;11037.5;11043.0;11032.1;11040.8;3653.0;10946.480203189
20.10.2025;12:20:00;11041.0;11041.1;11017.4;11018.5;3375.0;10947.945401158
20.10.2025;12:30:00;11018.9;11019.4;10991.5;10994.6;16301.0;10949.395947146
20.10.2025;12:40:00;10993.1;11034.2;10993.0;11026.1;13998.0;10950.831987674
20.10.2025;12:50:00;11023.5;11034.9;11020.8;11024.1;9375.0;10952.253667798
20.10.2025;13:00:00;11025.2;11030.3;11007.1;11010.6;17555.0;10953.66113112
20.10.2025;13:10:00;11009.0;11038.4;11007.2;11033.6;10440.0;10955.054519809
20.10.2025;13:20:00;11031.8;11043.0;11026.1;11040.0;8272.0;10956.43397461
20.10.2025;13:30:00;11038.2;11040.9;11026.0;11033.3;4667.0;10957.799634864
20.10.2025;13:40:00;11033.5;11045.0;11032.6;11035.9;4270.0;10959.151638516
20.10.2025;13:50:00;11035.2;11041.2;11028.7;11036.0;3890.0;10960.490122131
20.10.2025;14:00:00;11038.3;11038.4;11022.1;11025.2;2792.0;10961.815220909
20.10.2025;14:10:00;11027.2;11036.4;11015.1;11029.8;6133.0;10963.1270687
20.10.2025;14:20:00;11030.4;11049.7;11030.3;11046.7;4175.0;10964.425798013
20.10.2025;14:30:00;11048.0;11060.0;11047.7;11059.7;9377.0;10965.711540033
20.10.2025;14:40:00;11059.9;11076.7;11055.2;11076.2;6931.0;10966.984424633
20.10.2025;14:50:00;11076.2;11108.5;11069.4;11107.6;11658.0;10968.244580386
20.10.2025;15:00:00;11106.3;11111.0;11096.8;11108.5;12581.0;10969.647134583
20.10.2025;15:10:00;11108.5;11143.0;11099.5;11141.0;21702.0;10971.060663237
20.10.2025;15:20:00;11140.6;11160.3;11130.3;11131.8;20647.0;10972.780056604
20.10.2025;15:30:00;11134.1;11211.2;11132.7;11208.8;26589.0;10974.655256038
20.10.2025;15:40:00;11210.7;11222.3;11185.2;11194.3;21225.0;10977.020703478
20.10.2025;15:50:00;11196.3;11216.6;11194.0;11206.0;12379.0;10979.473496443
20.10.2025;16:00:00;11205.9;11209.0;11166.1;11181.6;18132.0;10981.901761479
20.10.2025;16:10:00;11182.6;11190.1;11173.5;11177.3;10078.0;10984.305743864
20.10.2025;16:20:00;11178.4;11185.0;11171.5;11181.0;5802.0;10986.685686425
20.10.2025;16:30:00;11181.1;11182.2;11141.6;11171.9;24764.0;10989.041829561
20.10.2025;16:40:00;11170.2;11189.0;11161.0;11189.0;9779.0;10991.374411265
20.10.2025;16:50:00;11188.3;11191.2;11147.0;11148.5;16979.0;10993.683667153
20.10.2025;17:00:00;11147.8;11188.7;11134.9;11181.7;15143.0;10995.969830481
20.10.2025;17:10:00;11182.9;11212.6;11180.7;11201.9;20967.0;10998.233132176
20.10.2025;17:20:00;11201.4;11230.0;11191.6;11199.0;20948.0;11000.473800855
20.10.2025;17:30:00;11199.0;11207.4;11162.0;11191.7;13773.0;11002.769062846
20.10.2025;17:40:00;11192.2;11204.1;11177.4;11201.6;4709.0;11005.041372218
20.10.2025;17:50:00;11200.4;11210.0;11191.7;11204.6;9207.0;11007.290958495
20.10.2025;18:00:00;11204.9;11228.3;11204.7;11217.1;12355.0;11009.518048911
20.10.2025;18:10:00;11214.3;11223.2;11206.1;11222.0;10404.0;11011.722868421
20.10.2025;18:20:00;11221.5;11221.9;11200.0;11210.8;9757.0;11013.905639737
20.10.2025;18:30:00;11212.7;11217.9;11205.0;11214.0;3688.0;11016.06658334
20.10.2025;18:40:00;11213.9;11218.0;11205.0;11210.0;5786.0;11018.205917506
20.10.2025;19:00:00;11210.0;11210.0;11189.8;11209.7;2504.0;11020.323858331
20.10.2025;19:10:00;11209.8;11226.9;11200.4;11226.5;4995.0;11022.420619748
20.10.2025;19:20:00;11224.9;11226.7;11212.2;11217.5;2491.0;11024.496413551
20.10.2025;19:30:00;11215.4;11220.0;11215.2;11218.0;4519.0;11026.551449415
20.10.2025;19:40:00;11217.0;11220.0;11211.7;11217.8;2770.0;11028.585934921
20.10.2025;19:50:00;11218.3;11223.4;11215.0;11221.2;2903.0;11030.600075572
20.10.2025;20:00:00;11219.0;11225.6;11219.0;11223.6;3412.0;11032.594074816
20.10.2025;20:10:00;11224.4;11225.2;11200.0;11203.1;3375.0;11034.568134068
20.10.2025;20:20:00;11203.4;11225.8;11203.4;11212.0;2468.0;11036.522452727
20.10.2025;20:30:00;11210.5;11220.0;11201.9;11216.4;4131.0;11038.4572282
20.10.2025;20:40:00;11216.4;11226.9;11216.4;11224.7;2563.0;11040.372655918
20.10.2025;20:50:00;11224.0;11224.9;11218.8;11222.4;561.0;11042.268929359
20.10.2025;21:00:00;11221.5;11223.9;11219.7;11223.1;1326.0;11044.146240065
20.10.2025;21:10:00;11223.2;11224.8;11222.6;11222.9;1332.0;11046.004777664
20.10.2025;21:20:00;11222.0;11250.0;11222.0;11249.0;6113.0;11047.844729888
20.10.2025;21:30:00;11249.9;11279.9;11249.3;11268.0;8043.0;11049.866282589
20.10.2025;21:40:00;11268.5;11273.0;11259.1;11267.6;3342.0;11052.166619763
20.10.2025;21:50:00;11266.7;11276.9;11264.0;11275.3;3433.0;11054.443953565
20.10.2025;22:00:00;11273.7;11290.0;11270.8;11287.3;2649.0;11056.69851403
20.10.2025;22:10:00;11284.2;11290.0;11280.2;11284.0;2758.0;11059.031528889
20.10.2025;22:20:00;11284.0;11288.4;11280.0;11287.7;3824.0;11061.341213601
20.10.2025;22:30:00;11288.2;11293.0;11281.6;11287.3;4469.0;11063.627801465
20.10.2025;22:40:00;11287.3;11300.0;11284.1;11296.8;4522.0;11065.92152345
20.10.2025;22:50:00;11295.2;11320.3;11295.0;11305.5;5970.0;11068.262308215
20.10.2025;23:00:00;11302.0;11305.9;11251.7;11274.8;13714.0;11070.782685133
20.10.2025;23:10:00;11271.0;11271.0;11228.8;11232.5;6556.0;11073.277858282
20.10.2025;23:20:00;11233.1;11265.8;11230.1;11245.2;7866.0;11075.748079699
20.10.2025;23:30:00;11247.4;11258.4;11230.5;11248.0;2745.0;11078.193598902
20.10.2025;23:40:00;11254.5;11285.1;11253.2;11285.1;3651.0;11080.614662913
21.10.2025;08:50:00;11226.0;11226.0;11226.0;11226.0;592.0;11083.011516284
21.10.2025;09:00:00;11225.0;11240.0;11163.5;11218.4;28955.0;11085.384401121
21.10.2025;09:10:00;11220.3;11263.9;11220.2;11241.9;9651.0;11087.73355711
21.10.2025;09:20:00;11248.5;11256.6;11218.6;11232.0;6106.0;11090.059221539
21.10.2025;09:30:00;11231.2;11247.4;11224.9;11245.2;3826.0;11092.361629323
21.10.2025;09:40:00;11246.0;11285.9;11240.3;11285.9;5484.0;11094.64101303
21.10.2025;09:50:00;11285.5;11288.3;11251.7;11279.9;6630.0;11096.8976029
21.10.2025;10:00:00;11279.9;11284.7;11228.9;11240.6;16311.0;11099.131626871
21.10.2025;10:10:00;11243.0;11245.7;11218.4;11227.9;15172.0;11101.343310602
21.10.2025;10:20:00;11229.0;11229.0;11189.0;11189.8;19283.0;11103.532877496
21.10.2025;10:30:00;11189.8;11189.8;11103.9;11121.2;54743.0;11320.3
21.10.2025;10:40:00;11120.0;11153.0;11109.8;11121.3;39416.0;11315.972
21.10.2025;10:50:00;11121.3;11135.9;11117.0;11129.2;21266.0;11311.73056
21.10.2025;11:00:00;11127.5;11134.7;11068.2;11106.8;44029.0;11307.5739488
21.10.2025;11:10:00;11105.1;11105.4;11033.2;11086.9;40430.0;11305.180209312
21.10.2025;11:20:00;11087.8;11091.2;11051.2;11074.3;20938.0;11302.460407219
21.10.2025;11:30:00;11074.3;11118.3;11071.4;11114.1;22481.0;11299.767803147
21.10.2025;11:40:00;11116.2;11152.8;11114.4;11148.9;20202.0;11297.102125115
21.10.2025;11:50:00;11150.1;11150.8;11130.0;11134.2;10211.0;11294.463103864
21.10.2025;12:00:00;11136.1;11147.0;11099.5;11104.3;15886.0;11291.850472825
21.10.2025;12:10:00;11105.6;11129.7;11084.3;11127.0;16012.0;11289.263968097
21.10.2025;12:20:00;11129.5;11136.1;11111.4;11126.7;12116.0;11286.703328416
21.10.2025;12:30:00;11126.8;11152.1;11118.8;11134.9;10935.0;11284.168295132
21.10.2025;12:40:00;11134.9;11150.0;11130.3;11131.6;11601.0;11281.658612181
21.10.2025;12:50:00;11132.9;11148.3;11129.8;11146.1;11881.0;11279.174026059
21.10.2025;13:00:00;11147.1;11157.5;11139.3;11148.6;9538.0;11276.714285798
21.10.2025;13:10:00;11147.6;11148.8;11119.0;11130.5;11590.0;11274.27914294
21.10.2025;13:20:00;11128.9;11161.0;11128.7;11161.0;8600.0;11271.868351511
21.10.2025;13:30:00;11160.3;11172.5;11151.8;11172.5;11391.0;11269.481667996
21.10.2025;13:40:00;11172.5;11183.5;11161.3;11173.3;15528.0;11267.118851316
21.10.2025;13:50:00;11175.3;11188.0;11148.3;11148.3;13504.0;11264.779662803
21.10.2025;14:00:00;11154.8;11167.4;11148.4;11163.2;7831.0;11262.463866175
21.10.2025;14:10:00;11162.9;11174.4;11140.1;11143.8;10455.0;11260.171227513
21.10.2025;14:20:00;11143.2;11143.9;11121.9;11134.2;8381.0;11257.901515238
21.10.2025;14:30:00;11134.8;11139.3;11116.4;11122.7;14989.0;11255.654500085
21.10.2025;14:40:00;11122.6;11126.5;11106.5;11117.7;17782.0;11253.429955085
21.10.2025;14:50:00;11117.4;11118.2;11096.1;11104.2;15796.0;11251.227655534
21.10.2025;15:00:00;11104.1;11113.3;11079.1;11089.4;10870.0;11249.047378978
21.10.2025;15:10:00;11089.6;11096.7;11012.1;11038.0;48001.0;11246.888905189
21.10.2025;15:20:00;11038.0;11039.6;11007.3;11015.8;21266.0;11244.541016137
21.10.2025;15:30:00;11016.4;11020.6;10981.0;11015.3;25932.0;11242.168605975
21.10.2025;15:40:00;11013.3;11038.5;10988.7;11029.7;23810.0;11239.556919916
21.10.2025;15:50:00;11028.7;11028.7;10988.4;11002.5;18330.0;11236.971350716
21.10.2025;16:00:00;11000.2;11009.0;10963.2;10994.9;24788.0;11234.411637209
21.10.2025;16:10:00;10996.2;11001.5;10962.7;10993.3;18122.0;11231.699520837
21.10.2025;16:20:00;10993.3;11008.4;10975.8;10982.5;13210.0;11229.009525629
21.10.2025;16:30:00;10980.4;11045.2;10960.1;11040.0;34315.0;11226.346430373
21.10.2025;16:40:00;11042.1;11046.0;10923.6;10950.4;41878.0;11223.683966069
21.10.2025;16:50:00;10951.7;10953.6;10901.0;10910.4;32051.0;11220.683126408
21.10.2025;17:00:00;10911.7;10915.8;10866.6;10875.1;40051.0;11217.486295144
21.10.2025;17:10:00;10874.5;10909.7;10852.0;10861.1;30071.0;11213.977432193
21.10.2025;17:20:00;10859.7;10866.9;10791.2;10795.4;63477.0;11210.357657871
21.10.2025;17:30:00;10793.4;10799.5;10725.9;10741.7;73675.0;11206.166081292
21.10.2025;17:40:00;10741.6;10744.4;10668.6;10726.1;99707.0;11201.363420479
21.10.2025;17:50:00;10725.4;10803.9;10724.3;10803.7;59723.0;11196.035786274
21.10.2025;18:00:00;10803.4;10803.6;10745.0;10797.7;44518.0;11190.761428412
21.10.2025;18:10:00;10797.1;10845.2;10771.0;10787.8;40791.0;11185.539814127
21.10.2025;18:20:00;10788.9;10805.9;10741.3;10796.8;45630.0;11180.370415986
21.10.2025;18:30:00;10796.6;10823.0;10790.0;10807.2;20087.0;11175.252711826
21.10.2025;18:40:00;10806.5;10857.0;10806.2;10814.0;20377.0;11170.186184708
21.10.2025;19:00:00;10815.1;10857.0;10810.4;10817.5;6070.0;11165.170322861
21.10.2025;19:10:00;10817.0;10822.5;10784.8;10795.0;11022.0;11160.204619632
21.10.2025;19:20:00;10795.0;10795.0;10741.0;10743.6;21043.0;11155.288573436
21.10.2025;19:30:00;10746.5;10786.8;10721.7;10737.6;17013.0;11150.421687702
21.10.2025;19:40:00;10739.0;10765.3;10730.2;10760.1;6203.0;11145.603470825
21.10.2025;19:50:00;10760.5;10783.5;10752.1;10759.0;4139.0;11140.833436116
21.10.2025;20:00:00;10759.0;10773.0;10720.6;10743.9;8510.0;11136.111101755
21.10.2025;20:10:00;10743.9;10761.2;10723.0;10735.6;6674.0;11131.435990738
21.10.2025;20:20:00;10738.4;10748.4;10711.7;10721.9;10024.0;11126.80763083
21.10.2025;20:30:00;10719.9;10766.6;10719.0;10746.0;4701.0;11122.225554522
21.10.2025;20:40:00;10745.9;10769.0;10744.0;10762.7;3205.0;11117.689298977
21.10.2025;20:50:00;10762.0;10775.1;10754.0;10765.6;7915.0;11113.198405987
21.10.2025;21:00:00;10770.9;10807.5;10769.1;10781.0;8383.0;11108.752421927
21.10.2025;21:10:00;10780.0;10804.5;10777.3;10783.3;5979.0;11104.350897708
21.10.2025;21:20:00;10783.2;10792.4;10777.0;10787.3;1587.0;11099.993388731
21.10.2025;21:30:00;10787.5;10822.0;10781.4;10822.0;6397.0;11095.679454843
21.10.2025;21:40:00;10822.0;10825.0;10756.1;10772.6;11510.0;11091.408660295
21.10.2025;21:50:00;10770.1;10788.5;10770.0;10788.5;2236.0;11087.180573692
21.10.2025;22:00:00;10788.5;10803.9;10778.0;10779.9;2615.0;11082.994767955
21.10.2025;22:10:00;10779.0;10779.0;10748.1;10751.7;3652.0;11078.850820276
21.10.2025;22:20:00;10756.1;10758.9;10745.2;10758.9;2016.0;11074.748312073
21.10.2025;22:30:00;10758.9;10775.2;10741.3;10760.3;6196.0;11070.686828952
21.10.2025;22:40:00;10760.3;10773.5;10756.4;10770.1;765.0;11066.665960663
21.10.2025;22:50:00;10770.1;10771.1;10750.0;10768.2;1215.0;11062.685301056
21.10.2025;23:00:00;10766.1;10788.0;10760.9;10788.0;1513.0;11058.744448045
21.10.2025;23:10:00;10783.4;10800.8;10783.3;10796.2;5553.0;11054.843003565
21.10.2025;23:20:00;10796.2;10800.2;10777.0;10780.1;2521.0;11050.980573529
21.10.2025;23:30:00;10780.4;10809.5;10777.9;10803.0;5728.0;11047.156767794
21.10.2025;23:40:00;10802.8;10808.0;10769.4;10806.0;4033.0;11043.371200116
22.10.2025;08:50:00;10810.0;10810.0;10810.0;10810.0;513.0;11039.623488115
22.10.2025;09:00:00;10811.8;10849.2;10771.0;10819.0;12317.0;11035.913253234
22.10.2025;09:10:00;10818.9;10854.6;10816.3;10846.0;11535.0;11032.240120701
22.10.2025;09:20:00;10846.0;10871.6;10837.6;10861.1;9098.0;11028.603719494
22.10.2025;09:30:00;10861.1;10892.8;10860.5;10890.2;9015.0;11025.003682299
22.10.2025;09:40:00;10892.0;10925.2;10887.6;10898.6;13175.0;11021.439645476
22.10.2025;09:50:00;10899.5;10914.0;10897.9;10905.9;4025.0;11017.911249022
22.10.2025;10:00:00;10904.9;10976.7;10871.8;10888.3;72478.0;11014.418136531
22.10.2025;10:10:00;10889.0;10922.8;10889.0;10921.1;25691.0;11010.959955166
22.10.2025;10:20:00;10921.1;10954.2;10914.3;10919.4;29580.0;11007.536355615
22.10.2025;10:30:00;10919.7;10935.1;10906.0;10921.9;25843.0;11004.146992058
22.10.2025;10:40:00;10922.3;10942.9;10916.1;10921.0;23434.0;11000.791522138
22.10.2025;10:50:00;10923.5;10935.9;10890.7;10900.9;22409.0;10997.469606916
22.10.2025;11:00:00;10902.1;10910.3;10786.0;10790.8;50906.0;10994.180910847
22.10.2025;11:10:00;10790.0;10807.5;10664.3;10748.4;129977.0;10990.925101739
22.10.2025;11:20:00;10748.1;10827.5;10745.2;10784.4;59906.0;10987.658850721
22.10.2025;11:30:00;10785.5;10802.7;10774.1;10775.2;26641.0;10984.425262214
22.10.2025;11:40:00;10775.7;10782.5;10729.7;10748.8;38837.0;10981.224009592
22.10.2025;11:50:00;10751.3;10755.6;10685.1;10685.1;34512.0;10978.054769496
22.10.2025;12:00:00;10688.4;10763.7;10685.0;10751.2;42410.0;10974.917221801
22.10.2025;12:10:00;10749.8;10749.8;10682.3;10704.5;29495.0;10971.811049583
22.10.2025;12:20:00;10704.9;10719.5;10681.2;10717.9;28513.0;10968.735939087
22.10.2025;12:30:00;10714.4;10729.9;10701.0;10707.3;21847.0;10965.691579696
22.10.2025;12:40:00;10707.0;10713.9;10681.2;10684.5;15270.0;10962.677663899
22.10.2025;12:50:00;10683.3;10704.1;10676.4;10693.6;6206.0;10959.69388726
22.10.2025;13:00:00;10692.5;10719.0;10681.0;10697.0;12545.0;10956.739948388
22.10.2025;13:10:00;10699.3;10716.7;10684.7;10709.0;5271.0;10953.815548904
22.10.2025;13:20:00;10710.7;10734.7;10703.7;10732.4;15629.0;10950.920393415
22.10.2025;13:30:00;10730.8;10760.0;10676.4;10685.3;27662.0;10948.054189481
22.10.2025;13:40:00;10685.6;10686.1;10625.0;10651.4;39036.0;10945.216647586
22.10.2025;13:50:00;10650.2;10651.5;10573.5;10593.9;44578.0;10942.01448111
22.10.2025;14:00:00;10587.1;10601.0;10556.4;10558.8;24052.0;10938.329336299
22.10.2025;14:10:00;10556.2;10568.0;10511.1;10553.6;70725.0;10934.510042936
22.10.2025;14:20:00;10553.6;10573.2;10507.4;10508.2;44144.0;10930.275942507
22.10.2025;14:30:00;10509.2;10550.4;10504.9;10526.5;37709.0;10926.047183082
22.10.2025;14:40:00;10525.3;10543.9;10504.2;10534.4;22862.0;10921.835711251
22.10.2025;14:50:00;10534.2;10547.6;10516.9;10536.6;18172.0;10917.659354138
22.10.2025;15:00:00;10537.0;10586.6;10526.5;10554.0;41016.0;10913.524760597
22.10.2025;15:10:00;10553.7;10603.4;10549.3;10593.8;16508.0;10909.431512991
22.10.2025;15:20:00;10594.5;10607.4;10561.0;10600.6;25411.0;10905.379197861
22.10.2025;15:30:00;10602.0;10637.2;10602.0;10634.3;19019.0;10901.367405882
22.10.2025;15:40:00;10634.1;10640.6;10591.9;10600.4;14829.0;10897.395731824
22.10.2025;15:50:00;10598.1;10600.8;10559.3;10579.4;16839.0;10893.463774505
22.10.2025;16:00:00;10580.2;10662.5;10580.2;10632.3;25282.0;10889.57113676
22.10.2025;16:10:00;10630.7;10657.6;10624.2;10635.2;17976.0;10885.717425393
22.10.2025;16:20:00;10639.1;10639.2;10582.6;10583.4;14115.0;10881.902251139
22.10.2025;16:30:00;10583.3;10666.6;10570.0;10661.6;28421.0;10878.125228627
22.10.2025;16:40:00;10663.6;10675.0;10626.0;10637.9;16144.0;10874.385976341
22.10.2025;16:50:00;10636.6;10669.7;10635.1;10650.9;10918.0;10870.684116578
22.10.2025;17:00:00;10652.7;10658.6;10625.0;10625.0;20202.0;10867.019275412
22.10.2025;17:10:00;10626.3;10645.4;10618.3;10624.2;10329.0;10863.391082658
22.10.2025;17:20:00;10624.7;10626.8;10578.2;10599.5;16886.0;10859.799171831
22.10.2025;17:30:00;10592.1;10606.7;10550.9;10551.2;34093.0;10856.243180113
22.10.2025;17:40:00;10551.0;10566.9;10500.1;10514.3;34903.0;10852.722748312
22.10.2025;17:50:00;10516.0;10527.0;10490.8;10509.2;26278.0;10849.196520829
22.10.2025;18:00:00;10508.0;10572.0;10507.2;10557.0;22713.0;10845.61255562
22.10.2025;18:10:00;10556.8;10572.5;10531.3;10535.5;17559.0;10842.064430064
22.10.2025;18:20:00;10537.8;10562.8;10505.4;10517.2;16402.0;10838.551785764
22.10.2025;18:30:00;10512.7;10548.0;10505.7;10511.7;17092.0;10835.074267906
22.10.2025;18:40:00;10515.3;10544.2;10514.7;10541.2;5422.0;10831.631525227
22.10.2025;19:00:00;10540.0;10544.4;10525.1;10539.9;1588.0;10828.223209975
22.10.2025;19:10:00;10538.0;10555.0;10506.6;10542.4;8234.0;10824.848977875
22.10.2025;19:20:00;10544.5;10552.0;10525.4;10550.6;5853.0;10821.508488096
22.10.2025;19:30:00;10546.7;10596.6;10532.5;10582.7;12085.0;10818.201403215
22.10.2025;19:40:00;10583.9;10584.0;10556.1;10565.1;3022.0;10814.927389183
22.10.2025;19:50:00;10565.4;10597.4;10544.0;10579.4;7385.0;10811.686115291
22.10.2025;20:00:00;10578.6;10580.4;10545.0;10570.0;4609.0;10808.477254138
22.10.2025;20:10:00;10573.3;10579.7;10557.0;10577.3;4826.0;10805.300481597
22.10.2025;20:20:00;10569.5;10574.1;10554.2;10558.0;2710.0;10802.155476781
22.10.2025;20:30:00;10562.2;10575.8;10545.0;10574.9;1830.0;10799.041922013
22.10.2025;20:40:00;10575.9;10600.0;10568.0;10599.7;4051.0;10795.959502793
22.10.2025;20:50:00;10599.9;10615.2;10589.7;10612.8;7567.0;10792.907907765
22.10.2025;21:00:00;10612.4;10639.0;10609.0;10627.2;9527.0;10789.886828687
22.10.2025;21:10:00;10627.0;10633.9;10616.4;10624.9;5920.0;10786.8959604
22.10.2025;21:20:00;10624.9;10635.5;10621.1;10622.0;3332.0;10783.935000796
22.10.2025;21:30:00;10625.0;10646.6;10622.7;10638.3;3038.0;10781.003650789
22.10.2025;21:40:00;10639.6;10640.0;10618.2;10630.2;2789.0;10778.101614281
22.10.2025;21:50:00;10630.1;10630.1;10618.6;10618.7;1750.0;10775.228598138
22.10.2025;22:00:00;10618.8;10670.0;10618.7;10668.1;11066.0;10772.384312156
22.10.2025;22:10:00;10664.8;10696.8;10659.8;10679.1;11160.0;10769.568469035
22.10.2025;22:20:00;10676.4;10769.1;10676.3;10757.2;15937.0;10490.8
22.10.2025;22:30:00;10757.9;10785.0;10744.1;10763.9;19278.0;10496.366
22.10.2025;22:40:00;10763.7;10778.0;10730.2;10752.7;15135.0;10499.25234
22.10.2025;22:50:00;10752.0;10754.7;10735.6;10739.7;3850.0;10502.1098166
22.10.2025;23:00:00;10742.0;10777.4;10739.4;10773.6;8160.0;10504.938718434
22.10.2025;23:10:00;10773.5;10787.5;10767.5;10770.0;6915.0;10507.73933125
22.10.2025;23:20:00;10770.2;10775.3;10691.6;10713.0;18499.0;10510.536937937
22.10.2025;23:30:00;10712.8;10781.1;10712.8;10742.0;5894.0;10513.306568558
22.10.2025;23:40:00;10740.3;10782.4;10712.8;10764.6;6965.0;10516.048502872
23.10.2025;08:50:00;10800.0;10800.0;10800.0;10800.0;964.0;10518.763017843
23.10.2025;09:00:00;10790.0;10850.0;10790.0;10823.6;29348.0;10521.575387665
23.10.2025;09:10:00;10823.6;10850.0;10804.0;10805.7;19126.0;10524.859633788
23.10.2025;09:20:00;10806.0;10828.7;10792.4;10814.0;12592.0;10528.111037451
23.10.2025;09:30:00;10814.1;10814.2;10731.8;10766.2;25748.0;10531.329927076
23.10.2025;09:40:00;10765.3;10804.9;10754.4;10781.9;14188.0;10534.516627805
23.10.2025;09:50:00;10782.1;10815.0;10761.1;10771.8;15743.0;10537.671461527
23.10.2025;10:00:00;10769.4;10769.4;10713.4;10713.4;31121.0;10540.794746912
23.10.2025;10:10:00;10713.3;10733.2;10713.3;10715.4;17431.0;10543.886799443
23.10.2025;10:20:00;10715.4;10727.5;10668.5;10694.6;28192.0;10546.947931448
23.10.2025;10:30:00;10694.1;10697.4;10620.2;10645.5;22808.0;10549.978452134
23.10.2025;10:40:00;10645.3;10666.3;10626.9;10654.8;24389.0;10552.978667613
23.10.2025;10:50:00;10654.4;10689.1;10634.2;10636.3;32327.0;10555.948880936
23.10.2025;11:00:00;10635.7;10691.7;10634.1;10685.2;25774.0;10558.889392127
23.10.2025;11:10:00;10683.6;10727.5;10683.0;10721.2;16149.0;10561.800498206
23.10.2025;11:20:00;10722.6;10730.0;10710.1;10728.8;21125.0;10564.682493224
23.10.2025;11:30:00;10728.8;10732.0;10707.9;10711.3;10907.0;10567.535668292
23.10.2025;11:40:00;10712.3;10733.0;10709.9;10733.0;30716.0;10570.360311609
23.10.2025;11:50:00;10732.9;10749.2;10725.5;10741.4;19770.0;10573.156708493
23.10.2025;12:00:00;10742.9;10748.2;10723.7;10733.8;16819.0;10575.925141408
23.10.2025;12:10:00;10733.5;10748.6;10714.8;10744.7;17450.0;10578.665889994
23.10.2025;12:20:00;10743.8;10745.8;10722.5;10744.0;5946.0;10581.379231094
23.10.2025;12:30:00;10740.7;10764.5;10740.1;10752.7;8584.0;10584.065438783
23.10.2025;12:40:00;10752.7;10756.2;10724.0;10733.2;9192.0;10586.724784395
23.10.2025;12:50:00;10734.2;10749.1;10734.2;10743.5;9022.0;10589.357536551
23.10.2025;13:00:00;10743.5;10745.0;10721.1;10729.8;5042.0;10591.963961185
23.10.2025;13:10:00;10733.0;10748.0;10733.0;10741.2;7033.0;10594.544321574
23.10.2025;13:20:00;10740.0;10740.8;10717.8;10720.9;6638.0;10597.098878358
23.10.2025;13:30:00;10722.3;10729.5;10710.7;10727.0;10625.0;10599.627889574
23.10.2025;13:40:00;10726.7;10735.5;10707.2;10716.0;8698.0;10602.131610678
23.10.2025;13:50:00;10717.8;10726.0;10702.7;10715.1;6121.0;10604.610294572
23.10.2025;14:00:00;10718.5;10746.3;10718.5;10736.5;8311.0;10607.064191626
23.10.2025;14:10:00;10735.0;10739.1;10726.2;10728.0;7176.0;10609.49354971
23.10.2025;14:20:00;10727.5;10735.1;10709.4;10732.5;14972.0;10611.898614213
23.10.2025;14:30:00;10731.9;10743.4;10724.0;10739.6;19223.0;10614.27962807
23.10.2025;14:40:00;10740.0;10750.0;10736.8;10747.3;10726.0;10616.63683179
23.10.2025;14:50:00;10743.1;10752.4;10724.0;10735.1;9243.0;10618.970463472
23.10.2025;15:00:00;10734.9;10750.2;10729.0;10747.6;6877.0;10621.280758837
23.10.2025;15:10:00;10748.3;10748.3;10722.1;10738.4;8685.0;10623.567951249
23.10.2025;15:20:00;10738.3;10755.0;10722.6;10743.4;9346.0;10625.832271736
23.10.2025;15:30:00;10745.1;10796.5;10745.1;10792.2;18179.0;10628.073949019
23.10.2025;15:40:00;10793.6;10796.9;10751.6;10764.3;18202.0;10630.293209529
23.10.2025;15:50:00;10764.3;10776.0;10760.0;10768.6;6516.0;10632.490277433
23.10.2025;16:00:00;10771.0;10780.9;10754.8;10774.0;5774.0;10634.665374659
23.10.2025;16:10:00;10773.3;10805.7;10771.1;10805.2;14106.0;10636.818720913
23.10.2025;16:20:00;10802.5;10837.7;10802.1;10824.9;17445.0;10638.950533703
23.10.2025;16:30:00;10824.9;10831.3;10787.6;10826.9;18819.0;10641.061028366
23.10.2025;16:40:00;10826.9;10844.4;10820.8;10820.8;10631.0;10643.150418083
23.10.2025;16:50:00;10820.1;10843.8;10813.7;10836.1;8858.0;10645.218913902
23.10.2025;17:00:00;10836.6;10859.1;10821.0;10855.0;10438.0;10647.266724763
23.10.2025;17:10:00;10856.6;10856.8;10811.5;10815.2;13618.0;10649.385057515
23.10.2025;17:20:00;10818.5;10839.8;10811.8;10830.5;7943.0;10651.48220694
23.10.2025;17:30:00;10831.8;10831.8;10807.4;10811.6;10517.0;10653.558384871
23.10.2025;17:40:00;10811.5;10829.7;10801.4;10824.7;6850.0;10655.613801022
23.10.2025;17:50:00;10824.7;10831.0;10808.0;10816.0;9073.0;10657.648663012
23.10.2025;18:00:00;10815.8;10828.8;10807.3;10824.9;10492.0;10659.663176382
23.10.2025;18:10:00;10825.2;10833.0;10818.0;10827.0;3399.0;10661.657544618
23.10.2025;18:20:00;10827.0;10832.9;10811.4;10827.8;4733.0;10663.631969172
23.10.2025;18:30:00;10827.2;10833.9;10810.0;10819.5;3884.0;10665.58664948
23.10.2025;18:40:00;10816.5;10825.1;10808.2;10808.2;1240.0;10667.521782985
23.10.2025;19:00:00;10816.1;10831.0;10803.9;10823.2;3522.0;10669.437565155
23.10.2025;19:10:00;10825.0;10828.8;10808.0;10808.0;2172.0;10671.334189504
23.10.2025;19:20:00;10808.0;10812.1;10786.3;10810.0;7079.0;10673.211847609
23.10.2025;19:30:00;10808.0;10816.8;10807.1;10809.0;989.0;10675.070729133
23.10.2025;19:40:00;10808.0;10808.0;10767.0;10787.8;9944.0;10676.911021841
23.10.2025;19:50:00;10787.1;10797.6;10780.0;10789.4;1080.0;10678.732911623
23.10.2025;20:00:00;10787.7;10810.7;10787.0;10796.0;2046.0;10680.536582507
23.10.2025;20:10:00;10800.0;10814.5;10793.0;10795.6;1738.0;10682.322216682
23.10.2025;20:20:00;10793.2;10794.7;10770.0;10780.9;3783.0;10684.089994515
23.10.2025;20:30:00;10780.8;10800.0;10775.0;10796.2;1778.0;10685.84009457
23.10.2025;20:40:00;10798.2;10798.2;10786.0;10787.5;1162.0;10687.572693624
23.10.2025;20:50:00;10790.3;10813.9;10790.2;10813.9;3164.0;10689.287966688
23.10.2025;21:00:00;10813.0;10816.7;10803.5;10803.5;2064.0;10690.986087021
23.10.2025;21:10:00;10803.0;10822.1;10803.0;10814.9;1659.0;10692.667226151
23.10.2025;21:20:00;10815.2;10821.6;10812.9;10821.6;1057.0;10694.331553889
23.10.2025;21:30:00;10818.8;10818.8;10796.8;10805.0;1308.0;10695.97923835
23.10.2025;21:40:00;10807.3;10809.2;10797.0;10797.1;301.0;10697.610445967
23.10.2025;21:50:00;10797.0;10799.2;10790.0;10793.5;1055.0;10699.225341507
23.10.2025;22:00:00;10793.0;10802.8;10788.4;10791.0;2186.0;10700.824088092
23.10.2025;22:10:00;10790.1;10790.1;10772.5;10772.5;1380.0;10702.406847211
23.10.2025;22:20:00;10774.6;10791.5;10770.0;10790.1;9842.0;10703.973778739
23.10.2025;22:30:00;10790.0;10790.1;10743.8;10748.8;13805.0;10705.525040952
23.10.2025;22:40:00;10750.3;10774.4;10750.3;10753.0;7325.0;10707.060790542
23.10.2025;22:50:00;10753.4;10762.6;10751.4;10752.9;1649.0;10708.581182637
23.10.2025;23:00:00;10753.7;10761.1;10740.0;10740.9;3149.0;10710.08637081
23.10.2025;23:10:00;10740.9;10744.5;10730.0;10740.2;3059.0;10711.576507102
23.10.2025;23:20:00;10743.7;10743.7;10730.0;10734.2;2435.0;10713.051742031
23.10.2025;23:30:00;10732.6;10753.0;10732.0;10753.0;1274.0;10714.512224611
23.10.2025;23:40:00;10753.0;10770.9;10743.9;10770.0;3342.0;10715.958102365
24.10.2025;08:50:00;10750.0;10750.0;10750.0;10750.0;300.0;10717.389521341
24.10.2025;09:00:00;10748.3;10748.3;10670.0;10685.6;17444.0;10859.1
24.10.2025;09:10:00;10685.5;10710.4;10677.0;10697.6;13923.0;10855.318
24.10.2025;09:20:00;10697.6;10712.7;10681.1;10708.6;5521.0;10851.61164
24.10.2025;09:30:00;10710.0;10711.1;10700.0;10704.8;2848.0;10847.9794072
24.10.2025;09:40:00;10704.4;10711.4;10694.8;10711.2;3834.0;10844.419819056
24.10.2025;09:50:00;10708.1;10713.0;10688.6;10690.7;3067.0;10840.931422675
24.10.2025;10:00:00;10695.5;10710.0;10662.1;10700.4;16772.0;10837.512794221
24.10.2025;10:10:00;10700.6;10701.0;10661.2;10670.6;12711.0;10835.758666279
24.10.2025;10:20:00;10671.0;10671.6;10632.1;10645.8;20802.0;10834.013079616
24.10.2025;10:30:00;10646.5;10650.8;10612.5;10636.4;23748.0;10831.99394882
24.10.2025;10:40:00;10636.0;10649.8;10613.2;10630.4;22017.0;10829.799009332
24.10.2025;10:50:00;10630.4;10630.8;10600.0;10620.9;18187.0;10827.626019239
24.10.2025;11:00:00;10616.7;10629.8;10594.4;10596.3;14050.0;10825.349759046
24.10.2025;11:10:00;10597.4;10598.0;10563.0;10590.5;34262.0;10823.040261456
24.10.2025;11:20:00;10590.0;10590.6;10555.5;10561.7;17733.0;10820.439858841
24.10.2025;11:30:00;10562.7;10584.3;10557.0;10573.7;10783.0;10817.790460253
24.10.2025;11:40:00;10572.7;10576.1;10557.0;10562.9;16369.0;10815.16755565
24.10.2025;11:50:00;10563.0;10586.8;10561.1;10583.0;26834.0;10812.570880094
24.10.2025;12:00:00;10580.0;10604.2;10575.1;10602.0;23925.0;10810.000171293
24.10.2025;12:10:00;10603.4;10605.0;10592.6;10598.3;6817.0;10807.45516958
24.10.2025;12:20:00;10599.8;10604.6;10591.9;10592.9;3235.0;10804.935617884
24.10.2025;12:30:00;10592.8;10600.5;10578.1;10580.8;5873.0;10802.441261705
24.10.2025;12:40:00;10579.2;10604.6;10576.8;10600.0;3992.0;10799.971849088
24.10.2025;12:50:00;10601.9;10604.0;10567.5;10582.8;9481.0;10797.527130597
24.10.2025;13:00:00;10582.8;10618.7;10580.2;10592.4;7132.0;10795.106859291
24.10.2025;13:10:00;10593.1;10606.9;10588.2;10606.0;3481.0;10792.710790699
24.10.2025;13:20:00;10600.6;10600.6;10569.4;10578.5;8511.0;10790.338682792
24.10.2025;13:30:00;10578.1;10610.2;10574.0;10602.0;15122.0;10787.990295964
24.10.2025;13:40:00;10604.8;10608.0;10545.1;10545.1;26169.0;10785.665393004
24.10.2025;13:50:00;10545.7;10553.6;10505.8;10528.2;37206.0;10783.259739074
24.10.2025;14:00:00;10527.0;10527.0;10491.8;10517.7;15633.0;10780.485141683
24.10.2025;14:10:00;10521.7;10539.3;10473.9;10478.8;26804.0;10777.598290266
24.10.2025;14:20:00;10477.5;10490.6;10436.6;10476.8;43747.0;10774.561307364
24.10.2025;14:30:00;10474.9;10490.4;10456.6;10489.0;11620.0;10771.18169429
24.10.2025;14:40:00;10489.9;10534.0;10489.3;10530.9;38468.0;10767.835877347
24.10.2025;14:50:00;10531.4;10534.0;10505.4;10515.7;8422.0;10764.523518574
24.10.2025;15:00:00;10516.7;10517.9;10493.1;10499.8;14869.0;10761.244283388
24.10.2025;15:10:00;10498.9;10508.5;10488.4;10507.1;6853.0;10757.997840554
24.10.2025;15:20:00;10505.6;10505.6;10464.5;10468.5;8689.0;10754.783862149
24.10.2025;15:30:00;10470.4;10541.4;10470.4;10516.2;40325.0;10751.602023527
24.10.2025;15:40:00;10517.4;10537.9;10500.0;10503.5;21895.0;10748.452003292
24.10.2025;15:50:00;10502.1;10540.7;10500.0;10540.7;15375.0;10745.333483259
24.10.2025;16:00:00;10541.4;10621.2;10534.0;10610.0;37715.0;10742.246148426
24.10.2025;16:10:00;10608.1;10613.9;10593.5;10609.1;26261.0;10739.189686942
24.10.2025;16:20:00;10608.3;10610.9;10593.0;10605.9;20815.0;10736.163790073
24.10.2025;16:30:00;10607.6;10611.5;10592.9;10596.7;10368.0;10733.168152172
24.10.2025;16:40:00;10595.0;10595.0;10549.2;10573.7;28272.0;10730.20247065
24.10.2025;16:50:00;10573.3;10574.9;10525.3;10532.0;16951.0;10727.266445944
24.10.2025;17:00:00;10533.1;10560.0;10514.7;10555.7;16779.0;10724.359781484
24.10.2025;17:10:00;10554.8;10605.6;10554.8;10572.9;22377.0;10721.482183669
24.10.2025;17:20:00;10571.8;10589.0;10557.6;10572.2;9264.0;10718.633361833
24.10.2025;17:30:00;10573.9;10585.0;10564.8;10577.4;4668.0;10715.813028214
24.10.2025;17:40:00;10574.3;10583.5;10533.2;10535.9;6900.0;10713.020897932
24.10.2025;17:50:00;10534.4;10559.0;10509.2;10543.6;13464.0;10710.256688953
24.10.2025;18:00:00;10545.9;10573.0;10533.2;10569.7;10247.0;10707.520122063
24.10.2025;18:10:00;10567.7;10571.6;10533.5;10541.8;6632.0;10704.810920843
24.10.2025;18:20:00;10544.9;10574.1;10544.9;10565.0;7149.0;10702.128811634
24.10.2025;18:30:00;10565.0;10575.0;10559.3;10566.9;6034.0;10699.473523518
24.10.2025;18:40:00;10567.0;10569.8;10549.3;10558.1;3398.0;10696.844788283
24.10.2025;19:00:00;10560.0;10594.3;10558.0;10591.5;2345.0;10694.2423404
24.10.2025;19:10:00;10590.6;10600.4;10580.4;10588.2;2283.0;10691.665916996
24.10.2025;19:20:00;10587.2;10608.3;10580.5;10603.5;3825.0;10689.115257826
24.10.2025;19:30:00;10607.9;10608.4;10582.0;10582.1;4685.0;10686.590105248
24.10.2025;19:40:00;10582.0;10582.0;10558.5;10570.8;6463.0;10684.090204195
24.10.2025;19:50:00;10570.8;10578.0;10553.3;10560.0;3896.0;10681.615302153
24.10.2025;20:00:00;10563.2;10588.7;10563.2;10574.7;3469.0;10679.165149132
24.10.2025;20:10:00;10572.6;10579.4;10560.7;10561.5;1015.0;10676.73949764
24.10.2025;20:20:00;10560.2;10562.8;10546.3;10550.0;3996.0;10674.338102664
24.10.2025;20:30:00;10550.1;10553.9;10538.0;10541.0;1982.0;10671.960721637
24.10.2025;20:40:00;10540.9;10543.0;10524.1;10535.9;4655.0;10669.607114421
24.10.2025;20:50:00;10537.1;10542.0;10520.2;10525.0;2200.0;10667.277043277
24.10.2025;21:00:00;10523.3;10527.4;10515.0;10522.8;1128.0;10664.970272844
24.10.2025;21:10:00;10526.0;10540.0;10516.8;10540.0;2349.0;10662.686570116
24.10.2025;21:20:00;10540.0;10545.7;10524.6;10531.1;1124.0;10660.425704414
24.10.2025;21:30:00;10535.8;10543.9;10521.2;10536.8;957.0;10658.18744737
24.10.2025;21:40:00;10536.6;10537.4;10521.0;10536.1;430.0;10655.971572897
24.10.2025;21:50:00;10538.2;10567.5;10536.5;10549.4;3908.0;10653.777857168
24.10.2025;22:00:00;10549.3;10589.8;10548.8;10561.5;5131.0;10651.606078596
24.10.2025;22:10:00;10565.0;10566.2;10555.4;10558.9;812.0;10649.45601781
24.10.2025;22:20:00;10559.1;10564.1;10548.3;10555.0;1420.0;10647.327457632
24.10.2025;22:30:00;10554.8;10554.8;10536.3;10538.0;1493.0;10645.220183056
24.10.2025;22:40:00;10538.6;10539.7;10513.2;10516.8;2416.0;10643.133981225
24.10.2025;22:50:00;10516.3;10524.5;10508.2;10509.3;4131.0;10641.068641413
24.10.2025;23:00:00;10509.8;10510.3;10501.0;10504.8;2904.0;10639.023954999
24.10.2025;23:10:00;10504.7;10512.1;10493.4;10512.1;4300.0;10636.999715449
24.10.2025;23:20:00;10507.0;10511.3;10503.0;10503.5;1445.0;10634.995718294
24.10.2025;23:30:00;10503.9;10525.0;10503.9;10520.5;3452.0;10633.011761111
24.10.2025;23:40:00;10524.9;10539.4;10524.0;10524.2;3246.0;10631.0476435
27.10.2025;08:50:00;10488.9;10488.9;10488.9;10488.9;380.0;10629.103167065
27.10.2025;09:00:00;10488.4;10509.0;10385.1;10404.5;23992.0;10627.178135394
27.10.2025;09:10:00;10404.5;10419.5;10400.0;10418.6;3979.0;10624.757354041
27.10.2025;09:20:00;10418.6;10424.3;10402.0;10421.8;6716.0;10622.3607805
27.10.2025;09:30:00;10421.8;10423.8;10374.6;10385.8;11640.0;10619.988172695
27.10.2025;09:40:00;10385.8;10395.0;10383.0;10386.7;5873.0;10617.534290968
27.10.2025;09:50:00;10385.0;10387.5;10350.0;10372.7;16947.0;10615.104948058
27.10.2025;10:00:00;10375.6;10386.7;10295.2;10296.4;52245.0;10612.453898578
27.10.2025;10:10:00;10296.0;10299.9;10274.2;10296.8;21711.0;10609.281359592
27.10.2025;10:20:00;10297.7;10299.8;10285.1;10296.7;20426.0;10605.930545996
27.10.2025;10:30:00;10296.7;10324.9;10291.2;10315.9;16803.0;10602.613240536
27.10.2025;10:40:00;10314.9;10329.0;10310.0;10327.2;8009.0;10599.329108131
27.10.2025;10:50:00;10324.7;10337.3;10317.3;10324.4;12140.0;10596.07781705
27.10.2025;11:00:00;10324.5;10332.9;10316.9;10327.2;14607.0;10592.859038879
27.10.2025;11:10:00;10327.4;10348.0;10317.2;10343.5;10274.0;10589.67244849
27.10.2025;11:20:00;10342.0;10342.7;10311.1;10311.1;12576.0;10586.517724005
27.10.2025;11:30:00;10311.0;10320.0;10300.0;10314.6;14501.0;10583.394546765
27.10.2025;11:40:00;10315.4;10326.9;10302.3;10310.1;19429.0;10580.302601298
27.10.2025;11:50:00;10309.8;10318.9;10237.4;10284.6;44136.0;10577.241575285
27.10.2025;12:00:00;10285.0;10304.6;10253.0;10253.0;35198.0;10573.843159532
27.10.2025;12:10:00;10252.3;10271.4;10238.2;10271.2;12927.0;10570.478727937
27.10.2025;12:20:00;10270.3;10285.4;10258.0;10263.1;6662.0;10567.147940657
27.10.2025;12:30:00;10260.3;10309.0;10260.1;10286.1;11995.0;10563.850461251
27.10.2025;12:40:00;10286.4;10305.2;10280.5;10287.8;8701.0;10560.585956638
27.10.2025;12:50:00;10287.7;10310.0;10281.3;10298.6;21040.0;10557.354097072
27.10.2025;13:00:00;10298.6;10299.2;10281.6;10296.2;8833.0;10554.154556101
27.10.2025;13:10:00;10294.9;10296.2;10279.2;10286.4;9112.0;10550.98701054
27.10.2025;13:20:00;10285.0;10293.5;10271.0;10271.2;6342.0;10547.851140435
27.10.2025;13:30:00;10273.8;10295.1;10258.9;10286.6;8496.0;10544.74662903
27.10.2025;13:40:00;10284.2;10289.3;10264.4;10267.4;5788.0;10541.67316274
27.10.2025;13:50:00;10266.2;10273.4;10263.3;10265.7;3569.0;10538.630431113
27.10.2025;14:00:00;10268.1;10274.0;10259.1;10266.2;3756.0;10535.618126801
27.10.2025;14:10:00;10266.3;10268.4;10241.0;10245.4;13665.0;10532.635945533
27.10.2025;14:20:00;10247.6;10247.9;10226.7;10226.9;10699.0;10529.683586078
27.10.2025;14:30:00;10227.0;10235.0;10207.5;10212.3;9851.0;10526.653750217
27.10.2025;14:40:00;10210.7;10259.9;10210.6;10247.9;14658.0;10523.462212715
27.10.2025;14:50:00;10247.4;10259.5;10246.3;10253.9;6844.0;10520.302590588
27.10.2025;15:00:00;10249.3;10287.5;10249.3;10273.7;18716.0;10517.174564682
27.10.2025;15:10:00;10275.8;10280.6;10255.9;10272.8;7659.0;10514.077819035
27.10.2025;15:20:00;10272.8;10282.0;10264.2;10270.2;13062.0;10511.012040845
27.10.2025;15:30:00;10270.2;10277.9;10252.9;10271.3;9604.0;10507.976920436
27.10.2025;15:40:00;10272.5;10289.2;10271.3;10289.1;7324.0;10504.972151232
27.10.2025;15:50:00;10289.6;10304.0;10279.2;10303.0;15487.0;10501.99742972
27.10.2025;16:00:00;10304.0;10316.8;10285.3;10293.7;11112.0;10499.052455423
27.10.2025;16:10:00;10293.8;10298.2;10272.1;10278.1;9748.0;10496.136930868
27.10.2025;16:20:00;10278.4;10298.1;10262.8;10266.3;13200.0;10493.25056156
27.10.2025;16:30:00;10266.3;10293.6;10245.0;10279.7;14052.0;10490.393055944
27.10.2025;16:40:00;10277.8;10277.8;10231.0;10237.5;13106.0;10487.564125385
27.10.2025;16:50:00;10235.8;10258.9;10225.7;10240.0;11243.0;10484.763484131
27.10.2025;17:00:00;10240.0;10242.6;10164.0;10187.9;35443.0;10481.990849289
27.10.2025;17:10:00;10185.3;10186.8;10114.8;10125.0;62258.0;10478.810940797
27.10.2025;17:20:00;10124.7;10179.0;10090.8;10165.7;78045.0;10475.170831389
27.10.2025;17:30:00;10162.6;10164.6;10109.2;10121.8;25507.0;10471.327123075
27.10.2025;17:40:00;10122.0;10150.0;10121.9;10139.2;10984.0;10467.521851844
27.10.2025;17:50:00;10139.3;10144.0;10110.0;10117.0;13049.0;10463.754633326
27.10.2025;18:00:00;10117.9;10122.7;10102.9;10107.3;23879.0;10460.025086992
27.10.2025;18:10:00;10107.6;10129.7;10104.2;10127.8;11739.0;10456.332836122
27.10.2025;18:20:00;10124.3;10171.3;10117.6;10161.1;19636.0;10452.677507761
27.10.2025;18:30:00;10162.8;10218.9;10162.8;10205.5;21376.0;10449.058732684
27.10.2025;18:40:00;10205.1;10230.0;10204.3;10225.9;11933.0;10445.476145357
27.10.2025;19:00:00;10227.9;10245.3;10221.0;10230.6;6291.0;10441.929383903
27.10.2025;19:10:00;10230.6;10240.2;10220.5;10226.3;5716.0;10438.418090064
27.10.2025;19:20:00;10226.3;10240.0;10213.4;10213.4;6860.0;10434.941909163
27.10.2025;19:30:00;10214.4;10267.2;10209.6;10262.4;6920.0;10431.500490072
27.10.2025;19:40:00;10262.5;10271.0;10241.7;10241.7;5552.0;10428.093485171
27.10.2025;19:50:00;10241.7;10262.7;10235.2;10257.1;4027.0;10424.720550319
27.10.2025;20:00:00;10258.5;10286.4;10258.0;10266.7;9218.0;10421.381344816
27.10.2025;20:10:00;10263.3;10276.6;10252.3;10256.5;2766.0;10418.075531368
27.10.2025;20:20:00;10256.0;10281.0;10246.5;10279.6;5068.0;10414.802776054
27.10.2025;20:30:00;10280.8;10290.0;10258.5;10269.8;3376.0;10411.562748294
27.10.2025;20:40:00;10268.4;10286.5;10265.0;10283.3;2628.0;10408.355120811
27.10.2025;20:50:00;10283.1;10290.8;10276.7;10285.0;3342.0;10405.179569603
27.10.2025;21:00:00;10283.4;10288.6;10279.2;10284.3;4730.0;10402.035773907
27.10.2025;21:10:00;10284.3;10290.3;10274.7;10288.9;3410.0;10398.923416168
27.10.2025;21:20:00;10288.9;10296.9;10278.6;10281.9;3407.0;10395.842182006
27.10.2025;21:30:00;10281.9;10285.5;10260.2;10261.8;4161.0;10392.791760186
27.10.2025;21:40:00;10262.4;10277.5;10258.4;10274.2;1577.0;10389.771842584
27.10.2025;21:50:00;10274.2;10283.3;10255.0;10256.0;1769.0;10386.782124158
27.10.2025;22:00:00;10256.0;10273.4;10245.3;10260.6;2721.0;10383.822302917
27.10.2025;22:10:00;10262.3;10266.7;10252.0;10252.0;784.0;10380.892079887
27.10.2025;22:20:00;10253.3;10253.9;10226.5;10226.5;2779.0;10377.991159089
27.10.2025;22:30:00;10228.4;10235.1;10224.5;10233.6;2308.0;10375.119247498
27.10.2025;22:40:00;10229.3;10241.8;10223.0;10233.7;2137.0;10372.276055023
27.10.2025;22:50:00;10237.5;10238.8;10228.5;10233.9;852.0;10369.461294473
27.10.2025;23:00:00;10235.3;10249.7;10233.3;10233.3;2030.0;10366.674681528
27.10.2025;23:10:00;10233.9;10248.2;10233.8;10248.2;404.0;10363.915934713
27.10.2025;23:20:00;10248.4;10272.3;10248.4;10266.5;2932.0;10361.184775365
27.10.2025;23:30:00;10266.1;10273.3;10236.7;10237.0;1568.0;10358.480927612
27.10.2025;23:40:00;10237.0;10237.9;10205.1;10206.0;3789.0;10355.804118336
28.10.2025;08:50:00;10173.0;10173.0;10173.0;10173.0;210.0;10353.154077152
28.10.2025;09:00:00;10173.0;10173.0;10111.1;10114.3;20591.0;10350.530536381
28.10.2025;09:10:00;10111.6;10124.0;10052.9;10121.7;24312.0;10347.933231017
28.10.2025;09:20:00;10124.4;10139.7;10094.6;10094.6;10361.0;10344.982898707
28.10.2025;09:30:00;10093.4;10108.7;10085.8;10101.0;6138.0;10342.06206972
28.10.2025;09:40:00;10097.9;10099.5;10073.1;10094.2;7727.0;10339.170449022
28.10.2025;09:50:00;10092.9;10135.0;10070.4;10134.8;16925.0;10336.307744532
28.10.2025;10:00:00;10134.8;10168.0;10113.7;10126.8;27820.0;10333.473667087
28.10.2025;10:10:00;10124.2;10126.7;10095.2;10104.5;11490.0;10330.667930416
28.10.2025;10:20:00;10104.5;10109.0;10067.1;10074.6;20471.0;10327.890251112
28.10.2025;10:30:00;10073.3;10077.8;10047.1;10070.7;14940.0;10325.140348601
28.10.2025;10:40:00;10070.8;10113.3;10064.9;10110.0;13714.0;10322.359945115
28.10.2025;10:50:00;10113.8;10122.1;10099.4;10103.0;32831.0;10319.607345664
28.10.2025;11:00:00;10105.3;10122.0;10096.6;10100.7;12206.0;10316.882272207
28.10.2025;11:10:00;10101.0;10113.4;10096.4;10112.8;14245.0;10314.184449485
28.10.2025;11:20:00;10112.8;10115.4;10082.1;10093.0;32479.0;10311.51360499
28.10.2025;11:30:00;10093.4;10107.9;10072.1;10076.8;15923.0;10308.86946894
28.10.2025;11:40:00;10077.0;10084.9;10056.7;10078.7;14133.0;10306.251774251
28.10.2025;11:50:00;10078.2;10095.0;10053.1;10053.1;17783.0;10303.660256508
28.10.2025;12:00:00;10055.8;10075.8;10024.6;10029.9;30154.0;10301.094653943
28.10.2025;12:10:00;10030.5;10065.2;10023.0;10061.8;15525.0;10298.329707404
28.10.2025;12:20:00;10060.3;10064.9;10026.0;10030.4;20800.0;10295.57641033
28.10.2025;12:30:00;10030.2;10041.8;10014.0;10022.2;22691.0;10292.850646226
28.10.2025;12:40:00;10022.3;10047.9;10017.1;10017.1;23325.0;10290.062139764
28.10.2025;12:50:00;10018.4;10039.8;10016.0;10035.2;16813.0;10287.301518367
28.10.2025;13:00:00;10036.5;10052.0;10036.4;10037.8;10090.0;10284.568503183
28.10.2025;13:10:00;10037.8;10039.0;10018.3;10023.0;13215.0;10281.862818151
28.10.2025;13:20:00;10021.1;10030.0;10015.0;10021.5;7577.0;10279.18418997
28.10.2025;13:30:00;10023.7;10046.1;10018.9;10040.2;14236.0;10276.53234807
28.10.2025;13:40:00;10040.3;10065.9;10030.0;10061.9;10661.0;10273.907024589
28.10.2025;13:50:00;10062.0;10069.2;10036.0;10044.3;14949.0;10271.307954343
28.10.2025;14:00:00;10042.2;10046.5;10017.3;10023.2;16484.0;10268.7348748
28.10.2025;14:10:00;10023.7;10029.8;10008.0;10023.6;17116.0;10266.187526052
28.10.2025;14:20:00;10023.6;10042.9;10012.0;10025.2;11706.0;10263.605650791
28.10.2025;14:30:00;10024.2;10034.4;10021.4;10030.2;21357.0;10261.049594283
28.10.2025;14:40:00;10031.1;10037.3;10017.2;10032.3;10125.0;10258.519098341
28.10.2025;14:50:00;10035.4;10043.2;10020.3;10023.9;6478.0;10256.013907357
28.10.2025;15:00:00;10024.1;10040.0;10020.8;10030.8;3688.0;10253.533768284
28.10.2025;15:10:00;10031.0;10069.5;10028.4;10069.5;12429.0;10251.078430601
28.10.2025;15:20:00;10067.2;10067.2;10034.2;10035.0;9796.0;10248.647646295
28.10.2025;15:30:00;10034.3;10038.3;10015.0;10019.6;8200.0;10246.241169832
28.10.2025;15:40:00;10021.1;10021.1;9970.0;9971.4;36011.0;10243.858758133
28.10.2025;15:50:00;9971.0;9998.0;9958.6;9981.3;35364.0;10241.120170552
28.10.2025;16:00:00;9981.4;10025.4;9981.4;10009.3;16218.0;10238.294968847
28.10.2025;16:10:00;10009.0;10034.4;9998.1;10032.1;13237.0;10235.498019158
28.10.2025;16:20:00;10034.0;10035.0;10002.6;10022.0;8523.0;10232.729038967
28.10.2025;16:30:00;10021.9;10025.5;9999.9;10011.4;10987.0;10229.987748577
28.10.2025;16:40:00;10011.4;10029.9;9986.4;10027.5;10099.0;10227.273871091
28.10.2025;16:50:00;10027.0;10048.3;10020.7;10047.8;14836.0;10224.58713238
28.10.2025;17:00:00;10048.0;10067.5;10046.6;10054.9;19590.0;10221.927261056
28.10.2025;17:10:00;10053.7;10070.0;10036.9;10062.9;14054.0;10219.293988446
28.10.2025;17:20:00;10063.9;10087.0;10063.6;10081.1;24089.0;10216.687048561
28.10.2025;17:30:00;10082.5;10099.0;10056.3;10059.5;16904.0;10214.106178076
28.10.2025;17:40:00;10060.0;10085.3;10051.4;10083.4;10044.0;10211.551116295
28.10.2025;17:50:00;10086.3;10091.7;10064.0;10066.5;8580.0;10209.021605132
28.10.2025;18:00:00;10066.2;10081.7;10064.8;10075.8;3747.0;10206.517389081
28.10.2025;18:10:00;10079.0;10090.1;10075.8;10081.1;8363.0;10204.03821519
28.10.2025;18:20:00;10080.8;10081.7;10066.3;10071.2;6745.0;10201.583833038
28.10.2025;18:30:00;10070.5;10085.1;10067.2;10076.9;9273.0;10199.153994708
28.10.2025;18:40:00;10076.5;10097.6;10076.5;10083.0;6565.0;10196.748454761
28.10.2025;19:00:00;10085.1;10098.4;10069.6;10084.6;4732.0;10194.366970213
28.10.2025;19:10:00;10084.6;10100.0;10079.2;10094.3;4939.0;10192.009300511
28.10.2025;19:20:00;10096.9;10100.0;10092.7;10098.9;3410.0;10189.675207506
28.10.2025;19:30:00;10098.9;10106.3;10075.6;10086.7;5949.0;10187.364455431
28.10.2025;19:40:00;10086.0;10088.7;10071.2;10076.8;4635.0;10185.076810876
28.10.2025;19:50:00;10075.7;10089.7;10068.4;10081.0;5103.0;10182.812042768
28.10.2025;20:00:00;10080.7;10110.0;10077.3;10108.4;4327.0;10180.56992234
28.10.2025;20:10:00;10109.2;10129.1;10102.1;10117.0;8820.0;10178.350223117
28.10.2025;20:20:00;10117.0;10127.0;10109.6;10118.5;3638.0;10176.152720885
28.10.2025;20:30:00;10119.8;10122.7;10102.0;10103.9;3146.0;10173.977193677
28.10.2025;20:40:00;10105.0;10112.9;10095.0;10095.0;2508.0;10171.82342174
28.10.2025;20:50:00;10095.0;10110.0;10082.4;10109.1;3441.0;10169.691187522
28.10.2025;21:00:00;10107.5;10110.0;10085.6;10088.2;1887.0;10167.580275647
28.10.2025;21:10:00;10089.5;10096.3;10086.1;10086.1;1401.0;10165.490472891
28.10.2025;21:20:00;10088.6;10099.9;10082.4;10083.7;1452.0;10163.421568162
28.10.2025;21:30:00;10083.0;10084.3;10051.5;10059.6;7319.0;10161.37335248
28.10.2025;21:40:00;10056.0;10075.6;10055.6;10075.0;4420.0;10159.345618955
28.10.2025;21:50:00;10074.9;10091.5;10074.0;10087.1;2621.0;10157.338162766
28.10.2025;22:00:00;10084.2;10094.7;10083.7;10094.6;2057.0;10155.350781138
28.10.2025;22:10:00;10090.2;10094.1;10077.3;10085.0;2140.0;10153.383273327
28.10.2025;22:20:00;10082.5;10082.5;10070.0;10073.2;2390.0;10151.435440593
28.10.2025;22:30:00;10073.0;10081.1;10068.0;10075.3;1459.0;10149.507086188
28.10.2025;22:40:00;10077.5;10080.2;10070.5;10080.0;1702.0;10147.598015326
28.10.2025;22:50:00;10079.5;10100.0;10076.3;10095.0;3511.0;10145.708035172
28.10.2025;23:00:00;10093.8;10098.3;10072.1;10076.8;1670.0;10143.836954821
28.10.2025;23:10:00;10079.4;10082.2;10074.4;10079.2;2149.0;10141.984585272
28.10.2025;23:20:00;10079.0;10079.1;10065.6;10069.1;1016.0;10140.15073942
28.10.2025;23:30:00;10068.6;10089.2;10066.7;10079.4;1211.0;10138.335232026
28.10.2025;23:40:00;10079.4;10085.5;10075.3;10085.5;1653.0;10136.537879705
29.10.2025;08:50:00;10099.0;10099.0;10099.0;10099.0;190.0;10134.758500908
29.10.2025;09:00:00;10100.0;10126.9;10090.7;10120.0;9053.0;10132.996915899
29.10.2025;09:10:00;10120.0;10134.7;10116.3;10124.0;6929.0;9958.6
29.10.2025;09:20:00;10122.3;10159.2;10115.2;10158.0;11011.0;9962.122
29.10.2025;09:30:00;10158.0;10198.9;10158.0;10178.3;13678.0;9964.09278
29.10.2025;09:40:00;10178.3;10206.0;10178.0;10191.4;9933.0;9966.4408522
29.10.2025;09:50:00;10189.2;10189.2;10165.1;10170.6;7648.0;9968.836443678
29.10.2025;10:00:00;10170.0;10203.0;10148.2;10182.5;33273.0;9971.2080792412
29.10.2025;10:10:00;10183.0;10200.0;10177.2;10179.0;38494.0;9973.5559984488
29.10.2025;10:20:00;10179.6;10195.4;10174.8;10190.0;15481.0;9975.8804384643
29.10.2025;10:30:00;10192.3;10194.2;10149.6;10159.7;12566.0;9978.1816340797
29.10.2025;10:40:00;10155.4;10179.0;10153.8;10178.6;11778.0;9980.4598177389
29.10.2025;10:50:00;10177.1;10186.0;10171.8;10185.5;7780.0;9982.7152195615
29.10.2025;11:00:00;10185.5;10215.4;10181.7;10215.0;24772.0;9984.9480673659
29.10.2025;11:10:00;10215.3;10230.0;10208.5;10230.0;29509.0;9987.2525866922
29.10.2025;11:20:00;10229.1;10234.4;10218.9;10225.0;14043.0;9989.6800608253
29.10.2025;11:30:00;10225.0;10234.3;10218.9;10222.6;9947.0;9992.127260217
29.10.2025;11:40:00;10224.9;10235.8;10224.5;10231.8;12857.0;9994.5499876149
29.10.2025;11:50:00;10233.0;10237.3;10229.7;10234.5;16697.0;9996.9624877387
29.10.2025;12:00:00;10234.2;10263.7;10234.2;10254.6;17486.0;9999.3658628613
29.10.2025;12:10:00;10255.6;10258.4;10236.8;10257.0;8682.0;10002.009204233
29.10.2025;12:20:00;10255.4;10259.3;10245.5;10245.5;3992.0;10004.62611219
29.10.2025;12:30:00;10248.5;10270.0;10246.5;10258.9;8637.0;10007.216851068
29.10.2025;12:40:00;10263.6;10299.0;10258.1;10298.1;9826.0;10009.844682558
29.10.2025;12:50:00;10298.2;10311.0;10293.2;10300.0;19689.0;10012.736235732
29.10.2025;13:00:00;10300.0;10317.8;10286.0;10303.8;17521.0;10015.718873375
29.10.2025;13:10:00;10306.7;10333.1;10295.1;10332.7;14255.0;10018.739684641
29.10.2025;13:20:00;10332.8;10342.8;10327.1;10327.3;21336.0;10021.883287795
29.10.2025;13:30:00;10328.0;10338.1;10293.0;10338.1;18168.0;10025.092454917
29.10.2025;13:40:00;10337.7;10343.0;10325.3;10334.3;11166.0;10028.269530368
29.10.2025;13:50:00;10332.9;10342.8;10325.4;10335.1;7241.0;10031.416835064
29.10.2025;14:00:00;10338.3;10342.9;10330.1;10337.6;2549.0;10034.532666713
29.10.2025;14:10:00;10337.2;10337.7;10298.6;10303.8;15555.0;10037.617340046
29.10.2025;14:20:00;10303.8;10315.9;10303.6;10305.8;10192.0;10040.671166646
29.10.2025;14:30:00;10306.0;10309.3;10285.5;10297.9;8036.0;10043.694454979
29.10.2025;14:40:00;10297.6;10307.3;10286.7;10290.3;4152.0;10046.687510429
29.10.2025;14:50:00;10290.5;10310.1;10289.1;10307.7;5125.0;10049.650635325
29.10.2025;15:00:00;10306.2;10316.0;10300.0;10300.0;7215.0;10052.584128972
29.10.2025;15:10:00;10301.0;10344.4;10297.1;10329.7;10706.0;10055.488287682
29.10.2025;15:20:00;10326.8;10338.2;10313.6;10318.2;9680.0;10058.377404805
29.10.2025;15:30:00;10318.9;10337.4;10318.9;10321.9;4535.0;10061.237630757
29.10.2025;15:40:00;10322.0;10327.1;10306.9;10316.7;5136.0;10064.06925445
29.10.2025;15:50:00;10315.8;10328.8;10315.8;10322.7;2787.0;10066.872561905
29.10.2025;16:00:00;10321.3;10322.4;10302.3;10309.3;8283.0;10069.647836286
29.10.2025;16:10:00;10308.1;10320.4;10298.0;10310.7;9169.0;10072.395357923
29.10.2025;16:20:00;10309.9;10321.9;10302.1;10315.0;2535.0;10075.115404344
29.10.2025;16:30:00;10315.6;10315.7;10291.1;10291.9;8641.0;10077.808250301
29.10.2025;16:40:00;10291.9;10295.8;10281.4;10289.4;15337.0;10080.474167798
29.10.2025;16:50:00;10288.5;10309.3;10287.1;10307.5;10939.0;10083.11342612
29.10.2025;17:00:00;10306.9;10330.0;10305.3;10324.5;11902.0;10085.726291858
29.10.2025;17:10:00;10324.4;10327.7;10312.7;10323.3;8504.0;10088.31302894
29.10.2025;17:20:00;10323.2;10324.4;10315.2;10321.8;3487.0;10090.873898651
29.10.2025;17:30:00;10321.8;10330.3;10292.6;10299.1;18277.0;10093.409159664
29.10.2025;17:40:00;10300.6;10305.6;10284.4;10292.2;23364.0;10095.919068067
29.10.2025;17:50:00;10293.2;10297.6;10281.1;10288.0;7472.0;10098.403877387
29.10.2025;18:00:00;10286.5;10314.3;10282.3;10313.4;6543.0;10100.863838613
29.10.2025;18:10:00;10314.6;10319.0;10287.6;10292.8;10031.0;10103.299200227
29.10.2025;18:20:00;10291.2;10300.0;10284.3;10293.6;3238.0;10105.710208224
29.10.2025;18:30:00;10292.7;10303.8;10286.1;10293.8;5832.0;10108.097106142
29.10.2025;18:40:00;10293.7;10295.7;10271.2;10277.0;11832.0;10110.460135081
29.10.2025;19:00:00;10271.1;10281.1;10240.5;10269.1;6858.0;10112.79953373
29.10.2025;19:10:00;10269.0;10284.6;10260.0;10281.9;5138.0;10115.115538393
29.10.2025;19:20:00;10282.6;10284.4;10270.4;10273.0;2550.0;10117.408383009
29.10.2025;19:30:00;10273.7;10286.4;10267.0;10269.1;2200.0;10119.678299179
29.10.2025;19:40:00;10268.2;10278.9;10261.7;10275.0;1794.0;10121.925516187
29.10.2025;19:50:00;10278.7;10280.0;10266.0;10270.0;2906.0;10124.150261025
